[Licensing::Module] Trying to connect to existing licensing client channel...
Built from '6000.3/staging' branch; Version is '6000.3.20f1 (c9ba695d4f07) revision 13220457'; Using compiler version '194234433'; Build Type 'Release'
[Licensing::IpcConnector] Successfully connected to: "LicenseClient-S24133945" at "2026-09-30T14:29:26.7144507Z"
OS: 'Windows 11  (10.0.26200) Enterprise' Language: 'en' Physical Memory: 15993 MB
BatchMode: 1, IsHumanControllingUs: 0, StartBugReporterOnCrash: 0, Is64bit: 1
System  architecture: x64
Process architecture: x64
Date: 2026-09-30T14:29:26Z
[Licensing::Client] Code 10 while verifying Licensing Client signature (process Id: 17448, path: "C:/Program Files/Unity Hub/UnityLicensingClient_V1/Unity.Licensing.Client.exe")
[Licensing::Module] LicensingClient has failed validation; ignoring
[Licensing::Client] Handshaking with LicensingClient:
  Version:                 1.18.3+d7ffd15
  Session Id:              74e5f20ccf9a4ec4959491ff941daeee
  Correlation Id:          66c6ae712eae5296252f74215d6934f6
  External correlation Id: 4247009348555789889
  Machine Id:              jYvlc2p2elyP3ZqfQNXMsoOtsHo=
[Licensing::Module] Successfully connected to LicensingClient on channel: "LicenseClient-S24133945" (connect: 0.00s, validation: 0.00s, handshake: 0.17s)
[Licensing::IpcConnector] Successfully connected to: "LicenseClient-S24133945-notifications" at "2026-09-30T14:29:26.8892699Z"
[Licensing::Module] Licensing Background thread has ended after 0.18s

COMMAND LINE ARGUMENTS:
C:\Program Files\Unity\Hub\Editor\6000.3.20f1\Editor\Unity.exe
-adb2
-batchMode
-noUpm
-name
AssetImportWorker2
-projectPath
C:/Users/S24133945/Downloads/DotCrossProductLab
-logFile
Logs/AssetImportWorker2.log
-srvPort
54397
-parentPid
22492
-analyticsCloudUserId
5773743181079
-analyticsCloudProjectId
-analyticsLocalProjectId
274636a49fff5ce40a683aa2fd45d6bb
-licensingIpc
LicenseClient-S24133945
-job-worker-count
7
-background-job-worker-count
8
-gc-helper-count
1
-name
AssetImport
Successfully changed project path to: C:/Users/S24133945/Downloads/DotCrossProductLab
C:/Users/S24133945/Downloads/DotCrossProductLab
[UnityMemory] Configuration Parameters - Can be set up in boot.config
    "memorysetup-temp-allocator-size-nav-mesh-worker=65536"
    "memorysetup-temp-allocator-size-audio-worker=65536"
    "memorysetup-temp-allocator-size-gfx=262144"
    "memorysetup-allocator-temp-initial-block-size-main=262144"
    "memorysetup-allocator-temp-initial-block-size-worker=262144"
    "memorysetup-temp-allocator-size-background-worker=32768"
    "memorysetup-temp-allocator-size-job-worker=262144"
    "memorysetup-temp-allocator-size-preload-manager=33554432"
    "memorysetup-temp-allocator-size-gi-baking-worker=262144"
    "memorysetup-temp-allocator-size-gi-baking-worker=262144"
    "memorysetup-temp-allocator-size-gi-baking-worker=262144"
    "memorysetup-temp-allocator-size-gi-baking-worker=262144"
    "memorysetup-temp-allocator-size-gi-baking-worker=262144"
    "memorysetup-bucket-allocator-granularity=16"
    "memorysetup-bucket-allocator-bucket-count=8"
    "memorysetup-bucket-allocator-block-size=33554432"
    "memorysetup-bucket-allocator-block-count=8"
    "memorysetup-main-allocator-block-size=16777216"
    "memorysetup-thread-allocator-block-size=16777216"
    "memorysetup-gfx-main-allocator-block-size=16777216"
    "memorysetup-gfx-thread-allocator-block-size=16777216"
    "memorysetup-cache-allocator-block-size=4194304"
    "memorysetup-typetree-allocator-block-size=2097152"
    "memorysetup-profiler-bucket-allocator-granularity=16"
    "memorysetup-profiler-bucket-allocator-bucket-count=8"
    "memorysetup-profiler-bucket-allocator-block-size=33554432"
    "memorysetup-profiler-bucket-allocator-block-count=8"
    "memorysetup-profiler-allocator-block-size=16777216"
    "memorysetup-profiler-editor-allocator-block-size=1048576"
    "memorysetup-temp-allocator-size-main=16777216"
    "memorysetup-job-temp-allocator-block-size=2097152"
    "memorysetup-job-temp-allocator-block-size-background=1048576"
    "memorysetup-job-temp-allocator-reduction-small-platforms=262144"
    "memorysetup-temp-allocator-size-cloud-worker=32768"
Player connection [15044]  Target information:

Player connection [15044]  * "[IP] 10.162.34.231 [Port] 0 [Flags] 2 [Guid] 2525037986 [EditorId] 2525037986 [Version] 1048832 [Id] WindowsEditor(7,BCUD2-029837) [Debug] 1 [PackageName] WindowsEditor [ProjectName] Editor" 

Player connection [15044] Host joined multi-casting on [225.0.0.222:54997]...
Player connection [15044] Host joined alternative multi-casting on [225.0.0.222:34997]...
JobSystem: Creating JobQueue using job-worker-count value 7
Input System module state changed to: Initialized.
[Physics::Module] Initialized fallback backend.
[Physics::Module] Id: 0xdecafbad
Library Redirect Path: Library/
[Physics::Module] Selected backend.
[Physics::Module] Name: PhysX
[Physics::Module] Id: 0xf2b8ea05
[Physics::Module] SDK Version: 4.1.2
[Physics::Module] Integration Version: 1.0.0
[Physics::Module] Threading Mode: Multi-Threaded
Refreshing native plugins compatible for Editor in 11.48 ms, found 4 plugins.
Preloading 0 native plugins for Editor in 0.00 ms.
Initialize engine version: 6000.3.20f1 (c9ba695d4f07)
[Subsystems] Discovering subsystems at path C:/Program Files/Unity/Hub/Editor/6000.3.20f1/Editor/Data/Resources/UnitySubsystems
[Subsystems] Discovering subsystems at path C:/Users/S24133945/Downloads/DotCrossProductLab/Assets
GfxDevice: creating device client; kGfxThreadingModeNonThreaded
Direct3D:
    Version:  Direct3D 11.0 [level 11.1]
    Renderer: NVIDIA RTX A2000 (ID=0x2531)
    Vendor:   NVIDIA
    VRAM:     5990 MB
    Driver:   32.0.15.9651
Initialize mono
Mono path[0] = 'C:/Program Files/Unity/Hub/Editor/6000.3.20f1/Editor/Data/Managed'
Mono path[1] = 'C:/Program Files/Unity/Hub/Editor/6000.3.20f1/Editor/Data/MonoBleedingEdge/lib/mono/unityjit-win32'
Mono config path = 'C:/Program Files/Unity/Hub/Editor/6000.3.20f1/Editor/Data/MonoBleedingEdge/etc'
Using monoOptions --debugger-agent=transport=dt_socket,embedding=1,server=y,suspend=n,address=127.0.0.1:56144
Begin MonoManager ReloadAssembly
Registering precompiled unity dll's ...
Register platform support module: C:/Program Files/Unity/Hub/Editor/6000.3.20f1/Editor/Data/PlaybackEngines/WebGLSupport/UnityEditor.WebGL.Extensions.dll
Register platform support module: C:/Program Files/Unity/Hub/Editor/6000.3.20f1/Editor/Data/PlaybackEngines/MacStandaloneSupport/UnityEditor.OSXStandalone.Extensions.dll
[Licensing::Client] Successfully resolved entitlement details
[Licensing::Module] License group:
  Id: E4-TQ3V-RKKB-P4AW-9U84-XXXX
  Product: Unity Education
  Type: ULF
  Expiration: 2027-10-24T09:22:24Z
Register platform support module: C:/Program Files/Unity/Hub/Editor/6000.3.20f1/Editor/Data/PlaybackEngines/VisionOSPlayer/UnityEditor.VisionOS.Extensions.dll
Register platform support module: C:/Program Files/Unity/Hub/Editor/6000.3.20f1/Editor/Data/PlaybackEngines/WindowsStandaloneSupport/UnityEditor.WindowsStandalone.Extensions.dll
[Licensing::Client] Successfully resolved entitlement details
Register platform support module: C:/Program Files/Unity/Hub/Editor/6000.3.20f1/Editor/Data/PlaybackEngines/MetroSupport/UnityEditor.UWP.Extensions.dll
[Licensing::Client] Successfully resolved entitlement details
Register platform support module: C:/Program Files/Unity/Hub/Editor/6000.3.20f1/Editor/Data/PlaybackEngines/AndroidPlayer/UnityEditor.Android.Extensions.dll
Register platform support module: C:/Program Files/Unity/Hub/Editor/6000.3.20f1/Editor/Data/PlaybackEngines/iOSSupport/UnityEditor.iOS.Extensions.dll
Register platform support module: C:/Program Files/Unity/Hub/Editor/6000.3.20f1/Editor/Data/PlaybackEngines/AppleTVSupport/UnityEditor.AppleTV.Extensions.dll
Register platform support module: C:/Program Files/Unity/Hub/Editor/6000.3.20f1/Editor/Data/PlaybackEngines/LinuxStandaloneSupport/UnityEditor.LinuxStandalone.Extensions.dll
Registered in 0.029938 seconds.
- Loaded All Assemblies, in  0.809 seconds
Native extension for LinuxStandalone target not found
[usbmuxd] Start listen thread
[usbmuxd] Listen thread started
Native extension for AppleTV target not found
[usbmuxd] Start listen thread
[usbmuxd] Listen thread started
Native extension for iOS target not found
Native extension for Android target not found
Native extension for UWP target not found
Native extension for WindowsStandalone target not found
Failed to load: C:/Program Files/Unity/Hub/Editor/6000.3.20f1/Editor/Data/PlaybackEngines/VisionOSPlayer\x64\UnityEditor.VisionOS.Native.dll
Native extension for VisionOS target not found
Native extension for OSXStandalone target not found
Native extension for WebGL target not found
Package Manager log level set to [2]
[Package Manager] Failed to launch server process. Reason: Unity was launched with the -noUpm command-line argument
[Package Manager] Unable to send message (not connected to server process).
[Package Manager] Cannot connect to Unity Package Manager local server
[Package Manager] Failed to launch server process. Reason: Unity was launched with the -noUpm command-line argument
[Package Manager] Unable to send message (not connected to server process).
[Package Manager] Cannot connect to Unity Package Manager local server
ScheduleIndexationOnStartup MainProcess:False IndexOnStartup:True
Mono: successfully reloaded assembly
- Finished resetting the current domain, in  0.748 seconds
Domain Reload Profiling: 1549ms
	BeginReloadAssembly (238ms)
		ExecutionOrderSort (0ms)
		DisableScriptedObjects (0ms)
		BackupInstance (0ms)
		ReleaseScriptingObjects (0ms)
		CreateAndSetChildDomain (1ms)
	RebuildCommonClasses (62ms)
	RebuildNativeTypeToScriptingClass (19ms)
	initialDomainReloadingComplete (106ms)
	LoadAllAssembliesAndSetupDomain (375ms)
		LoadAssemblies (237ms)
		RebuildTransferFunctionScriptingTraits (0ms)
		AnalyzeDomain (362ms)
			TypeCache.Refresh (359ms)
				TypeCache.ScanAssembly (334ms)
			BuildScriptInfoCaches (0ms)
			ResolveRequiredComponents (1ms)
	FinalizeReload (749ms)
		ReleaseScriptCaches (0ms)
		RebuildScriptCaches (0ms)
		SetupLoadedEditorAssemblies (680ms)
			LogAssemblyErrors (0ms)
			InitializePlatformSupportModulesInManaged (194ms)
			SetLoadedEditorAssemblies (5ms)
			BeforeProcessingInitializeOnLoad (135ms)
			ProcessInitializeOnLoadAttributes (230ms)
			ProcessInitializeOnLoadMethodAttributes (116ms)
			AfterProcessingInitializeOnLoad (0ms)
			EditorAssembliesLoaded (0ms)
		ExecutionOrderSort2 (0ms)
		AwakeInstancesAfterBackupRestoration (0ms)
[Licensing::Client] Successfully resolved entitlement details
========================================================================
Worker process is ready to serve import requests
Import Worker Mode flag is 0x00
Begin MonoManager ReloadAssembly
- Loaded All Assemblies, in  1.600 seconds
Refreshing native plugins compatible for Editor in 6.49 ms, found 4 plugins.
Native extension for LinuxStandalone target not found
Native extension for AppleTV target not found
Native extension for iOS target not found
Native extension for Android target not found
Native extension for UWP target not found
Native extension for WindowsStandalone target not found
Failed to load: C:/Program Files/Unity/Hub/Editor/6000.3.20f1/Editor/Data/PlaybackEngines/VisionOSPlayer\x64\UnityEditor.VisionOS.Native.dll
Native extension for VisionOS target not found
Native extension for OSXStandalone target not found
Native extension for WebGL target not found
[Package Manager] Failed to launch server process. Reason: Unity was launched with the -noUpm command-line argument
[Package Manager] Unable to send message (not connected to server process).
[Package Manager] Cannot connect to Unity Package Manager local server
Refreshing native plugins compatible for Editor in 7.37 ms, found 4 plugins.
[Package Manager] Failed to launch server process. Reason: Unity was launched with the -noUpm command-line argument
[Package Manager] Unable to send message (not connected to server process).
[Package Manager] Cannot connect to Unity Package Manager local server
ScheduleIndexationOnStartup MainProcess:False IndexOnStartup:True
Mono: successfully reloaded assembly
- Finished resetting the current domain, in  0.919 seconds
Domain Reload Profiling: 2504ms
	BeginReloadAssembly (325ms)
		ExecutionOrderSort (0ms)
		DisableScriptedObjects (8ms)
		BackupInstance (0ms)
		ReleaseScriptingObjects (0ms)
		CreateAndSetChildDomain (41ms)
	RebuildCommonClasses (75ms)
	RebuildNativeTypeToScriptingClass (22ms)
	initialDomainReloadingComplete (74ms)
	LoadAllAssembliesAndSetupDomain (1089ms)
		LoadAssemblies (853ms)
		RebuildTransferFunctionScriptingTraits (0ms)
		AnalyzeDomain (446ms)
			TypeCache.Refresh (311ms)
				TypeCache.ScanAssembly (276ms)
			BuildScriptInfoCaches (104ms)
			ResolveRequiredComponents (16ms)
	FinalizeReload (919ms)
		ReleaseScriptCaches (0ms)
		RebuildScriptCaches (0ms)
		SetupLoadedEditorAssemblies (736ms)
			LogAssemblyErrors (0ms)
			InitializePlatformSupportModulesInManaged (42ms)
			SetLoadedEditorAssemblies (5ms)
			BeforeProcessingInitializeOnLoad (204ms)
			ProcessInitializeOnLoadAttributes (434ms)
			ProcessInitializeOnLoadMethodAttributes (38ms)
			AfterProcessingInitializeOnLoad (13ms)
			EditorAssembliesLoaded (0ms)
		ExecutionOrderSort2 (0ms)
		AwakeInstancesAfterBackupRestoration (11ms)
Launched and connected shader compiler UnityShaderCompiler.exe after 0.05 seconds
Refreshing native plugins compatible for Editor in 7.65 ms, found 4 plugins.
Preloading 0 native plugins for Editor in 0.00 ms.
Unloading 0 Unused Serialized files (Serialized files now loaded: 0)
Curl error 3: URL rejected: Malformed input to a URL function
Unloading 4148 unused Assets / (1.4 MB). Loaded Objects now: 4742.
Memory consumption went from 97.2 MB to 95.8 MB.
Total: 12.753300 ms (FindLiveObjects: 0.580800 ms CreateObjectMapping: 0.663600 ms MarkObjects: 8.832300 ms  DeleteObjects: 2.674900 ms)

========================================================================
Received Import Request.
  Time since last request: 724125.116356 seconds.
  path: Packages/com.unity.collab-proxy/Editor/UI/EnumPopupSetting.cs
  artifactKey: Guid(de396a7891b8b7f4f9649c3ccee67421) Importer(2089858483,b0f066a214c2f5e87bad3c948f4d605d)
Start importing Packages/com.unity.collab-proxy/Editor/UI/EnumPopupSetting.cs using Guid(de396a7891b8b7f4f9649c3ccee67421) Importer(2089858483,b0f066a214c2f5e87bad3c948f4d605d) (ScriptedImporter) -> (artifact id: '7b8bc5348fc834f8fb62fef485a7abee') in 0.0941186 seconds
Number of updated asset objects reloaded before import = 0Number of asset objects unloaded after import = 0

========================================================================
Received Import Request.
  Time since last request: 0.000033 seconds.
  path: Packages/com.unity.collab-proxy/Editor/Assets/Images/buttonssosigninemail.png
  artifactKey: Guid(d24e7e0b75e1a244bb9687d6fd4315ef) Importer(2089858483,b0f066a214c2f5e87bad3c948f4d605d)
Start importing Packages/com.unity.collab-proxy/Editor/Assets/Images/buttonssosigninemail.png using Guid(d24e7e0b75e1a244bb9687d6fd4315ef) Importer(2089858483,b0f066a214c2f5e87bad3c948f4d605d) (ScriptedImporter) -> (artifact id: 'c50a4f776e4584bea3a329588e31e027') in 0.0746068 seconds
Number of updated asset objects reloaded before import = 0Number of asset objects unloaded after import = 1

========================================================================
Received Import Request.
  Time since last request: 0.000080 seconds.
  path: Packages/com.unity.collab-proxy/Editor/Views/FileSystemOperation.cs
  artifactKey: Guid(f5eff45d4f0cc5e478e6724c378098eb) Importer(2089858483,b0f066a214c2f5e87bad3c948f4d605d)
Start importing Packages/com.unity.collab-proxy/Editor/Views/FileSystemOperation.cs using Guid(f5eff45d4f0cc5e478e6724c378098eb) Importer(2089858483,b0f066a214c2f5e87bad3c948f4d605d) (ScriptedImporter) -> (artifact id: 'de0a37cddb6e6306a47c14e9aebe048d') in 0.0061292 seconds
Number of updated asset objects reloaded before import = 0Number of asset objects unloaded after import = 0

========================================================================
Received Import Request.
  Time since last request: 0.000210 seconds.
  path: Packages/com.unity.collab-proxy/Editor/Assets/Images/d_iconchangesets@2x.png
  artifactKey: Guid(b76c20add7d3d4f79afcbafeaa12e974) Importer(2089858483,b0f066a214c2f5e87bad3c948f4d605d)
Start importing Packages/com.unity.collab-proxy/Editor/Assets/Images/d_iconchangesets@2x.png using Guid(b76c20add7d3d4f79afcbafeaa12e974) Importer(2089858483,b0f066a214c2f5e87bad3c948f4d605d) (ScriptedImporter) -> (artifact id: '8b5a963159b4c2fb62ace2d6eef6bbb8') in 0.0205516 seconds
Number of updated asset objects reloaded before import = 0Number of asset objects unloaded after import = 3

========================================================================
Received Import Request.
  Time since last request: 0.000021 seconds.
  path: Packages/com.unity.collab-proxy/Lib/Editor/zlib64Plastic.dll
  artifactKey: Guid(2f0909bef14cc58438d6fcea85ba8555) Importer(2089858483,b0f066a214c2f5e87bad3c948f4d605d)
Start importing Packages/com.unity.collab-proxy/Lib/Editor/zlib64Plastic.dll using Guid(2f0909bef14cc58438d6fcea85ba8555) Importer(2089858483,b0f066a214c2f5e87bad3c948f4d605d) (ScriptedImporter) -> (artifact id: '2a050954295a19bbdc8297e0f7a5bd2a') in 0.0106895 seconds
Number of updated asset objects reloaded before import = 0Number of asset objects unloaded after import = 0

========================================================================
Received Import Request.
  Time since last request: 0.000130 seconds.
  path: Packages/com.unity.collab-proxy/Editor/UI/PathTrimming.cs
  artifactKey: Guid(c6a44f63ad4048afb913f7b9194abcb1) Importer(2089858483,b0f066a214c2f5e87bad3c948f4d605d)
Start importing Packages/com.unity.collab-proxy/Editor/UI/PathTrimming.cs using Guid(c6a44f63ad4048afb913f7b9194abcb1) Importer(2089858483,b0f066a214c2f5e87bad3c948f4d605d) (ScriptedImporter) -> (artifact id: '97894592e49f705466e679faf68bdf07') in 0.0091055 seconds
Number of updated asset objects reloaded before import = 0Number of asset objects unloaded after import = 0

========================================================================
Received Import Request.
  Time since last request: 0.000401 seconds.
  path: Packages/com.unity.collab-proxy/Editor/Assets/Images/d_icondeletedlocaloverlay@2x.png
  artifactKey: Guid(92b204cca46037444ab18ba6701f86f7) Importer(2089858483,b0f066a214c2f5e87bad3c948f4d605d)
Start importing Packages/com.unity.collab-proxy/Editor/Assets/Images/d_icondeletedlocaloverlay@2x.png using Guid(92b204cca46037444ab18ba6701f86f7) Importer(2089858483,b0f066a214c2f5e87bad3c948f4d605d) (ScriptedImporter) -> (artifact id: '6737cfd1362577654002c24d7a6183cb') in 0.0150234 seconds
Number of updated asset objects reloaded before import = 0Number of asset objects unloaded after import = 1

========================================================================
Received Import Request.
  Time since last request: 0.000099 seconds.
  path: Packages/com.unity.collab-proxy/Lib/Editor/liblz4Plastic.dylib
  artifactKey: Guid(3313b144884b41f4a86de6fda5eed953) Importer(2089858483,b0f066a214c2f5e87bad3c948f4d605d)
Start importing Packages/com.unity.collab-proxy/Lib/Editor/liblz4Plastic.dylib using Guid(3313b144884b41f4a86de6fda5eed953) Importer(2089858483,b0f066a214c2f5e87bad3c948f4d605d) (ScriptedImporter) -> (artifact id: 'e3c4fa5055555ec0edc89458c4219d0a') in 0.0075389 seconds
Number of updated asset objects reloaded before import = 0Number of asset objects unloaded after import = 0

========================================================================
Received Import Request.
  Time since last request: 0.000165 seconds.
  path: Packages/com.unity.collab-proxy/Editor/Assets/Images/d_ArrowCaretLeft.png
  artifactKey: Guid(e2c5ee46f6b0148afbe40d935c70faee) Importer(2089858483,b0f066a214c2f5e87bad3c948f4d605d)
Start importing Packages/com.unity.collab-proxy/Editor/Assets/Images/d_ArrowCaretLeft.png using Guid(e2c5ee46f6b0148afbe40d935c70faee) Importer(2089858483,b0f066a214c2f5e87bad3c948f4d605d) (ScriptedImporter) -> (artifact id: 'ad5905f7723b277418d89bc6ad3dc45d') in 0.0165317 seconds
Number of updated asset objects reloaded before import = 0Number of asset objects unloaded after import = 3

========================================================================
Received Import Request.
  Time since last request: 0.000043 seconds.
  path: Packages/com.unity.collab-proxy/Editor/Assets/Images/d_iconinviteusers.png
  artifactKey: Guid(3094096a150921c409ef35579f2ada0f) Importer(2089858483,b0f066a214c2f5e87bad3c948f4d605d)
Start importing Packages/com.unity.collab-proxy/Editor/Assets/Images/d_iconinviteusers.png using Guid(3094096a150921c409ef35579f2ada0f) Importer(2089858483,b0f066a214c2f5e87bad3c948f4d605d) (ScriptedImporter) -> (artifact id: '27bac3fa2ec4731bf35ac09277500539') in 0.0138858 seconds
Number of updated asset objects reloaded before import = 0Number of asset objects unloaded after import = 3

========================================================================
Received Import Request.
  Time since last request: 0.000056 seconds.
  path: Packages/com.unity.collab-proxy/Editor/UI/HandleMenuItem.cs
  artifactKey: Guid(01023c055f6f08e408b78d36d5f7a803) Importer(2089858483,b0f066a214c2f5e87bad3c948f4d605d)
Start importing Packages/com.unity.collab-proxy/Editor/UI/HandleMenuItem.cs using Guid(01023c055f6f08e408b78d36d5f7a803) Importer(2089858483,b0f066a214c2f5e87bad3c948f4d605d) (ScriptedImporter) -> (artifact id: 'a4105b1c6e7053301a9514aa7a42ceb9') in 0.0073681 seconds
Number of updated asset objects reloaded before import = 0Number of asset objects unloaded after import = 0

========================================================================
Received Import Request.
  Time since last request: 0.000076 seconds.
  path: Packages/com.unity.collab-proxy/Editor/UI/UnityStyles.cs
  artifactKey: Guid(0a3ad267026374439be70d4b4cd3d4f7) Importer(2089858483,b0f066a214c2f5e87bad3c948f4d605d)
Start importing Packages/com.unity.collab-proxy/Editor/UI/UnityStyles.cs using Guid(0a3ad267026374439be70d4b4cd3d4f7) Importer(2089858483,b0f066a214c2f5e87bad3c948f4d605d) (ScriptedImporter) -> (artifact id: 'c2fba69572bef5c775c37cd5c3d8ec51') in 0.0062959 seconds
Number of updated asset objects reloaded before import = 0Number of asset objects unloaded after import = 0

========================================================================
Received Import Request.
  Time since last request: 0.000254 seconds.
  path: Packages/com.unity.collab-proxy/Editor/Views/ShelvePendingChangesDialog.cs
  artifactKey: Guid(8a6ec1abdba94827a2f174dae33832d2) Importer(2089858483,b0f066a214c2f5e87bad3c948f4d605d)
Start importing Packages/com.unity.collab-proxy/Editor/Views/ShelvePendingChangesDialog.cs using Guid(8a6ec1abdba94827a2f174dae33832d2) Importer(2089858483,b0f066a214c2f5e87bad3c948f4d605d) (ScriptedImporter) -> (artifact id: 'd74a00937027ad6ec20585363c8ecf5f') in 0.0071286 seconds
Number of updated asset objects reloaded before import = 0Number of asset objects unloaded after import = 0

========================================================================
Received Import Request.
  Time since last request: 0.000087 seconds.
  path: Packages/com.unity.collab-proxy/Editor/Assets/Images/d_iconaddedlocal.png
  artifactKey: Guid(0c6a2a64ca9f9c946a7dbbd1674cf5bd) Importer(2089858483,b0f066a214c2f5e87bad3c948f4d605d)
Start importing Packages/com.unity.collab-proxy/Editor/Assets/Images/d_iconaddedlocal.png using Guid(0c6a2a64ca9f9c946a7dbbd1674cf5bd) Importer(2089858483,b0f066a214c2f5e87bad3c948f4d605d) (ScriptedImporter) -> (artifact id: 'f1f55e60c401c48775af40bf85860efa') in 0.0155037 seconds
Number of updated asset objects reloaded before import = 0Number of asset objects unloaded after import = 1

========================================================================
Received Import Request.
  Time since last request: 0.000061 seconds.
  path: Packages/com.unity.collab-proxy/Editor/UI/OverlayProgress.cs
  artifactKey: Guid(1ea55c972a804304b2c7212f93c6bc4e) Importer(2089858483,b0f066a214c2f5e87bad3c948f4d605d)
Start importing Packages/com.unity.collab-proxy/Editor/UI/OverlayProgress.cs using Guid(1ea55c972a804304b2c7212f93c6bc4e) Importer(2089858483,b0f066a214c2f5e87bad3c948f4d605d) (ScriptedImporter) -> (artifact id: 'cc21c9ec0284b83356f0392af4e22249') in 0.0079609 seconds
Number of updated asset objects reloaded before import = 0Number of asset objects unloaded after import = 0

========================================================================
Received Import Request.
  Time since last request: 0.000073 seconds.
  path: Packages/com.unity.collab-proxy/Editor/Views/DateFilter.cs
  artifactKey: Guid(3a4d62c64067bca4cbbd6f7fcad2e190) Importer(2089858483,b0f066a214c2f5e87bad3c948f4d605d)
Start importing Packages/com.unity.collab-proxy/Editor/Views/DateFilter.cs using Guid(3a4d62c64067bca4cbbd6f7fcad2e190) Importer(2089858483,b0f066a214c2f5e87bad3c948f4d605d) (ScriptedImporter) -> (artifact id: 'a6c35a7646d64f7c8fe0f04a44db68b3') in 0.0070355 seconds
Number of updated asset objects reloaded before import = 0Number of asset objects unloaded after import = 0

========================================================================
Received Import Request.
  Time since last request: 0.000112 seconds.
  path: Packages/com.unity.collab-proxy/Editor/AssetMenu/Dialogs/AddToCloudDriveDialog.cs
  artifactKey: Guid(c8d9f1a2b3e4f5a6b7c8d9e0f1a2b3c4) Importer(2089858483,b0f066a214c2f5e87bad3c948f4d605d)
Start importing Packages/com.unity.collab-proxy/Editor/AssetMenu/Dialogs/AddToCloudDriveDialog.cs using Guid(c8d9f1a2b3e4f5a6b7c8d9e0f1a2b3c4) Importer(2089858483,b0f066a214c2f5e87bad3c948f4d605d) (ScriptedImporter) -> (artifact id: '5e100dc65ab43d503cd9bdd31e7684c6') in 0.0083559 seconds
Number of updated asset objects reloaded before import = 0Number of asset objects unloaded after import = 0

========================================================================
Received Import Request.
  Time since last request: 0.000120 seconds.
  path: Packages/com.unity.collab-proxy/Editor/Assets/Images/d_hideversioncontrol@2x.png
  artifactKey: Guid(5de67bf0a3c601f4bab93b4fd3314ab1) Importer(2089858483,b0f066a214c2f5e87bad3c948f4d605d)
Start importing Packages/com.unity.collab-proxy/Editor/Assets/Images/d_hideversioncontrol@2x.png using Guid(5de67bf0a3c601f4bab93b4fd3314ab1) Importer(2089858483,b0f066a214c2f5e87bad3c948f4d605d) (ScriptedImporter) -> (artifact id: 'cb061dc6eac81f68b9ba81563833aa58') in 0.0136463 seconds
Number of updated asset objects reloaded before import = 0Number of asset objects unloaded after import = 3

========================================================================
Received Import Request.
  Time since last request: 0.000020 seconds.
  path: Packages/com.unity.collab-proxy/Editor/UI/UnityPlasticGuiMessage.cs
  artifactKey: Guid(ee61022c90cce0b49bb0e459b11ec2ee) Importer(2089858483,b0f066a214c2f5e87bad3c948f4d605d)
Start importing Packages/com.unity.collab-proxy/Editor/UI/UnityPlasticGuiMessage.cs using Guid(ee61022c90cce0b49bb0e459b11ec2ee) Importer(2089858483,b0f066a214c2f5e87bad3c948f4d605d) (ScriptedImporter) -> (artifact id: '0bd51deafccc28f49b6d8af15ad8d502') in 0.008174 seconds
Number of updated asset objects reloaded before import = 0Number of asset objects unloaded after import = 0

========================================================================
Received Import Request.
  Time since last request: 0.000122 seconds.
  path: Packages/com.unity.collab-proxy/Editor/Assets/Images/d_iconbranch@2x.png
  artifactKey: Guid(267a89f787a621e4290fbff7a5442750) Importer(2089858483,b0f066a214c2f5e87bad3c948f4d605d)
Start importing Packages/com.unity.collab-proxy/Editor/Assets/Images/d_iconbranch@2x.png using Guid(267a89f787a621e4290fbff7a5442750) Importer(2089858483,b0f066a214c2f5e87bad3c948f4d605d) (ScriptedImporter) -> (artifact id: 'cd7d51e82918b39a5ac8b91884ced6df') in 0.0188912 seconds
Number of updated asset objects reloaded before import = 0Number of asset objects unloaded after import = 3

========================================================================
Received Import Request.
  Time since last request: 0.000044 seconds.
  path: Packages/com.unity.collab-proxy/Editor/Assets/Images/d_icondeletedremote@2x.png
  artifactKey: Guid(626b9cddb29049e4cac50cd87b419945) Importer(2089858483,b0f066a214c2f5e87bad3c948f4d605d)
Start importing Packages/com.unity.collab-proxy/Editor/Assets/Images/d_icondeletedremote@2x.png using Guid(626b9cddb29049e4cac50cd87b419945) Importer(2089858483,b0f066a214c2f5e87bad3c948f4d605d) (ScriptedImporter) -> (artifact id: '50e7afd0dd15d371a48f5d5e8f51758d') in 0.0167967 seconds
Number of updated asset objects reloaded before import = 0Number of asset objects unloaded after import = 1

========================================================================
Received Import Request.
  Time since last request: 0.000048 seconds.
  path: Packages/com.unity.collab-proxy/Editor/Assets/Images/d_iconinviteusers@2x.png
  artifactKey: Guid(2b9bf8ec5d54fe249ac9e20979ccd42c) Importer(2089858483,b0f066a214c2f5e87bad3c948f4d605d)
Start importing Packages/com.unity.collab-proxy/Editor/Assets/Images/d_iconinviteusers@2x.png using Guid(2b9bf8ec5d54fe249ac9e20979ccd42c) Importer(2089858483,b0f066a214c2f5e87bad3c948f4d605d) (ScriptedImporter) -> (artifact id: 'c4a2519b488008438f7a7e10634f0a35') in 0.0188928 seconds
Number of updated asset objects reloaded before import = 0Number of asset objects unloaded after import = 3

========================================================================
Received Import Request.
  Time since last request: 0.000033 seconds.
  path: Packages/com.unity.collab-proxy/Editor/UVCSToolbar/UVCSToolbarButtonData.cs
  artifactKey: Guid(5bbb26813ae33c64d8937661111fb3c6) Importer(2089858483,b0f066a214c2f5e87bad3c948f4d605d)
Start importing Packages/com.unity.collab-proxy/Editor/UVCSToolbar/UVCSToolbarButtonData.cs using Guid(5bbb26813ae33c64d8937661111fb3c6) Importer(2089858483,b0f066a214c2f5e87bad3c948f4d605d) (ScriptedImporter) -> (artifact id: 'b0503a836332491133280688cb366a2f') in 0.0090753 seconds
Number of updated asset objects reloaded before import = 0Number of asset objects unloaded after import = 0

========================================================================
Received Import Request.
  Time since last request: 0.000113 seconds.
  path: Packages/com.unity.collab-proxy/Editor/Assets/Images/d_ArrowCaretRight@2x.png
  artifactKey: Guid(3943479b9e27741a78451950ae5841f6) Importer(2089858483,b0f066a214c2f5e87bad3c948f4d605d)
Start importing Packages/com.unity.collab-proxy/Editor/Assets/Images/d_ArrowCaretRight@2x.png using Guid(3943479b9e27741a78451950ae5841f6) Importer(2089858483,b0f066a214c2f5e87bad3c948f4d605d) (ScriptedImporter) -> (artifact id: '81498cf86a58def00487cc98292ac40e') in 0.0178275 seconds
Number of updated asset objects reloaded before import = 0Number of asset objects unloaded after import = 3

========================================================================
Received Import Request.
  Time since last request: 0.000027 seconds.
  path: Packages/com.unity.collab-proxy/Editor/Assets/Images/d_iconbrex.png
  artifactKey: Guid(d44f9c7a4044e1845b5b3627ba32fb10) Importer(2089858483,b0f066a214c2f5e87bad3c948f4d605d)
Start importing Packages/com.unity.collab-proxy/Editor/Assets/Images/d_iconbrex.png using Guid(d44f9c7a4044e1845b5b3627ba32fb10) Importer(2089858483,b0f066a214c2f5e87bad3c948f4d605d) (ScriptedImporter) -> (artifact id: '4e24db9ef016b818ea357520c26effee') in 0.0192488 seconds
Number of updated asset objects reloaded before import = 0Number of asset objects unloaded after import = 3

========================================================================
Received Import Request.
  Time since last request: 0.000022 seconds.
  path: Packages/com.unity.collab-proxy/Editor/Assets/Images/d_exclusionrule.png
  artifactKey: Guid(d616c78aaf225437199c9ac8c4f2197b) Importer(2089858483,b0f066a214c2f5e87bad3c948f4d605d)
Start importing Packages/com.unity.collab-proxy/Editor/Assets/Images/d_exclusionrule.png using Guid(d616c78aaf225437199c9ac8c4f2197b) Importer(2089858483,b0f066a214c2f5e87bad3c948f4d605d) (ScriptedImporter) -> (artifact id: '0e28e45f22eb2301f0a620053ab217eb') in 0.0161125 seconds
Number of updated asset objects reloaded before import = 0Number of asset objects unloaded after import = 3

========================================================================
Received Import Request.
  Time since last request: 0.000021 seconds.
  path: Packages/com.unity.collab-proxy/Editor/AssetMenu/Dialogs/CheckinDialogOperations.cs
  artifactKey: Guid(c44a2ac668da0a04d9e567739215b2eb) Importer(2089858483,b0f066a214c2f5e87bad3c948f4d605d)
Start importing Packages/com.unity.collab-proxy/Editor/AssetMenu/Dialogs/CheckinDialogOperations.cs using Guid(c44a2ac668da0a04d9e567739215b2eb) Importer(2089858483,b0f066a214c2f5e87bad3c948f4d605d) (ScriptedImporter) -> (artifact id: 'a76cefdd1552bf45d9f9fb286c63ddd9') in 0.0069798 seconds
Number of updated asset objects reloaded before import = 0Number of asset objects unloaded after import = 0

========================================================================
Received Import Request.
  Time since last request: 0.000064 seconds.
  path: Packages/com.unity.collab-proxy/Editor/Assets/Images/d_iconconflictresolvedoverlay@2x.png
  artifactKey: Guid(4a231ba0e81e63849a8f985c228e8acd) Importer(2089858483,b0f066a214c2f5e87bad3c948f4d605d)
Start importing Packages/com.unity.collab-proxy/Editor/Assets/Images/d_iconconflictresolvedoverlay@2x.png using Guid(4a231ba0e81e63849a8f985c228e8acd) Importer(2089858483,b0f066a214c2f5e87bad3c948f4d605d) (ScriptedImporter) -> (artifact id: '343714b5b4d52cfeed29e87560e24c7b') in 0.0149774 seconds
Number of updated asset objects reloaded before import = 0Number of asset objects unloaded after import = 1

========================================================================
Received Import Request.
  Time since last request: 0.000048 seconds.
  path: Packages/com.unity.collab-proxy/Editor/UI/SplitterSettings.cs
  artifactKey: Guid(b3b18600c13f447a90bf04fc2a6dc2d5) Importer(2089858483,b0f066a214c2f5e87bad3c948f4d605d)
Start importing Packages/com.unity.collab-proxy/Editor/UI/SplitterSettings.cs using Guid(b3b18600c13f447a90bf04fc2a6dc2d5) Importer(2089858483,b0f066a214c2f5e87bad3c948f4d605d) (ScriptedImporter) -> (artifact id: '69ac571b761b6cceb86f5a0b4a5cb7c2') in 0.0072777 seconds
Number of updated asset objects reloaded before import = 0Number of asset objects unloaded after import = 0

========================================================================
Received Import Request.
  Time since last request: 0.000217 seconds.
  path: Packages/com.unity.collab-proxy/Editor/Views/EnableSwitchAndShelveFeatureDialog.cs
  artifactKey: Guid(421fea03dd9d4ac089ca279ee87c573b) Importer(2089858483,b0f066a214c2f5e87bad3c948f4d605d)
Start importing Packages/com.unity.collab-proxy/Editor/Views/EnableSwitchAndShelveFeatureDialog.cs using Guid(421fea03dd9d4ac089ca279ee87c573b) Importer(2089858483,b0f066a214c2f5e87bad3c948f4d605d) (ScriptedImporter) -> (artifact id: 'd2b33fdc7ced566540c4a7ca49a43c7f') in 0.0068173 seconds
Number of updated asset objects reloaded before import = 0Number of asset objects unloaded after import = 0

========================================================================
Received Import Request.
  Time since last request: 0.000105 seconds.
  path: Packages/com.unity.collab-proxy/Editor/Assets/Images/d_iconignoredoverlay.png
  artifactKey: Guid(6768dd39d3740af429fb2d88f53390c2) Importer(2089858483,b0f066a214c2f5e87bad3c948f4d605d)
Start importing Packages/com.unity.collab-proxy/Editor/Assets/Images/d_iconignoredoverlay.png using Guid(6768dd39d3740af429fb2d88f53390c2) Importer(2089858483,b0f066a214c2f5e87bad3c948f4d605d) (ScriptedImporter) -> (artifact id: '75caa988b1fd2091fa6ca5c72fd562ff') in 0.0166145 seconds
Number of updated asset objects reloaded before import = 0Number of asset objects unloaded after import = 3

========================================================================
Received Import Request.
  Time since last request: 0.000027 seconds.
  path: Packages/com.unity.collab-proxy/Editor/_Deprecated/CollabPlugin.cs
  artifactKey: Guid(8b1d1407c22e5844698f18df6a9f1781) Importer(2089858483,b0f066a214c2f5e87bad3c948f4d605d)
Start importing Packages/com.unity.collab-proxy/Editor/_Deprecated/CollabPlugin.cs using Guid(8b1d1407c22e5844698f18df6a9f1781) Importer(2089858483,b0f066a214c2f5e87bad3c948f4d605d) (ScriptedImporter) -> (artifact id: '8226e2d1688b3825207dbda9831e205c') in 0.0059487 seconds
Number of updated asset objects reloaded before import = 0Number of asset objects unloaded after import = 0

========================================================================
Received Import Request.
  Time since last request: 0.000108 seconds.
  path: Packages/com.unity.collab-proxy/Editor/AssetMenu/Dialogs/CheckinDialog.cs
  artifactKey: Guid(678db227e4ffec949980d309c0532b08) Importer(2089858483,b0f066a214c2f5e87bad3c948f4d605d)
Start importing Packages/com.unity.collab-proxy/Editor/AssetMenu/Dialogs/CheckinDialog.cs using Guid(678db227e4ffec949980d309c0532b08) Importer(2089858483,b0f066a214c2f5e87bad3c948f4d605d) (ScriptedImporter) -> (artifact id: '2c979f09cc7027bf81a6df45a2302b91') in 0.0070619 seconds
Number of updated asset objects reloaded before import = 0Number of asset objects unloaded after import = 0

========================================================================
Received Import Request.
  Time since last request: 2.440659 seconds.
  path: Packages/com.unity.collab-proxy/Editor/Assets/Images/d_iconlabel.png
  artifactKey: Guid(e1e64e28e7631534d8408668bcb82502) Importer(2089858483,b0f066a214c2f5e87bad3c948f4d605d)
Start importing Packages/com.unity.collab-proxy/Editor/Assets/Images/d_iconlabel.png using Guid(e1e64e28e7631534d8408668bcb82502) Importer(2089858483,b0f066a214c2f5e87bad3c948f4d605d) (ScriptedImporter) -> (artifact id: '4228e6ea308378de1213ad3ba7d103f0') in 0.0147906 seconds
Number of updated asset objects reloaded before import = 0Number of asset objects unloaded after import = 3

========================================================================
Received Import Request.
  Time since last request: 0.000021 seconds.
  path: Packages/com.unity.collab-proxy/Editor/Assets/Images/iconlockedlocaloverlay.png
  artifactKey: Guid(b6073d723b6ef3f429aa7e1d0f3db44f) Importer(2089858483,b0f066a214c2f5e87bad3c948f4d605d)
Start importing Packages/com.unity.collab-proxy/Editor/Assets/Images/iconlockedlocaloverlay.png using Guid(b6073d723b6ef3f429aa7e1d0f3db44f) Importer(2089858483,b0f066a214c2f5e87bad3c948f4d605d) (ScriptedImporter) -> (artifact id: 'e824bffa37142861addfcd6e00abec60') in 0.0131169 seconds
Number of updated asset objects reloaded before import = 0Number of asset objects unloaded after import = 3

========================================================================
Received Import Request.
  Time since last request: 0.000047 seconds.
  path: Packages/com.unity.collab-proxy/Editor/Assets/Images/iconoutofsync@2x.png
  artifactKey: Guid(d7094718bdac022428dd29244922d06b) Importer(2089858483,b0f066a214c2f5e87bad3c948f4d605d)
Start importing Packages/com.unity.collab-proxy/Editor/Assets/Images/iconoutofsync@2x.png using Guid(d7094718bdac022428dd29244922d06b) Importer(2089858483,b0f066a214c2f5e87bad3c948f4d605d) (ScriptedImporter) -> (artifact id: 'e399f32015bc25580db46e088a097413') in 0.0143157 seconds
Number of updated asset objects reloaded before import = 0Number of asset objects unloaded after import = 1

========================================================================
Received Import Request.
  Time since last request: 0.000027 seconds.
  path: Packages/com.unity.collab-proxy/Editor/Assets/Images/d_step2@2x.png
  artifactKey: Guid(cdb88fdb0cf46b244a667edaff21c7df) Importer(2089858483,b0f066a214c2f5e87bad3c948f4d605d)
Start importing Packages/com.unity.collab-proxy/Editor/Assets/Images/d_step2@2x.png using Guid(cdb88fdb0cf46b244a667edaff21c7df) Importer(2089858483,b0f066a214c2f5e87bad3c948f4d605d) (ScriptedImporter) -> (artifact id: 'f968f3cf7e7ebf55d999ec848e5e4cc9') in 0.0148819 seconds
Number of updated asset objects reloaded before import = 0Number of asset objects unloaded after import = 1

========================================================================
Received Import Request.
  Time since last request: 0.000031 seconds.
  path: Packages/com.unity.collab-proxy/Editor/Assets/Images/iconpendingchangesview@2x.png
  artifactKey: Guid(58f6d5934224b4bb0a67d67e45a6654b) Importer(2089858483,b0f066a214c2f5e87bad3c948f4d605d)
Start importing Packages/com.unity.collab-proxy/Editor/Assets/Images/iconpendingchangesview@2x.png using Guid(58f6d5934224b4bb0a67d67e45a6654b) Importer(2089858483,b0f066a214c2f5e87bad3c948f4d605d) (ScriptedImporter) -> (artifact id: 'fc69d5794f0a98fa0671bb7af1b724ef') in 0.0149268 seconds
Number of updated asset objects reloaded before import = 0Number of asset objects unloaded after import = 3

========================================================================
Received Import Request.
  Time since last request: 0.000021 seconds.
  path: Packages/com.unity.collab-proxy/Editor/Assets/Images/iconinviteusers@2x.png
  artifactKey: Guid(b43651fb085b38445ade3f9de3ab0636) Importer(2089858483,b0f066a214c2f5e87bad3c948f4d605d)
Start importing Packages/com.unity.collab-proxy/Editor/Assets/Images/iconinviteusers@2x.png using Guid(b43651fb085b38445ade3f9de3ab0636) Importer(2089858483,b0f066a214c2f5e87bad3c948f4d605d) (ScriptedImporter) -> (artifact id: '757d255dcd181f009734d098d62e297c') in 0.015718 seconds
Number of updated asset objects reloaded before import = 0Number of asset objects unloaded after import = 3

========================================================================
Received Import Request.
  Time since last request: 0.000021 seconds.
  path: Packages/com.unity.collab-proxy/Editor/Assets/Images/iconcheckedoutlocaloverlay.png
  artifactKey: Guid(eb591dd22aae343468cc4dd017c550d0) Importer(2089858483,b0f066a214c2f5e87bad3c948f4d605d)
Start importing Packages/com.unity.collab-proxy/Editor/Assets/Images/iconcheckedoutlocaloverlay.png using Guid(eb591dd22aae343468cc4dd017c550d0) Importer(2089858483,b0f066a214c2f5e87bad3c948f4d605d) (ScriptedImporter) -> (artifact id: '7b60a88a49fb8766e82034e085a12dac') in 0.014275 seconds
Number of updated asset objects reloaded before import = 0Number of asset objects unloaded after import = 3

========================================================================
Received Import Request.
  Time since last request: 0.000019 seconds.
  path: Packages/com.unity.collab-proxy/Editor/Assets/Images/d_iconpackageupdateavailable.png
  artifactKey: Guid(1dc16508006061742a802767b556accc) Importer(2089858483,b0f066a214c2f5e87bad3c948f4d605d)
Start importing Packages/com.unity.collab-proxy/Editor/Assets/Images/d_iconpackageupdateavailable.png using Guid(1dc16508006061742a802767b556accc) Importer(2089858483,b0f066a214c2f5e87bad3c948f4d605d) (ScriptedImporter) -> (artifact id: '7fefce1c0c6fdfe933464ff9ba2caf2d') in 0.0139834 seconds
Number of updated asset objects reloaded before import = 0Number of asset objects unloaded after import = 3

========================================================================
Received Import Request.
  Time since last request: 0.000022 seconds.
  path: Packages/com.unity.collab-proxy/Editor/Assets/Images/d_iconrepository.png
  artifactKey: Guid(4a4dfcc81b0e1214fbbd0003c8ab4070) Importer(2089858483,b0f066a214c2f5e87bad3c948f4d605d)
Start importing Packages/com.unity.collab-proxy/Editor/Assets/Images/d_iconrepository.png using Guid(4a4dfcc81b0e1214fbbd0003c8ab4070) Importer(2089858483,b0f066a214c2f5e87bad3c948f4d605d) (ScriptedImporter) -> (artifact id: 'b8d7a2df365ad9d2cf1a49c2652fab54') in 0.0134358 seconds
Number of updated asset objects reloaded before import = 0Number of asset objects unloaded after import = 3

========================================================================
Received Import Request.
  Time since last request: 0.000027 seconds.
  path: Packages/com.unity.collab-proxy/Editor/Assets/Images/d_step3@2x.png
  artifactKey: Guid(c9ed6d6ea2f9657409bfa068d4846139) Importer(2089858483,b0f066a214c2f5e87bad3c948f4d605d)
Start importing Packages/com.unity.collab-proxy/Editor/Assets/Images/d_step3@2x.png using Guid(c9ed6d6ea2f9657409bfa068d4846139) Importer(2089858483,b0f066a214c2f5e87bad3c948f4d605d) (ScriptedImporter) -> (artifact id: 'a2e41161956b0a8da9c53855628b5bc8') in 0.0163621 seconds
Number of updated asset objects reloaded before import = 0Number of asset objects unloaded after import = 1

========================================================================
Received Import Request.
  Time since last request: 0.000063 seconds.
  path: Packages/com.unity.collab-proxy/Editor/Assets/Images/d_iconundo@2x.png
  artifactKey: Guid(6d6088174bb906b49ad8428526ee337b) Importer(2089858483,b0f066a214c2f5e87bad3c948f4d605d)
Start importing Packages/com.unity.collab-proxy/Editor/Assets/Images/d_iconundo@2x.png using Guid(6d6088174bb906b49ad8428526ee337b) Importer(2089858483,b0f066a214c2f5e87bad3c948f4d605d) (ScriptedImporter) -> (artifact id: '44dcf864f94be6263fb55e03348ea52e') in 0.0124807 seconds
Number of updated asset objects reloaded before import = 0Number of asset objects unloaded after import = 1

========================================================================
Received Import Request.
  Time since last request: 0.000056 seconds.
  path: Packages/com.unity.collab-proxy/Editor/Assets/Images/iconlockretained@2x.png
  artifactKey: Guid(1844d3d99090a0b43b60a5f1ff821467) Importer(2089858483,b0f066a214c2f5e87bad3c948f4d605d)
Start importing Packages/com.unity.collab-proxy/Editor/Assets/Images/iconlockretained@2x.png using Guid(1844d3d99090a0b43b60a5f1ff821467) Importer(2089858483,b0f066a214c2f5e87bad3c948f4d605d) (ScriptedImporter) -> (artifact id: 'f0d81cc12f2a3deef1e5b79e1937781f') in 0.0129795 seconds
Number of updated asset objects reloaded before import = 0Number of asset objects unloaded after import = 3

========================================================================
Received Import Request.
  Time since last request: 0.000022 seconds.
  path: Packages/com.unity.collab-proxy/Editor/Assets/Images/iconaddedlocal@2x.png
  artifactKey: Guid(a67b58d6cddcd4345b1e001340de5a76) Importer(2089858483,b0f066a214c2f5e87bad3c948f4d605d)
Start importing Packages/com.unity.collab-proxy/Editor/Assets/Images/iconaddedlocal@2x.png using Guid(a67b58d6cddcd4345b1e001340de5a76) Importer(2089858483,b0f066a214c2f5e87bad3c948f4d605d) (ScriptedImporter) -> (artifact id: '77a15c440dd114a1a7f6176b8413f8ea') in 0.0147455 seconds
Number of updated asset objects reloaded before import = 0Number of asset objects unloaded after import = 1

========================================================================
Received Import Request.
  Time since last request: 0.000091 seconds.
  path: Packages/com.unity.collab-proxy/Editor/Assets/Images/iconlockretained.png
  artifactKey: Guid(bac66973cba57b842965eb95154fba7e) Importer(2089858483,b0f066a214c2f5e87bad3c948f4d605d)
Start importing Packages/com.unity.collab-proxy/Editor/Assets/Images/iconlockretained.png using Guid(bac66973cba57b842965eb95154fba7e) Importer(2089858483,b0f066a214c2f5e87bad3c948f4d605d) (ScriptedImporter) -> (artifact id: 'ec8e2548b7a3df9292a000b9b3ba8ea0') in 0.0162462 seconds
Number of updated asset objects reloaded before import = 0Number of asset objects unloaded after import = 3

========================================================================
Received Import Request.
  Time since last request: 0.000021 seconds.
  path: Packages/com.unity.collab-proxy/Editor/Assets/Images/d_iconoutofsync.png
  artifactKey: Guid(0e80bd0b4a8196f46acf73711b9505ec) Importer(2089858483,b0f066a214c2f5e87bad3c948f4d605d)
Start importing Packages/com.unity.collab-proxy/Editor/Assets/Images/d_iconoutofsync.png using Guid(0e80bd0b4a8196f46acf73711b9505ec) Importer(2089858483,b0f066a214c2f5e87bad3c948f4d605d) (ScriptedImporter) -> (artifact id: '16d3891246126cc4fd5a5a273a8961e2') in 0.0130972 seconds
Number of updated asset objects reloaded before import = 0Number of asset objects unloaded after import = 1

========================================================================
Received Import Request.
  Time since last request: 0.000158 seconds.
  path: Packages/com.unity.collab-proxy/Editor/Assets/Images/iconconflictresolvedoverlay.png
  artifactKey: Guid(1318ab8bf649dcf43b922511fa5e155b) Importer(2089858483,b0f066a214c2f5e87bad3c948f4d605d)
Start importing Packages/com.unity.collab-proxy/Editor/Assets/Images/iconconflictresolvedoverlay.png using Guid(1318ab8bf649dcf43b922511fa5e155b) Importer(2089858483,b0f066a214c2f5e87bad3c948f4d605d) (ScriptedImporter) -> (artifact id: '70a00ac4d5575c0ed2ea9df10ab25787') in 0.0153136 seconds
Number of updated asset objects reloaded before import = 0Number of asset objects unloaded after import = 3

========================================================================
Received Import Request.
  Time since last request: 0.000027 seconds.
  path: Packages/com.unity.collab-proxy/Editor/Assets/Images/d_refresh@2x.png
  artifactKey: Guid(602b72d4617c3694aa94419fc1b68e04) Importer(2089858483,b0f066a214c2f5e87bad3c948f4d605d)
Start importing Packages/com.unity.collab-proxy/Editor/Assets/Images/d_refresh@2x.png using Guid(602b72d4617c3694aa94419fc1b68e04) Importer(2089858483,b0f066a214c2f5e87bad3c948f4d605d) (ScriptedImporter) -> (artifact id: '144323a32f2205138381f54e4142acf0') in 0.0150705 seconds
Number of updated asset objects reloaded before import = 0Number of asset objects unloaded after import = 1

========================================================================
Received Import Request.
  Time since last request: 0.000042 seconds.
  path: Packages/com.unity.collab-proxy/Editor/Assets/Images/iconlockedremoteoverlay@2x.png
  artifactKey: Guid(f73a7d8758d7be04588b15637d94b5a8) Importer(2089858483,b0f066a214c2f5e87bad3c948f4d605d)
Start importing Packages/com.unity.collab-proxy/Editor/Assets/Images/iconlockedremoteoverlay@2x.png using Guid(f73a7d8758d7be04588b15637d94b5a8) Importer(2089858483,b0f066a214c2f5e87bad3c948f4d605d) (ScriptedImporter) -> (artifact id: '7c5e71ecdae88b6555a0ce456e9ff961') in 0.0140649 seconds
Number of updated asset objects reloaded before import = 0Number of asset objects unloaded after import = 1

========================================================================
Received Import Request.
  Time since last request: 0.000058 seconds.
  path: Packages/com.unity.collab-proxy/Editor/Assets/Images/d_stepok@2x.png
  artifactKey: Guid(3494dc956dfd7174abc07060940a2848) Importer(2089858483,b0f066a214c2f5e87bad3c948f4d605d)
Start importing Packages/com.unity.collab-proxy/Editor/Assets/Images/d_stepok@2x.png using Guid(3494dc956dfd7174abc07060940a2848) Importer(2089858483,b0f066a214c2f5e87bad3c948f4d605d) (ScriptedImporter) -> (artifact id: '406c53113398bdd371c624ecc042ce07') in 0.0142781 seconds
Number of updated asset objects reloaded before import = 0Number of asset objects unloaded after import = 1

========================================================================
Received Import Request.
  Time since last request: 0.000094 seconds.
  path: Packages/com.unity.collab-proxy/Editor/Assets/Images/d_iconretainedoverlay@2x.png
  artifactKey: Guid(c34cd61ed96ff9a40a54e159467c5155) Importer(2089858483,b0f066a214c2f5e87bad3c948f4d605d)
Start importing Packages/com.unity.collab-proxy/Editor/Assets/Images/d_iconretainedoverlay@2x.png using Guid(c34cd61ed96ff9a40a54e159467c5155) Importer(2089858483,b0f066a214c2f5e87bad3c948f4d605d) (ScriptedImporter) -> (artifact id: 'f66a0471075da4ea552da789daaf6d0c') in 0.0158107 seconds
Number of updated asset objects reloaded before import = 0Number of asset objects unloaded after import = 3

========================================================================
Received Import Request.
  Time since last request: 0.000029 seconds.
  path: Packages/com.unity.collab-proxy/Editor/Assets/Images/d_iconzoomin@2x.png
  artifactKey: Guid(73d87bc3a27171144985c68fbbd54380) Importer(2089858483,b0f066a214c2f5e87bad3c948f4d605d)
Start importing Packages/com.unity.collab-proxy/Editor/Assets/Images/d_iconzoomin@2x.png using Guid(73d87bc3a27171144985c68fbbd54380) Importer(2089858483,b0f066a214c2f5e87bad3c948f4d605d) (ScriptedImporter) -> (artifact id: '483e2c9f895a606d2c7cbae43c485674') in 0.0184027 seconds
Number of updated asset objects reloaded before import = 0Number of asset objects unloaded after import = 3

========================================================================
Received Import Request.
  Time since last request: 0.000027 seconds.
  path: Packages/com.unity.collab-proxy/Editor/Assets/Images/iconoutofsync.png
  artifactKey: Guid(636d03a8834e3ed4cac3a1cb4b82deaf) Importer(2089858483,b0f066a214c2f5e87bad3c948f4d605d)
Start importing Packages/com.unity.collab-proxy/Editor/Assets/Images/iconoutofsync.png using Guid(636d03a8834e3ed4cac3a1cb4b82deaf) Importer(2089858483,b0f066a214c2f5e87bad3c948f4d605d) (ScriptedImporter) -> (artifact id: '6ba22c52faf91fce316c0316063be00d') in 0.017032 seconds
Number of updated asset objects reloaded before import = 0Number of asset objects unloaded after import = 1

========================================================================
Received Import Request.
  Time since last request: 0.000060 seconds.
  path: Packages/com.unity.collab-proxy/Editor/Assets/Images/iconlock.png
  artifactKey: Guid(6d3f95684dd634b18aa9ab45b3e06cfd) Importer(2089858483,b0f066a214c2f5e87bad3c948f4d605d)
Start importing Packages/com.unity.collab-proxy/Editor/Assets/Images/iconlock.png using Guid(6d3f95684dd634b18aa9ab45b3e06cfd) Importer(2089858483,b0f066a214c2f5e87bad3c948f4d605d) (ScriptedImporter) -> (artifact id: 'ce13ec9336a5bd0ad0018dd923311518') in 0.0179629 seconds
Number of updated asset objects reloaded before import = 0Number of asset objects unloaded after import = 3

========================================================================
Received Import Request.
  Time since last request: 0.000023 seconds.
  path: Packages/com.unity.collab-proxy/Editor/Assets/Images/iconplasticnotifyconflict@2x.png
  artifactKey: Guid(6e0a54826ffc3ee46b0aa3e1c1575a69) Importer(2089858483,b0f066a214c2f5e87bad3c948f4d605d)
Start importing Packages/com.unity.collab-proxy/Editor/Assets/Images/iconplasticnotifyconflict@2x.png using Guid(6e0a54826ffc3ee46b0aa3e1c1575a69) Importer(2089858483,b0f066a214c2f5e87bad3c948f4d605d) (ScriptedImporter) -> (artifact id: 'e86e987f1bf1ad07b85dac27bdd29f04') in 0.0168592 seconds
Number of updated asset objects reloaded before import = 0Number of asset objects unloaded after import = 1

========================================================================
Received Import Request.
  Time since last request: 0.000091 seconds.
  path: Packages/com.unity.collab-proxy/Editor/Assets/Images/d_iconoutofsync@2x.png
  artifactKey: Guid(f82dfc5fc3c5a8f4080a3550427019c8) Importer(2089858483,b0f066a214c2f5e87bad3c948f4d605d)
Start importing Packages/com.unity.collab-proxy/Editor/Assets/Images/d_iconoutofsync@2x.png using Guid(f82dfc5fc3c5a8f4080a3550427019c8) Importer(2089858483,b0f066a214c2f5e87bad3c948f4d605d) (ScriptedImporter) -> (artifact id: '1d9d8fb1ec1f6209b41d51447c73eb9e') in 0.0146215 seconds
Number of updated asset objects reloaded before import = 0Number of asset objects unloaded after import = 1

========================================================================
Received Import Request.
  Time since last request: 0.000047 seconds.
  path: Packages/com.unity.collab-proxy/Editor/Assets/Images/d_iconmergeview@2x.png
  artifactKey: Guid(5bc0112babc1a49bdbd1f6e5d9c13c7b) Importer(2089858483,b0f066a214c2f5e87bad3c948f4d605d)
Start importing Packages/com.unity.collab-proxy/Editor/Assets/Images/d_iconmergeview@2x.png using Guid(5bc0112babc1a49bdbd1f6e5d9c13c7b) Importer(2089858483,b0f066a214c2f5e87bad3c948f4d605d) (ScriptedImporter) -> (artifact id: 'd1cddf1dfb2696d6de1dc47402e67812') in 0.0147213 seconds
Number of updated asset objects reloaded before import = 0Number of asset objects unloaded after import = 3

========================================================================
Received Import Request.
  Time since last request: 0.000032 seconds.
  path: Packages/com.unity.collab-proxy/Editor/Assets/Images/iconignoredoverlay.png
  artifactKey: Guid(52a825037e457964f9c91a99d4522f14) Importer(2089858483,b0f066a214c2f5e87bad3c948f4d605d)
Start importing Packages/com.unity.collab-proxy/Editor/Assets/Images/iconignoredoverlay.png using Guid(52a825037e457964f9c91a99d4522f14) Importer(2089858483,b0f066a214c2f5e87bad3c948f4d605d) (ScriptedImporter) -> (artifact id: '5d836e2096f7ea8f0c0c37a0d97d1b79') in 0.0150046 seconds
Number of updated asset objects reloaded before import = 0Number of asset objects unloaded after import = 3

========================================================================
Received Import Request.
  Time since last request: 0.000023 seconds.
  path: Packages/com.unity.collab-proxy/Editor/Assets/Images/exclusionrule.png
  artifactKey: Guid(8ebb93c64d7a141569a153a9d4fe9ae2) Importer(2089858483,b0f066a214c2f5e87bad3c948f4d605d)
Start importing Packages/com.unity.collab-proxy/Editor/Assets/Images/exclusionrule.png using Guid(8ebb93c64d7a141569a153a9d4fe9ae2) Importer(2089858483,b0f066a214c2f5e87bad3c948f4d605d) (ScriptedImporter) -> (artifact id: 'dc29079dd6098dd28573fa56d5bb5690') in 0.0159496 seconds
Number of updated asset objects reloaded before import = 0Number of asset objects unloaded after import = 3

========================================================================
Received Import Request.
  Time since last request: 0.000027 seconds.
  path: Packages/com.unity.collab-proxy/Editor/Assets/Images/iconmovedoverlay.png
  artifactKey: Guid(d63fb8a8a3f06407e8e712a29a3499c0) Importer(2089858483,b0f066a214c2f5e87bad3c948f4d605d)
Start importing Packages/com.unity.collab-proxy/Editor/Assets/Images/iconmovedoverlay.png using Guid(d63fb8a8a3f06407e8e712a29a3499c0) Importer(2089858483,b0f066a214c2f5e87bad3c948f4d605d) (ScriptedImporter) -> (artifact id: 'ae7901c2391ef4082adb6ecdd7d2308e') in 0.0146106 seconds
Number of updated asset objects reloaded before import = 0Number of asset objects unloaded after import = 3

========================================================================
Received Import Request.
  Time since last request: 0.000022 seconds.
  path: Packages/com.unity.collab-proxy/Editor/Assets/Images/d_iconpendingchanges@2x.png
  artifactKey: Guid(68302c8c48e3cee4aad72dbbf7894781) Importer(2089858483,b0f066a214c2f5e87bad3c948f4d605d)
Start importing Packages/com.unity.collab-proxy/Editor/Assets/Images/d_iconpendingchanges@2x.png using Guid(68302c8c48e3cee4aad72dbbf7894781) Importer(2089858483,b0f066a214c2f5e87bad3c948f4d605d) (ScriptedImporter) -> (artifact id: '85287c5eb9e08e45779f4859c0975642') in 0.0150425 seconds
Number of updated asset objects reloaded before import = 0Number of asset objects unloaded after import = 3

========================================================================
Received Import Request.
  Time since last request: 0.000039 seconds.
  path: Packages/com.unity.collab-proxy/Editor/Assets/Images/icondeletedlocaloverlay.png
  artifactKey: Guid(cd221d2235472c94491e607ae42942dd) Importer(2089858483,b0f066a214c2f5e87bad3c948f4d605d)
Start importing Packages/com.unity.collab-proxy/Editor/Assets/Images/icondeletedlocaloverlay.png using Guid(cd221d2235472c94491e607ae42942dd) Importer(2089858483,b0f066a214c2f5e87bad3c948f4d605d) (ScriptedImporter) -> (artifact id: 'd086fbc74627aa39d597b00fc682e72d') in 0.0156613 seconds
Number of updated asset objects reloaded before import = 0Number of asset objects unloaded after import = 3

========================================================================
Received Import Request.
  Time since last request: 0.000035 seconds.
  path: Packages/com.unity.collab-proxy/Editor/Assets/Images/iconclouddriveview.png
  artifactKey: Guid(229870d327005574fb840c2dd8050ec6) Importer(2089858483,b0f066a214c2f5e87bad3c948f4d605d)
Start importing Packages/com.unity.collab-proxy/Editor/Assets/Images/iconclouddriveview.png using Guid(229870d327005574fb840c2dd8050ec6) Importer(2089858483,b0f066a214c2f5e87bad3c948f4d605d) (ScriptedImporter) -> (artifact id: '8d3c8fb57e71c69ac598d7d5880f7272') in 0.0182611 seconds
Number of updated asset objects reloaded before import = 0Number of asset objects unloaded after import = 3

========================================================================
Received Import Request.
  Time since last request: 0.000068 seconds.
  path: Packages/com.unity.collab-proxy/Editor/Assets/Images/d_iconzoomin.png
  artifactKey: Guid(5544f39aea350784ba1dd4ecc285b777) Importer(2089858483,b0f066a214c2f5e87bad3c948f4d605d)
Start importing Packages/com.unity.collab-proxy/Editor/Assets/Images/d_iconzoomin.png using Guid(5544f39aea350784ba1dd4ecc285b777) Importer(2089858483,b0f066a214c2f5e87bad3c948f4d605d) (ScriptedImporter) -> (artifact id: '587aae8d2415cd26b4ec0b59c7159e30') in 0.0166266 seconds
Number of updated asset objects reloaded before import = 0Number of asset objects unloaded after import = 3

========================================================================
Received Import Request.
  Time since last request: 0.000020 seconds.
  path: Packages/com.unity.collab-proxy/Editor/Assets/Images/hideversioncontrol@2x.png
  artifactKey: Guid(fbfdd7d489e0bd54f946ebc8e19db8bd) Importer(2089858483,b0f066a214c2f5e87bad3c948f4d605d)
Start importing Packages/com.unity.collab-proxy/Editor/Assets/Images/hideversioncontrol@2x.png using Guid(fbfdd7d489e0bd54f946ebc8e19db8bd) Importer(2089858483,b0f066a214c2f5e87bad3c948f4d605d) (ScriptedImporter) -> (artifact id: 'ff4cff05166ee1ca68c5d2297e3cb09e') in 0.0162067 seconds
Number of updated asset objects reloaded before import = 0Number of asset objects unloaded after import = 3

========================================================================
Received Import Request.
  Time since last request: 0.000024 seconds.
  path: Packages/com.unity.collab-proxy/Editor/Assets/Images/iconincomingchangesview@2x.png
  artifactKey: Guid(b8263c2f8ead9485180cfeaa9bde0999) Importer(2089858483,b0f066a214c2f5e87bad3c948f4d605d)
Start importing Packages/com.unity.collab-proxy/Editor/Assets/Images/iconincomingchangesview@2x.png using Guid(b8263c2f8ead9485180cfeaa9bde0999) Importer(2089858483,b0f066a214c2f5e87bad3c948f4d605d) (ScriptedImporter) -> (artifact id: 'df0163d427f6f490bdd2b8fc88c38e71') in 0.018459 seconds
Number of updated asset objects reloaded before import = 0Number of asset objects unloaded after import = 3

========================================================================
Received Import Request.
  Time since last request: 0.000020 seconds.
  path: Packages/com.unity.collab-proxy/Editor/Assets/Images/iconaddedoverlay@2x.png
  artifactKey: Guid(74ef721fef79c44489d4e3edb0ab0c01) Importer(2089858483,b0f066a214c2f5e87bad3c948f4d605d)
Start importing Packages/com.unity.collab-proxy/Editor/Assets/Images/iconaddedoverlay@2x.png using Guid(74ef721fef79c44489d4e3edb0ab0c01) Importer(2089858483,b0f066a214c2f5e87bad3c948f4d605d) (ScriptedImporter) -> (artifact id: 'cdef89ac2a6e1c78845fabfa9e3a5317') in 0.0150322 seconds
Number of updated asset objects reloaded before import = 0Number of asset objects unloaded after import = 1

========================================================================
Received Import Request.
  Time since last request: 0.000128 seconds.
  path: Packages/com.unity.collab-proxy/Editor/Assets/Images/iconincomingchangesview.png
  artifactKey: Guid(c677bcd9111fb4514aa1a56844e9006f) Importer(2089858483,b0f066a214c2f5e87bad3c948f4d605d)
Start importing Packages/com.unity.collab-proxy/Editor/Assets/Images/iconincomingchangesview.png using Guid(c677bcd9111fb4514aa1a56844e9006f) Importer(2089858483,b0f066a214c2f5e87bad3c948f4d605d) (ScriptedImporter) -> (artifact id: '802de4f74a99edddfe808dc0e02f82e2') in 0.0146232 seconds
Number of updated asset objects reloaded before import = 0Number of asset objects unloaded after import = 3

========================================================================
Received Import Request.
  Time since last request: 2.401475 seconds.
  path: Packages/com.unity.collab-proxy/Editor/Assets/Images/iconplasticnotifypendingchanges@2x.png
  artifactKey: Guid(eb1c900f0d4a3ee42a9a49630bf88a12) Importer(2089858483,b0f066a214c2f5e87bad3c948f4d605d)
Start importing Packages/com.unity.collab-proxy/Editor/Assets/Images/iconplasticnotifypendingchanges@2x.png using Guid(eb1c900f0d4a3ee42a9a49630bf88a12) Importer(2089858483,b0f066a214c2f5e87bad3c948f4d605d) (ScriptedImporter) -> (artifact id: '45211a704465beb7c10d85d091bf78e9') in 0.0111583 seconds
Number of updated asset objects reloaded before import = 0Number of asset objects unloaded after import = 3

========================================================================
Received Import Request.
  Time since last request: 0.000019 seconds.
  path: Packages/com.unity.collab-proxy/Editor/CodeEditor/Rendering/VisualLineElement.cs
  artifactKey: Guid(d90fa08383d64773aa221be3f519db0d) Importer(2089858483,b0f066a214c2f5e87bad3c948f4d605d)
Start importing Packages/com.unity.collab-proxy/Editor/CodeEditor/Rendering/VisualLineElement.cs using Guid(d90fa08383d64773aa221be3f519db0d) Importer(2089858483,b0f066a214c2f5e87bad3c948f4d605d) (ScriptedImporter) -> (artifact id: '190c385e93dc7684841f0bc2426f2bef') in 0.0054 seconds
Number of updated asset objects reloaded before import = 0Number of asset objects unloaded after import = 0

========================================================================
Received Import Request.
  Time since last request: 0.000098 seconds.
  path: Packages/com.unity.collab-proxy/Editor/CodeEditor/Editing/CaretWeakEventHandler.cs
  artifactKey: Guid(e76f45abe6dcffe438b00d78c0aca721) Importer(2089858483,b0f066a214c2f5e87bad3c948f4d605d)
Start importing Packages/com.unity.collab-proxy/Editor/CodeEditor/Editing/CaretWeakEventHandler.cs using Guid(e76f45abe6dcffe438b00d78c0aca721) Importer(2089858483,b0f066a214c2f5e87bad3c948f4d605d) (ScriptedImporter) -> (artifact id: '77bdb82aa0741b2f361adadf35683b8d') in 0.0052485 seconds
Number of updated asset objects reloaded before import = 0Number of asset objects unloaded after import = 0

========================================================================
Received Import Request.
  Time since last request: 0.000091 seconds.
  path: Packages/com.unity.collab-proxy/Editor/CodeEditor/Utils/PropertyChangedWeakEventManager.cs
  artifactKey: Guid(8e419520e9d6e49c8bae5052896fe460) Importer(2089858483,b0f066a214c2f5e87bad3c948f4d605d)
Start importing Packages/com.unity.collab-proxy/Editor/CodeEditor/Utils/PropertyChangedWeakEventManager.cs using Guid(8e419520e9d6e49c8bae5052896fe460) Importer(2089858483,b0f066a214c2f5e87bad3c948f4d605d) (ScriptedImporter) -> (artifact id: '6bb7f70a6f20d90abf126126229c57e2') in 0.006363 seconds
Number of updated asset objects reloaded before import = 0Number of asset objects unloaded after import = 0

========================================================================
Received Import Request.
  Time since last request: 0.000108 seconds.
  path: Packages/com.unity.collab-proxy/Editor/CodeEditor/Document/DocumentLineTree.cs
  artifactKey: Guid(7d8e4407573404e26af41eacb660eb3e) Importer(2089858483,b0f066a214c2f5e87bad3c948f4d605d)
Start importing Packages/com.unity.collab-proxy/Editor/CodeEditor/Document/DocumentLineTree.cs using Guid(7d8e4407573404e26af41eacb660eb3e) Importer(2089858483,b0f066a214c2f5e87bad3c948f4d605d) (ScriptedImporter) -> (artifact id: 'ca5eea85c788816d006d0c6b272a84b8') in 0.005856 seconds
Number of updated asset objects reloaded before import = 0Number of asset objects unloaded after import = 0

========================================================================
Received Import Request.
  Time since last request: 0.000158 seconds.
  path: Packages/com.unity.collab-proxy/Editor/Assets/Images/iconretainedoverlay@2x.png
  artifactKey: Guid(a01087ce1455c7e4c8f2410c26afcfd2) Importer(2089858483,b0f066a214c2f5e87bad3c948f4d605d)
Start importing Packages/com.unity.collab-proxy/Editor/Assets/Images/iconretainedoverlay@2x.png using Guid(a01087ce1455c7e4c8f2410c26afcfd2) Importer(2089858483,b0f066a214c2f5e87bad3c948f4d605d) (ScriptedImporter) -> (artifact id: '7873247b60c69923e300f4f827279ce9') in 0.0137655 seconds
Number of updated asset objects reloaded before import = 0Number of asset objects unloaded after import = 3

========================================================================
Received Import Request.
  Time since last request: 0.000022 seconds.
  path: Packages/com.unity.collab-proxy/Editor/Assets/Layouts/OrganizationPanel.uxml
  artifactKey: Guid(b6420407edc75d04f89d57eb2fcc314b) Importer(2089858483,b0f066a214c2f5e87bad3c948f4d605d)
Start importing Packages/com.unity.collab-proxy/Editor/Assets/Layouts/OrganizationPanel.uxml using Guid(b6420407edc75d04f89d57eb2fcc314b) Importer(2089858483,b0f066a214c2f5e87bad3c948f4d605d) (ScriptedImporter) -> (artifact id: '6a02aa4f29f3985a9f0c822dc1908efc') in 0.0824363 seconds
Number of updated asset objects reloaded before import = 0Number of asset objects unloaded after import = 2

========================================================================
Received Import Request.
  Time since last request: 0.000025 seconds.
  path: Packages/com.unity.collab-proxy/Editor/CodeEditor/Document/RopeTextSource.cs
  artifactKey: Guid(f053b65364b4545b38e5a456af79939e) Importer(2089858483,b0f066a214c2f5e87bad3c948f4d605d)
Start importing Packages/com.unity.collab-proxy/Editor/CodeEditor/Document/RopeTextSource.cs using Guid(f053b65364b4545b38e5a456af79939e) Importer(2089858483,b0f066a214c2f5e87bad3c948f4d605d) (ScriptedImporter) -> (artifact id: '051ee15985b4ffd0aca21eafaa20519b') in 0.006273 seconds
Number of updated asset objects reloaded before import = 0Number of asset objects unloaded after import = 0

========================================================================
Received Import Request.
  Time since last request: 0.000152 seconds.
  path: Packages/com.unity.collab-proxy/Editor/CloudDrive/CreateWorkspace/CreateWorkspaceDialog.cs
  artifactKey: Guid(179af60903151564bb6b3157bce93991) Importer(2089858483,b0f066a214c2f5e87bad3c948f4d605d)
Start importing Packages/com.unity.collab-proxy/Editor/CloudDrive/CreateWorkspace/CreateWorkspaceDialog.cs using Guid(179af60903151564bb6b3157bce93991) Importer(2089858483,b0f066a214c2f5e87bad3c948f4d605d) (ScriptedImporter) -> (artifact id: '3d83a1c8a6e4fb746858ad3f1ca64648') in 0.0071366 seconds
Number of updated asset objects reloaded before import = 0Number of asset objects unloaded after import = 0

========================================================================
Received Import Request.
  Time since last request: 0.000144 seconds.
  path: Packages/com.unity.collab-proxy/Editor/Assets/Images/step2.png
  artifactKey: Guid(cd0b17b71a5c498428ee91dee8a78a88) Importer(2089858483,b0f066a214c2f5e87bad3c948f4d605d)
Start importing Packages/com.unity.collab-proxy/Editor/Assets/Images/step2.png using Guid(cd0b17b71a5c498428ee91dee8a78a88) Importer(2089858483,b0f066a214c2f5e87bad3c948f4d605d) (ScriptedImporter) -> (artifact id: 'a818b8abaccee345655d72f5f647f836') in 0.0154831 seconds
Number of updated asset objects reloaded before import = 0Number of asset objects unloaded after import = 1

========================================================================
Received Import Request.
  Time since last request: 0.000078 seconds.
  path: Packages/com.unity.collab-proxy/Editor/CodeEditor/Editing/CaretLayer.cs
  artifactKey: Guid(0c13d6a1dbd74659becd6e9d0d519282) Importer(2089858483,b0f066a214c2f5e87bad3c948f4d605d)
Start importing Packages/com.unity.collab-proxy/Editor/CodeEditor/Editing/CaretLayer.cs using Guid(0c13d6a1dbd74659becd6e9d0d519282) Importer(2089858483,b0f066a214c2f5e87bad3c948f4d605d) (ScriptedImporter) -> (artifact id: '21da5b717bbb606d201d3a64615ea55e') in 0.0074331 seconds
Number of updated asset objects reloaded before import = 0Number of asset objects unloaded after import = 0

========================================================================
Received Import Request.
  Time since last request: 0.000103 seconds.
  path: Packages/com.unity.collab-proxy/Editor/UI/Errors/ErrorListViewItem.cs
  artifactKey: Guid(71c34e5fa319ca644b6806e573c33d88) Importer(2089858483,b0f066a214c2f5e87bad3c948f4d605d)
Start importing Packages/com.unity.collab-proxy/Editor/UI/Errors/ErrorListViewItem.cs using Guid(71c34e5fa319ca644b6806e573c33d88) Importer(2089858483,b0f066a214c2f5e87bad3c948f4d605d) (ScriptedImporter) -> (artifact id: '011a01a68c56090fc10ff9e270e39303') in 0.0059697 seconds
Number of updated asset objects reloaded before import = 0Number of asset objects unloaded after import = 0

========================================================================
Received Import Request.
  Time since last request: 0.000094 seconds.
  path: Packages/com.unity.collab-proxy/Editor/CodeEditor/Document/ITextAnchor.cs
  artifactKey: Guid(1cb83927eaf714ec9ad8234a784bb1a9) Importer(2089858483,b0f066a214c2f5e87bad3c948f4d605d)
Start importing Packages/com.unity.collab-proxy/Editor/CodeEditor/Document/ITextAnchor.cs using Guid(1cb83927eaf714ec9ad8234a784bb1a9) Importer(2089858483,b0f066a214c2f5e87bad3c948f4d605d) (ScriptedImporter) -> (artifact id: '80550e90bcdced035b8c674438026802') in 0.0059646 seconds
Number of updated asset objects reloaded before import = 0Number of asset objects unloaded after import = 0

========================================================================
Received Import Request.
  Time since last request: 0.000101 seconds.
  path: Packages/com.unity.collab-proxy/Editor/CodeEditor/Rendering/SimpleTextSource.cs
  artifactKey: Guid(3d90656409b04b918d9e0abfefbc39df) Importer(2089858483,b0f066a214c2f5e87bad3c948f4d605d)
Start importing Packages/com.unity.collab-proxy/Editor/CodeEditor/Rendering/SimpleTextSource.cs using Guid(3d90656409b04b918d9e0abfefbc39df) Importer(2089858483,b0f066a214c2f5e87bad3c948f4d605d) (ScriptedImporter) -> (artifact id: '7d950c310f707e6c447cd305b112f1ca') in 0.0073462 seconds
Number of updated asset objects reloaded before import = 0Number of asset objects unloaded after import = 0

========================================================================
Received Import Request.
  Time since last request: 0.000055 seconds.
  path: Packages/com.unity.collab-proxy/Editor/CodeEditor/Rendering/VisualLinesInvalidException.cs
  artifactKey: Guid(17983278f10d4455a8b77556019ab3b1) Importer(2089858483,b0f066a214c2f5e87bad3c948f4d605d)
Start importing Packages/com.unity.collab-proxy/Editor/CodeEditor/Rendering/VisualLinesInvalidException.cs using Guid(17983278f10d4455a8b77556019ab3b1) Importer(2089858483,b0f066a214c2f5e87bad3c948f4d605d) (ScriptedImporter) -> (artifact id: '6f9a49e39f9db494a66323509f245210') in 0.006437 seconds
Number of updated asset objects reloaded before import = 0Number of asset objects unloaded after import = 0

========================================================================
Received Import Request.
  Time since last request: 0.000108 seconds.
  path: Packages/com.unity.collab-proxy/Editor/CloudDrive/CreateWorkspace/CollaboratorsListViewItem.cs
  artifactKey: Guid(a287a16eb8f0400e86cec102678ab7a5) Importer(2089858483,b0f066a214c2f5e87bad3c948f4d605d)
Start importing Packages/com.unity.collab-proxy/Editor/CloudDrive/CreateWorkspace/CollaboratorsListViewItem.cs using Guid(a287a16eb8f0400e86cec102678ab7a5) Importer(2089858483,b0f066a214c2f5e87bad3c948f4d605d) (ScriptedImporter) -> (artifact id: 'c037687e79d632da56502d392e67947c') in 0.008278 seconds
Number of updated asset objects reloaded before import = 0Number of asset objects unloaded after import = 0

========================================================================
Received Import Request.
  Time since last request: 0.000169 seconds.
  path: Packages/com.unity.collab-proxy/Editor/Assets/Images/secondarytabclose.png
  artifactKey: Guid(03cefa94d5aa9d74993fb2138af9d607) Importer(2089858483,b0f066a214c2f5e87bad3c948f4d605d)
Start importing Packages/com.unity.collab-proxy/Editor/Assets/Images/secondarytabclose.png using Guid(03cefa94d5aa9d74993fb2138af9d607) Importer(2089858483,b0f066a214c2f5e87bad3c948f4d605d) (ScriptedImporter) -> (artifact id: '8a7273c7781aad96d2af4b411eea7832') in 0.0133861 seconds
Number of updated asset objects reloaded before import = 0Number of asset objects unloaded after import = 1

========================================================================
Received Import Request.
  Time since last request: 0.000184 seconds.
  path: Packages/com.unity.collab-proxy/Editor/CodeEditor/Rendering/LinkElementGenerator.cs
  artifactKey: Guid(19c0616fcade47d78aaa68d248a445e3) Importer(2089858483,b0f066a214c2f5e87bad3c948f4d605d)
Start importing Packages/com.unity.collab-proxy/Editor/CodeEditor/Rendering/LinkElementGenerator.cs using Guid(19c0616fcade47d78aaa68d248a445e3) Importer(2089858483,b0f066a214c2f5e87bad3c948f4d605d) (ScriptedImporter) -> (artifact id: '0d074c7ca6d989dba4b436041cde7356') in 0.0072701 seconds
Number of updated asset objects reloaded before import = 0Number of asset objects unloaded after import = 0

========================================================================
Received Import Request.
  Time since last request: 0.000089 seconds.
  path: Packages/com.unity.collab-proxy/Editor/CodeEditor/Rendering/HeightTreeNode.cs
  artifactKey: Guid(804b447ae94d4867aaebc623b9e491f6) Importer(2089858483,b0f066a214c2f5e87bad3c948f4d605d)
Start importing Packages/com.unity.collab-proxy/Editor/CodeEditor/Rendering/HeightTreeNode.cs using Guid(804b447ae94d4867aaebc623b9e491f6) Importer(2089858483,b0f066a214c2f5e87bad3c948f4d605d) (ScriptedImporter) -> (artifact id: 'ceb7b74b3cea0c880a61dedec889b15d') in 0.0072892 seconds
Number of updated asset objects reloaded before import = 0Number of asset objects unloaded after import = 0

========================================================================
Received Import Request.
  Time since last request: 0.000071 seconds.
  path: Packages/com.unity.collab-proxy/Editor/Assets/Styles/TeamEditionConfigurationWindow.uss
  artifactKey: Guid(1cd69f37df825af4385cd9efe745fc30) Importer(2089858483,b0f066a214c2f5e87bad3c948f4d605d)
Start importing Packages/com.unity.collab-proxy/Editor/Assets/Styles/TeamEditionConfigurationWindow.uss using Guid(1cd69f37df825af4385cd9efe745fc30) Importer(2089858483,b0f066a214c2f5e87bad3c948f4d605d) (ScriptedImporter) -> (artifact id: '23f68062e29dfafad4bd0002c97f8eb4') in 0.0184176 seconds
Number of updated asset objects reloaded before import = 0Number of asset objects unloaded after import = 2

========================================================================
Received Import Request.
  Time since last request: 0.000029 seconds.
  path: Packages/com.unity.collab-proxy/Editor/CodeEditor/Document/UndoOperationGroup.cs
  artifactKey: Guid(420fb70569c5a44e19076a23cf7a7cce) Importer(2089858483,b0f066a214c2f5e87bad3c948f4d605d)
Start importing Packages/com.unity.collab-proxy/Editor/CodeEditor/Document/UndoOperationGroup.cs using Guid(420fb70569c5a44e19076a23cf7a7cce) Importer(2089858483,b0f066a214c2f5e87bad3c948f4d605d) (ScriptedImporter) -> (artifact id: '5e23940f851c2297184fd4fbed057704') in 0.0064935 seconds
Number of updated asset objects reloaded before import = 0Number of asset objects unloaded after import = 0

========================================================================
Received Import Request.
  Time since last request: 0.000133 seconds.
  path: Packages/com.unity.collab-proxy/Editor/Assets/Images/iconzoomin.png
  artifactKey: Guid(bf9a3e542f66af64a80a6631aa93e516) Importer(2089858483,b0f066a214c2f5e87bad3c948f4d605d)
Start importing Packages/com.unity.collab-proxy/Editor/Assets/Images/iconzoomin.png using Guid(bf9a3e542f66af64a80a6631aa93e516) Importer(2089858483,b0f066a214c2f5e87bad3c948f4d605d) (ScriptedImporter) -> (artifact id: '20f461fb86d8833aa5771f88c3619aa3') in 0.0210263 seconds
Number of updated asset objects reloaded before import = 0Number of asset objects unloaded after import = 3

========================================================================
Received Import Request.
  Time since last request: 0.000030 seconds.
  path: Packages/com.unity.collab-proxy/Editor/Gluon/UpdateReport/ErrorListViewItem.cs
  artifactKey: Guid(0188683ab76112f4897348feb19a3b77) Importer(2089858483,b0f066a214c2f5e87bad3c948f4d605d)
Start importing Packages/com.unity.collab-proxy/Editor/Gluon/UpdateReport/ErrorListViewItem.cs using Guid(0188683ab76112f4897348feb19a3b77) Importer(2089858483,b0f066a214c2f5e87bad3c948f4d605d) (ScriptedImporter) -> (artifact id: 'ac654a88e7ea8c241273fc52d4003474') in 0.0084282 seconds
Number of updated asset objects reloaded before import = 0Number of asset objects unloaded after import = 0

========================================================================
Received Import Request.
  Time since last request: 0.000091 seconds.
  path: Packages/com.unity.collab-proxy/Editor/CodeEditor/Document/IDocument.cs
  artifactKey: Guid(d170e6aba78146b09759f774ef27c7fd) Importer(2089858483,b0f066a214c2f5e87bad3c948f4d605d)
Start importing Packages/com.unity.collab-proxy/Editor/CodeEditor/Document/IDocument.cs using Guid(d170e6aba78146b09759f774ef27c7fd) Importer(2089858483,b0f066a214c2f5e87bad3c948f4d605d) (ScriptedImporter) -> (artifact id: '8e4977360d6b43c2f04e33f68017964d') in 0.0093715 seconds
Number of updated asset objects reloaded before import = 0Number of asset objects unloaded after import = 0

========================================================================
Received Import Request.
  Time since last request: 0.000150 seconds.
  path: Packages/com.unity.collab-proxy/Editor/CodeEditor/Utils/DelayedEvents.cs
  artifactKey: Guid(b82decbecd7e9441b9e870133239aeee) Importer(2089858483,b0f066a214c2f5e87bad3c948f4d605d)
Start importing Packages/com.unity.collab-proxy/Editor/CodeEditor/Utils/DelayedEvents.cs using Guid(b82decbecd7e9441b9e870133239aeee) Importer(2089858483,b0f066a214c2f5e87bad3c948f4d605d) (ScriptedImporter) -> (artifact id: 'a8916e37eb53b605b516170834b14232') in 0.0080837 seconds
Number of updated asset objects reloaded before import = 0Number of asset objects unloaded after import = 0

========================================================================
Received Import Request.
  Time since last request: 0.000025 seconds.
  path: Packages/com.unity.collab-proxy/Editor/Assets/Images/iconundo@2x.png
  artifactKey: Guid(0dfbb2b6ddcdd254da80e3418498b3a6) Importer(2089858483,b0f066a214c2f5e87bad3c948f4d605d)
Start importing Packages/com.unity.collab-proxy/Editor/Assets/Images/iconundo@2x.png using Guid(0dfbb2b6ddcdd254da80e3418498b3a6) Importer(2089858483,b0f066a214c2f5e87bad3c948f4d605d) (ScriptedImporter) -> (artifact id: '9620e073a20470413c3e862ca742d59e') in 0.0138519 seconds
Number of updated asset objects reloaded before import = 0Number of asset objects unloaded after import = 1

========================================================================
Received Import Request.
  Time since last request: 0.000059 seconds.
  path: Packages/com.unity.collab-proxy/Editor/CodeEditor/Document/UndoStack.cs
  artifactKey: Guid(fdc8bc956a06142009aad60c2e917c9b) Importer(2089858483,b0f066a214c2f5e87bad3c948f4d605d)
Start importing Packages/com.unity.collab-proxy/Editor/CodeEditor/Document/UndoStack.cs using Guid(fdc8bc956a06142009aad60c2e917c9b) Importer(2089858483,b0f066a214c2f5e87bad3c948f4d605d) (ScriptedImporter) -> (artifact id: '3c8882b2245324daa7b3169cfb88170b') in 0.0095745 seconds
Number of updated asset objects reloaded before import = 0Number of asset objects unloaded after import = 0

========================================================================
Received Import Request.
  Time since last request: 0.000058 seconds.
  path: Packages/com.unity.collab-proxy/Editor/Diff/Text/DiffControl.cs
  artifactKey: Guid(c7b330f4dd3b4e53a44bde385af89aed) Importer(2089858483,b0f066a214c2f5e87bad3c948f4d605d)
Start importing Packages/com.unity.collab-proxy/Editor/Diff/Text/DiffControl.cs using Guid(c7b330f4dd3b4e53a44bde385af89aed) Importer(2089858483,b0f066a214c2f5e87bad3c948f4d605d) (ScriptedImporter) -> (artifact id: '6996c28188286594486bc1dcea296bd0') in 0.0074497 seconds
Number of updated asset objects reloaded before import = 0Number of asset objects unloaded after import = 0

========================================================================
Received Import Request.
  Time since last request: 0.000150 seconds.
  path: Packages/com.unity.collab-proxy/Editor/CodeEditor/Document/TextAnchorNode.cs
  artifactKey: Guid(8d60b8806ad5a453e978d149b4442288) Importer(2089858483,b0f066a214c2f5e87bad3c948f4d605d)
Start importing Packages/com.unity.collab-proxy/Editor/CodeEditor/Document/TextAnchorNode.cs using Guid(8d60b8806ad5a453e978d149b4442288) Importer(2089858483,b0f066a214c2f5e87bad3c948f4d605d) (ScriptedImporter) -> (artifact id: 'edbd3bbb30251496fd1afd7e4f98f084') in 0.0088075 seconds
Number of updated asset objects reloaded before import = 0Number of asset objects unloaded after import = 0

========================================================================
Received Import Request.
  Time since last request: 0.000068 seconds.
  path: Packages/com.unity.collab-proxy/Editor/Diff/Asset/AssetContentControl.cs
  artifactKey: Guid(57a63f5d522d4da98a48cb71348c223e) Importer(2089858483,b0f066a214c2f5e87bad3c948f4d605d)
Start importing Packages/com.unity.collab-proxy/Editor/Diff/Asset/AssetContentControl.cs using Guid(57a63f5d522d4da98a48cb71348c223e) Importer(2089858483,b0f066a214c2f5e87bad3c948f4d605d) (ScriptedImporter) -> (artifact id: '3546c155bd60d39fc3983ce0d86f330c') in 0.0083364 seconds
Number of updated asset objects reloaded before import = 0Number of asset objects unloaded after import = 0

========================================================================
Received Import Request.
  Time since last request: 0.000147 seconds.
  path: Packages/com.unity.collab-proxy/Editor/Assets/Images/iconpressedclosebutton.png
  artifactKey: Guid(94fe868620119564f9474f40cd6145aa) Importer(2089858483,b0f066a214c2f5e87bad3c948f4d605d)
Start importing Packages/com.unity.collab-proxy/Editor/Assets/Images/iconpressedclosebutton.png using Guid(94fe868620119564f9474f40cd6145aa) Importer(2089858483,b0f066a214c2f5e87bad3c948f4d605d) (ScriptedImporter) -> (artifact id: '5ee3237caa1c3b3f201031188cb6f0fe') in 0.0175005 seconds
Number of updated asset objects reloaded before import = 0Number of asset objects unloaded after import = 1

========================================================================
Received Import Request.
  Time since last request: 0.000097 seconds.
  path: Packages/com.unity.collab-proxy/Editor/CodeEditor/Editing/DragDropException.cs
  artifactKey: Guid(4809ab5cb1988e5449f9e1911e77d7ef) Importer(2089858483,b0f066a214c2f5e87bad3c948f4d605d)
Start importing Packages/com.unity.collab-proxy/Editor/CodeEditor/Editing/DragDropException.cs using Guid(4809ab5cb1988e5449f9e1911e77d7ef) Importer(2089858483,b0f066a214c2f5e87bad3c948f4d605d) (ScriptedImporter) -> (artifact id: 'fed1ec807c0b83fd115eb2101d8317a4') in 0.0100523 seconds
Number of updated asset objects reloaded before import = 0Number of asset objects unloaded after import = 0

========================================================================
Received Import Request.
  Time since last request: 0.000027 seconds.
  path: Packages/com.unity.collab-proxy/Editor/Assets/Styles/SignInWithEmailPanel.uss
  artifactKey: Guid(b37675bc656348c429a6c56b2eda1345) Importer(2089858483,b0f066a214c2f5e87bad3c948f4d605d)
Start importing Packages/com.unity.collab-proxy/Editor/Assets/Styles/SignInWithEmailPanel.uss using Guid(b37675bc656348c429a6c56b2eda1345) Importer(2089858483,b0f066a214c2f5e87bad3c948f4d605d) (ScriptedImporter) -> (artifact id: '902b53351ae73c1beaa2bc4d5b93238b') in 0.0136358 seconds
Number of updated asset objects reloaded before import = 0Number of asset objects unloaded after import = 2

========================================================================
Received Import Request.
  Time since last request: 0.000026 seconds.
  path: Packages/com.unity.collab-proxy/Editor/CodeEditor/Rendering/SingleCharacterElementGenerator.cs
  artifactKey: Guid(e50698d1043640dc8ef26d6236f48f1b) Importer(2089858483,b0f066a214c2f5e87bad3c948f4d605d)
Start importing Packages/com.unity.collab-proxy/Editor/CodeEditor/Rendering/SingleCharacterElementGenerator.cs using Guid(e50698d1043640dc8ef26d6236f48f1b) Importer(2089858483,b0f066a214c2f5e87bad3c948f4d605d) (ScriptedImporter) -> (artifact id: 'add1a7f40b2c6c025711596950b025be') in 0.0093737 seconds
Number of updated asset objects reloaded before import = 0Number of asset objects unloaded after import = 0

========================================================================
Received Import Request.
  Time since last request: 0.000099 seconds.
  path: Packages/com.unity.collab-proxy/Editor/CodeEditor/Utils/IImmutableStack.cs
  artifactKey: Guid(3dce8f801e8649c8951ef1edd8c8df5c) Importer(2089858483,b0f066a214c2f5e87bad3c948f4d605d)
Start importing Packages/com.unity.collab-proxy/Editor/CodeEditor/Utils/IImmutableStack.cs using Guid(3dce8f801e8649c8951ef1edd8c8df5c) Importer(2089858483,b0f066a214c2f5e87bad3c948f4d605d) (ScriptedImporter) -> (artifact id: '187cc7ea0f30a2224f88a71525ecf674') in 0.0076628 seconds
Number of updated asset objects reloaded before import = 0Number of asset objects unloaded after import = 0

========================================================================
Received Import Request.
  Time since last request: 0.000147 seconds.
  path: Packages/com.unity.collab-proxy/Editor/Assets/Styles/OrganizationPanel.uss
  artifactKey: Guid(642639f75f2dfbd4ab01e6708b58f304) Importer(2089858483,b0f066a214c2f5e87bad3c948f4d605d)
Start importing Packages/com.unity.collab-proxy/Editor/Assets/Styles/OrganizationPanel.uss using Guid(642639f75f2dfbd4ab01e6708b58f304) Importer(2089858483,b0f066a214c2f5e87bad3c948f4d605d) (ScriptedImporter) -> (artifact id: '70cbb650b8bafdf8610e021cb7994f9a') in 0.0112599 seconds
Number of updated asset objects reloaded before import = 0Number of asset objects unloaded after import = 2

========================================================================
Received Import Request.
  Time since last request: 0.000054 seconds.
  path: Packages/com.unity.collab-proxy/Editor/CodeEditor/Editing/EditingCommandHandler.cs
  artifactKey: Guid(6c67e63daeb772a4ca7887f421833c0c) Importer(2089858483,b0f066a214c2f5e87bad3c948f4d605d)
Start importing Packages/com.unity.collab-proxy/Editor/CodeEditor/Editing/EditingCommandHandler.cs using Guid(6c67e63daeb772a4ca7887f421833c0c) Importer(2089858483,b0f066a214c2f5e87bad3c948f4d605d) (ScriptedImporter) -> (artifact id: '37b999b8349a83adab9e76727d06497c') in 0.0088434 seconds
Number of updated asset objects reloaded before import = 0Number of asset objects unloaded after import = 0

========================================================================
Received Import Request.
  Time since last request: 0.000132 seconds.
  path: Packages/com.unity.collab-proxy/Editor/CodeEditor/Text/TextFormatter.cs
  artifactKey: Guid(6ff43a353ef749139882e055ebd32a3d) Importer(2089858483,b0f066a214c2f5e87bad3c948f4d605d)
Start importing Packages/com.unity.collab-proxy/Editor/CodeEditor/Text/TextFormatter.cs using Guid(6ff43a353ef749139882e055ebd32a3d) Importer(2089858483,b0f066a214c2f5e87bad3c948f4d605d) (ScriptedImporter) -> (artifact id: '462bd67fd09d44f2b03b48b235d52f3c') in 0.0071465 seconds
Number of updated asset objects reloaded before import = 0Number of asset objects unloaded after import = 0

========================================================================
Received Import Request.
  Time since last request: 0.000185 seconds.
  path: Packages/com.unity.collab-proxy/Editor/CodeEditor/Utils/PixelSnapHelpers.cs
  artifactKey: Guid(3fcf00e98ccc48b9beb80ae65c586683) Importer(2089858483,b0f066a214c2f5e87bad3c948f4d605d)
Start importing Packages/com.unity.collab-proxy/Editor/CodeEditor/Utils/PixelSnapHelpers.cs using Guid(3fcf00e98ccc48b9beb80ae65c586683) Importer(2089858483,b0f066a214c2f5e87bad3c948f4d605d) (ScriptedImporter) -> (artifact id: 'e742e1982f994baabc6498ded3c72775') in 0.0079818 seconds
Number of updated asset objects reloaded before import = 0Number of asset objects unloaded after import = 0

========================================================================
Received Import Request.
  Time since last request: 0.000119 seconds.
  path: Packages/com.unity.collab-proxy/Editor/CodeEditor/Document/TextDocumentWeakEventManager.cs
  artifactKey: Guid(4e43250273a4d4b3392541c97d1eb150) Importer(2089858483,b0f066a214c2f5e87bad3c948f4d605d)
Start importing Packages/com.unity.collab-proxy/Editor/CodeEditor/Document/TextDocumentWeakEventManager.cs using Guid(4e43250273a4d4b3392541c97d1eb150) Importer(2089858483,b0f066a214c2f5e87bad3c948f4d605d) (ScriptedImporter) -> (artifact id: '282f8e3ad4aed29d646087eb5f4019a2') in 0.0083704 seconds
Number of updated asset objects reloaded before import = 0Number of asset objects unloaded after import = 0

========================================================================
Received Import Request.
  Time since last request: 0.000197 seconds.
  path: Packages/com.unity.collab-proxy/Editor/CodeEditor/Document/TextSegmentCollection.cs
  artifactKey: Guid(7289a765b886748bcb6d677f6977fc52) Importer(2089858483,b0f066a214c2f5e87bad3c948f4d605d)
Start importing Packages/com.unity.collab-proxy/Editor/CodeEditor/Document/TextSegmentCollection.cs using Guid(7289a765b886748bcb6d677f6977fc52) Importer(2089858483,b0f066a214c2f5e87bad3c948f4d605d) (ScriptedImporter) -> (artifact id: 'e16b225fca0dc3556e098c34dbb9cb41') in 0.0077368 seconds
Number of updated asset objects reloaded before import = 0Number of asset objects unloaded after import = 0

========================================================================
Received Import Request.
  Time since last request: 0.000093 seconds.
  path: Packages/com.unity.collab-proxy/Editor/Assets/Images/iconshelve@2x.png
  artifactKey: Guid(695fbddd7238dc94c8f102d9191c2886) Importer(2089858483,b0f066a214c2f5e87bad3c948f4d605d)
Start importing Packages/com.unity.collab-proxy/Editor/Assets/Images/iconshelve@2x.png using Guid(695fbddd7238dc94c8f102d9191c2886) Importer(2089858483,b0f066a214c2f5e87bad3c948f4d605d) (ScriptedImporter) -> (artifact id: '673ad36af2ff7fbb7a79957866521f52') in 0.0178144 seconds
Number of updated asset objects reloaded before import = 0Number of asset objects unloaded after import = 3

========================================================================
Received Import Request.
  Time since last request: 0.000021 seconds.
  path: Packages/com.unity.collab-proxy/Editor/CodeEditor/TextMate/TextMate.cs
  artifactKey: Guid(0040383d747f4e9392c3c770bded7f25) Importer(2089858483,b0f066a214c2f5e87bad3c948f4d605d)
Start importing Packages/com.unity.collab-proxy/Editor/CodeEditor/TextMate/TextMate.cs using Guid(0040383d747f4e9392c3c770bded7f25) Importer(2089858483,b0f066a214c2f5e87bad3c948f4d605d) (ScriptedImporter) -> (artifact id: '3571f7a61d07794d86a33757f17a4a27') in 0.0086043 seconds
Number of updated asset objects reloaded before import = 0Number of asset objects unloaded after import = 0

========================================================================
Received Import Request.
  Time since last request: 0.000120 seconds.
  path: Packages/com.unity.collab-proxy/Editor/Gluon/UpdateReport/UpdateReportListHeaderState.cs
  artifactKey: Guid(f40a58028b39d3f4bbebe1f6cf919271) Importer(2089858483,b0f066a214c2f5e87bad3c948f4d605d)
Start importing Packages/com.unity.collab-proxy/Editor/Gluon/UpdateReport/UpdateReportListHeaderState.cs using Guid(f40a58028b39d3f4bbebe1f6cf919271) Importer(2089858483,b0f066a214c2f5e87bad3c948f4d605d) (ScriptedImporter) -> (artifact id: 'ba3258d249cb8f5a15079d66d7f30f37') in 0.0067431 seconds
Number of updated asset objects reloaded before import = 0Number of asset objects unloaded after import = 0

========================================================================
Received Import Request.
  Time since last request: 0.000097 seconds.
  path: Packages/com.unity.collab-proxy/Editor/CodeEditor/Editing/SimpleSelection.cs
  artifactKey: Guid(e9659e74fbe8f46bdaded071ce191504) Importer(2089858483,b0f066a214c2f5e87bad3c948f4d605d)
Start importing Packages/com.unity.collab-proxy/Editor/CodeEditor/Editing/SimpleSelection.cs using Guid(e9659e74fbe8f46bdaded071ce191504) Importer(2089858483,b0f066a214c2f5e87bad3c948f4d605d) (ScriptedImporter) -> (artifact id: 'cb09d0c645738606f54b4d8b87c488a6') in 0.0090533 seconds
Number of updated asset objects reloaded before import = 0Number of asset objects unloaded after import = 0

========================================================================
Received Import Request.
  Time since last request: 0.000166 seconds.
  path: Packages/com.unity.collab-proxy/Editor/CodeEditor/Editing/RectangleSelection.cs
  artifactKey: Guid(d7f4b39ab0334bd38d1a9f3ec0f60625) Importer(2089858483,b0f066a214c2f5e87bad3c948f4d605d)
Start importing Packages/com.unity.collab-proxy/Editor/CodeEditor/Editing/RectangleSelection.cs using Guid(d7f4b39ab0334bd38d1a9f3ec0f60625) Importer(2089858483,b0f066a214c2f5e87bad3c948f4d605d) (ScriptedImporter) -> (artifact id: 'cd3a975254865b1f21675605315ee1e7') in 0.0085255 seconds
Number of updated asset objects reloaded before import = 0Number of asset objects unloaded after import = 0

========================================================================
Received Import Request.
  Time since last request: 0.000105 seconds.
  path: Packages/com.unity.collab-proxy/Editor/Diff/Text/ContentControl.cs
  artifactKey: Guid(2c80adc488044eddbad72e2e92f8bba2) Importer(2089858483,b0f066a214c2f5e87bad3c948f4d605d)
Start importing Packages/com.unity.collab-proxy/Editor/Diff/Text/ContentControl.cs using Guid(2c80adc488044eddbad72e2e92f8bba2) Importer(2089858483,b0f066a214c2f5e87bad3c948f4d605d) (ScriptedImporter) -> (artifact id: 'cadc67c2491651c5c4159dc42a757a79') in 0.0075259 seconds
Number of updated asset objects reloaded before import = 0Number of asset objects unloaded after import = 0

========================================================================
Received Import Request.
  Time since last request: 0.000063 seconds.
  path: Packages/com.unity.collab-proxy/Editor/CodeEditor/Platform/PlatformHotkeyConfiguration.cs
  artifactKey: Guid(0038f75bdeed4f27a4ff0d1a241932b6) Importer(2089858483,b0f066a214c2f5e87bad3c948f4d605d)
Start importing Packages/com.unity.collab-proxy/Editor/CodeEditor/Platform/PlatformHotkeyConfiguration.cs using Guid(0038f75bdeed4f27a4ff0d1a241932b6) Importer(2089858483,b0f066a214c2f5e87bad3c948f4d605d) (ScriptedImporter) -> (artifact id: '2553d3c5092528031750840d1e5ea226') in 0.0079245 seconds
Number of updated asset objects reloaded before import = 0Number of asset objects unloaded after import = 0

========================================================================
Received Import Request.
  Time since last request: 0.000119 seconds.
  path: Packages/com.unity.collab-proxy/Editor/CodeEditor/Document/DocumentTextWriter.cs
  artifactKey: Guid(36d9d402826ee48d8816a061c1aba22e) Importer(2089858483,b0f066a214c2f5e87bad3c948f4d605d)
Start importing Packages/com.unity.collab-proxy/Editor/CodeEditor/Document/DocumentTextWriter.cs using Guid(36d9d402826ee48d8816a061c1aba22e) Importer(2089858483,b0f066a214c2f5e87bad3c948f4d605d) (ScriptedImporter) -> (artifact id: '5700b30c9fab825abdab451e29652116') in 0.0081428 seconds
Number of updated asset objects reloaded before import = 0Number of asset objects unloaded after import = 0

========================================================================
Received Import Request.
  Time since last request: 0.000074 seconds.
  path: Packages/com.unity.collab-proxy/Editor/CodeEditor/Rendering/VisualLineElementGenerator.cs
  artifactKey: Guid(46c07c86cb754c3a9e8b5c018ec0b12b) Importer(2089858483,b0f066a214c2f5e87bad3c948f4d605d)
Start importing Packages/com.unity.collab-proxy/Editor/CodeEditor/Rendering/VisualLineElementGenerator.cs using Guid(46c07c86cb754c3a9e8b5c018ec0b12b) Importer(2089858483,b0f066a214c2f5e87bad3c948f4d605d) (ScriptedImporter) -> (artifact id: '4772319cdf0c87cc76f6a40b0a05eea0') in 0.0077413 seconds
Number of updated asset objects reloaded before import = 0Number of asset objects unloaded after import = 0

========================================================================
Received Import Request.
  Time since last request: 0.000061 seconds.
  path: Packages/com.unity.collab-proxy/Editor/CodeEditor/Utils/RopeNode.cs
  artifactKey: Guid(0641486b650184309b79f60e69b8a796) Importer(2089858483,b0f066a214c2f5e87bad3c948f4d605d)
Start importing Packages/com.unity.collab-proxy/Editor/CodeEditor/Utils/RopeNode.cs using Guid(0641486b650184309b79f60e69b8a796) Importer(2089858483,b0f066a214c2f5e87bad3c948f4d605d) (ScriptedImporter) -> (artifact id: '8e2379222d5382cf41ab8a03196f3388') in 0.006632 seconds
Number of updated asset objects reloaded before import = 0Number of asset objects unloaded after import = 0

========================================================================
Received Import Request.
  Time since last request: 0.000115 seconds.
  path: Packages/com.unity.collab-proxy/Editor/CodeEditor/Utils/FileReader.cs
  artifactKey: Guid(205856b2c6304b8d8cdf7811e8494c72) Importer(2089858483,b0f066a214c2f5e87bad3c948f4d605d)
Start importing Packages/com.unity.collab-proxy/Editor/CodeEditor/Utils/FileReader.cs using Guid(205856b2c6304b8d8cdf7811e8494c72) Importer(2089858483,b0f066a214c2f5e87bad3c948f4d605d) (ScriptedImporter) -> (artifact id: '0e8d53aa482c746aaeac4e6142a54962') in 0.0080364 seconds
Number of updated asset objects reloaded before import = 0Number of asset objects unloaded after import = 0

========================================================================
Received Import Request.
  Time since last request: 0.000096 seconds.
  path: Packages/com.unity.collab-proxy/Editor/Assets/Images/iconprivateoverlay.png
  artifactKey: Guid(d69b2503b822f4c3a95386e4bc0c8668) Importer(2089858483,b0f066a214c2f5e87bad3c948f4d605d)
Start importing Packages/com.unity.collab-proxy/Editor/Assets/Images/iconprivateoverlay.png using Guid(d69b2503b822f4c3a95386e4bc0c8668) Importer(2089858483,b0f066a214c2f5e87bad3c948f4d605d) (ScriptedImporter) -> (artifact id: '0e598a0de8e51941bdbd242a886916b2') in 0.0162342 seconds
Number of updated asset objects reloaded before import = 0Number of asset objects unloaded after import = 3

========================================================================
Received Import Request.
  Time since last request: 0.000025 seconds.
  path: Packages/com.unity.collab-proxy/Editor/CodeEditor/Editing/SelectionColorizer.cs
  artifactKey: Guid(3b30e6342e7149441aa64d1d4bd764b7) Importer(2089858483,b0f066a214c2f5e87bad3c948f4d605d)
Start importing Packages/com.unity.collab-proxy/Editor/CodeEditor/Editing/SelectionColorizer.cs using Guid(3b30e6342e7149441aa64d1d4bd764b7) Importer(2089858483,b0f066a214c2f5e87bad3c948f4d605d) (ScriptedImporter) -> (artifact id: '966d32e8aed93f34aa7115c3b389ae54') in 0.0069726 seconds
Number of updated asset objects reloaded before import = 0Number of asset objects unloaded after import = 0

========================================================================
Received Import Request.
  Time since last request: 0.000129 seconds.
  path: Packages/com.unity.collab-proxy/Editor/CodeEditor/Utils/ObserveAddRemoveCollection.cs
  artifactKey: Guid(c14f63df55204483b94566ff24521e70) Importer(2089858483,b0f066a214c2f5e87bad3c948f4d605d)
Start importing Packages/com.unity.collab-proxy/Editor/CodeEditor/Utils/ObserveAddRemoveCollection.cs using Guid(c14f63df55204483b94566ff24521e70) Importer(2089858483,b0f066a214c2f5e87bad3c948f4d605d) (ScriptedImporter) -> (artifact id: 'c5a33fd3c91325f7419a25baffacb7f7') in 0.0087885 seconds
Number of updated asset objects reloaded before import = 0Number of asset objects unloaded after import = 0

========================================================================
Received Import Request.
  Time since last request: 0.000092 seconds.
  path: Packages/com.unity.collab-proxy/Editor/CodeEditor/Utils/BusyManager.cs
  artifactKey: Guid(a2601a7e62a84d3e95fe8be6d25a7280) Importer(2089858483,b0f066a214c2f5e87bad3c948f4d605d)
Start importing Packages/com.unity.collab-proxy/Editor/CodeEditor/Utils/BusyManager.cs using Guid(a2601a7e62a84d3e95fe8be6d25a7280) Importer(2089858483,b0f066a214c2f5e87bad3c948f4d605d) (ScriptedImporter) -> (artifact id: '52eef8ba5f9faa2a3cc00f1bb9e30192') in 0.007411 seconds
Number of updated asset objects reloaded before import = 0Number of asset objects unloaded after import = 0

========================================================================
Received Import Request.
  Time since last request: 2.357406 seconds.
  path: Packages/com.unity.collab-proxy/Editor/UI/Errors/ErrorsListView.cs
  artifactKey: Guid(331d1c37d891f334390adb8324042856) Importer(2089858483,b0f066a214c2f5e87bad3c948f4d605d)
Start importing Packages/com.unity.collab-proxy/Editor/UI/Errors/ErrorsListView.cs using Guid(331d1c37d891f334390adb8324042856) Importer(2089858483,b0f066a214c2f5e87bad3c948f4d605d) (ScriptedImporter) -> (artifact id: '888540271cb2f0b34244187d43a066f5') in 0.0062445 seconds
Number of updated asset objects reloaded before import = 0Number of asset objects unloaded after import = 0

========================================================================
Received Import Request.
  Time since last request: 0.000086 seconds.
  path: Packages/com.unity.collab-proxy/Editor/Views/Branch/BranchesSelection.cs
  artifactKey: Guid(73306fe71bf092d4495ff28ee02b766b) Importer(2089858483,b0f066a214c2f5e87bad3c948f4d605d)
Start importing Packages/com.unity.collab-proxy/Editor/Views/Branch/BranchesSelection.cs using Guid(73306fe71bf092d4495ff28ee02b766b) Importer(2089858483,b0f066a214c2f5e87bad3c948f4d605d) (ScriptedImporter) -> (artifact id: 'dbc9aad8fb9b9c08fb9eff3b559222c0') in 0.0061321 seconds
Number of updated asset objects reloaded before import = 0Number of asset objects unloaded after import = 0

========================================================================
Received Import Request.
  Time since last request: 0.000075 seconds.
  path: Packages/com.unity.collab-proxy/Editor/Views/Shelves/ShelvesSelection.cs
  artifactKey: Guid(e2ca16ee0b283be4f95ca8c96e549d3a) Importer(2089858483,b0f066a214c2f5e87bad3c948f4d605d)
Start importing Packages/com.unity.collab-proxy/Editor/Views/Shelves/ShelvesSelection.cs using Guid(e2ca16ee0b283be4f95ca8c96e549d3a) Importer(2089858483,b0f066a214c2f5e87bad3c948f4d605d) (ScriptedImporter) -> (artifact id: '3fa1689d8672dc1bea757033b549db47') in 0.0061832 seconds
Number of updated asset objects reloaded before import = 0Number of asset objects unloaded after import = 0

========================================================================
Received Import Request.
  Time since last request: 0.000047 seconds.
  path: Packages/com.unity.collab-proxy/Editor/Views/BranchExplorer/BranchExplorerEmptyStatePanel.cs
  artifactKey: Guid(9448d1113e54b49bca25d38a852635b2) Importer(2089858483,b0f066a214c2f5e87bad3c948f4d605d)
Start importing Packages/com.unity.collab-proxy/Editor/Views/BranchExplorer/BranchExplorerEmptyStatePanel.cs using Guid(9448d1113e54b49bca25d38a852635b2) Importer(2089858483,b0f066a214c2f5e87bad3c948f4d605d) (ScriptedImporter) -> (artifact id: '1667c18cc37f0b1cf62be85e745959ae') in 0.0059686 seconds
Number of updated asset objects reloaded before import = 0Number of asset objects unloaded after import = 0

========================================================================
Received Import Request.
  Time since last request: 0.000072 seconds.
  path: Packages/com.unity.collab-proxy/Editor/UVCSToolbar/PopupWindow/ToolbarMouseBoundary.cs
  artifactKey: Guid(e542f43e3279a52408997f8ab7dca7c0) Importer(2089858483,b0f066a214c2f5e87bad3c948f4d605d)
Start importing Packages/com.unity.collab-proxy/Editor/UVCSToolbar/PopupWindow/ToolbarMouseBoundary.cs using Guid(e542f43e3279a52408997f8ab7dca7c0) Importer(2089858483,b0f066a214c2f5e87bad3c948f4d605d) (ScriptedImporter) -> (artifact id: '7edcdbba5d9e33ac9fc5a12f67cffc32') in 0.0052015 seconds
Number of updated asset objects reloaded before import = 0Number of asset objects unloaded after import = 0

========================================================================
Received Import Request.
  Time since last request: 0.000026 seconds.
  path: Packages/com.unity.collab-proxy/Lib/Editor/Localization/configurehelper.es.txt
  artifactKey: Guid(3c17ce0c67c7e45ab84aa8d1d060f085) Importer(2089858483,b0f066a214c2f5e87bad3c948f4d605d)
Start importing Packages/com.unity.collab-proxy/Lib/Editor/Localization/configurehelper.es.txt using Guid(3c17ce0c67c7e45ab84aa8d1d060f085) Importer(2089858483,b0f066a214c2f5e87bad3c948f4d605d) (ScriptedImporter) -> (artifact id: '102cb276bfc2c8ec2d077f3f0775605a') in 0.0078375 seconds
Number of updated asset objects reloaded before import = 0Number of asset objects unloaded after import = 1

========================================================================
Received Import Request.
  Time since last request: 0.000070 seconds.
  path: Packages/com.unity.collab-proxy/Editor/Views/Changesets/CheckoutChangesetViewMenu.cs
  artifactKey: Guid(3eddf2b2cdcd47828e17dacecc9395d8) Importer(2089858483,b0f066a214c2f5e87bad3c948f4d605d)
Start importing Packages/com.unity.collab-proxy/Editor/Views/Changesets/CheckoutChangesetViewMenu.cs using Guid(3eddf2b2cdcd47828e17dacecc9395d8) Importer(2089858483,b0f066a214c2f5e87bad3c948f4d605d) (ScriptedImporter) -> (artifact id: 'bf36ee21c83853d45d7171d8ceb4e072') in 0.0054901 seconds
Number of updated asset objects reloaded before import = 0Number of asset objects unloaded after import = 0

========================================================================
Received Import Request.
  Time since last request: 0.000105 seconds.
  path: Packages/com.unity.collab-proxy/Editor/_Deprecated/WebApi/OrganizationCredentials.cs
  artifactKey: Guid(2e38b4690fec967478ecffad444155e6) Importer(2089858483,b0f066a214c2f5e87bad3c948f4d605d)
Start importing Packages/com.unity.collab-proxy/Editor/_Deprecated/WebApi/OrganizationCredentials.cs using Guid(2e38b4690fec967478ecffad444155e6) Importer(2089858483,b0f066a214c2f5e87bad3c948f4d605d) (ScriptedImporter) -> (artifact id: 'f14f034ded72946d7efe9e35ab58a88d') in 0.0064381 seconds
Number of updated asset objects reloaded before import = 0Number of asset objects unloaded after import = 0

========================================================================
Received Import Request.
  Time since last request: 0.000091 seconds.
  path: Packages/com.unity.collab-proxy/Editor/Views/Locks/LocksTab.cs
  artifactKey: Guid(2f536f0e9a974d75b293f6aee8e2cdf2) Importer(2089858483,b0f066a214c2f5e87bad3c948f4d605d)
Start importing Packages/com.unity.collab-proxy/Editor/Views/Locks/LocksTab.cs using Guid(2f536f0e9a974d75b293f6aee8e2cdf2) Importer(2089858483,b0f066a214c2f5e87bad3c948f4d605d) (ScriptedImporter) -> (artifact id: '13417c0efa0203fa5f3773040f8f7569') in 0.0068463 seconds
Number of updated asset objects reloaded before import = 0Number of asset objects unloaded after import = 0

========================================================================
Received Import Request.
  Time since last request: 0.000115 seconds.
  path: Packages/com.unity.collab-proxy/Editor/Views/Diff/DiffSelection.cs
  artifactKey: Guid(4ef5fb54cd29b40468eaf5a14e9845ed) Importer(2089858483,b0f066a214c2f5e87bad3c948f4d605d)
Start importing Packages/com.unity.collab-proxy/Editor/Views/Diff/DiffSelection.cs using Guid(4ef5fb54cd29b40468eaf5a14e9845ed) Importer(2089858483,b0f066a214c2f5e87bad3c948f4d605d) (ScriptedImporter) -> (artifact id: 'c1cbedc18d74c59fefe4762b2c749cc9') in 0.0061273 seconds
Number of updated asset objects reloaded before import = 0Number of asset objects unloaded after import = 0

========================================================================
Received Import Request.
  Time since last request: 0.000119 seconds.
  path: Packages/com.unity.collab-proxy/Editor/Views/History/SaveAction.cs
  artifactKey: Guid(025a530ab434a7e40ad318955f571e50) Importer(2089858483,b0f066a214c2f5e87bad3c948f4d605d)
Start importing Packages/com.unity.collab-proxy/Editor/Views/History/SaveAction.cs using Guid(025a530ab434a7e40ad318955f571e50) Importer(2089858483,b0f066a214c2f5e87bad3c948f4d605d) (ScriptedImporter) -> (artifact id: '8a2d1f723f88a5ad26a5bb1dd13be6c7') in 0.0079999 seconds
Number of updated asset objects reloaded before import = 0Number of asset objects unloaded after import = 0

========================================================================
Received Import Request.
  Time since last request: 0.000164 seconds.
  path: Packages/com.unity.collab-proxy/Lib/Editor/Localization/cm.en.txt
  artifactKey: Guid(ab6257926b76242c39331cb6c7e0d180) Importer(2089858483,b0f066a214c2f5e87bad3c948f4d605d)
Start importing Packages/com.unity.collab-proxy/Lib/Editor/Localization/cm.en.txt using Guid(ab6257926b76242c39331cb6c7e0d180) Importer(2089858483,b0f066a214c2f5e87bad3c948f4d605d) (ScriptedImporter) -> (artifact id: '7b366cf2532f85213731d1c6e5143b24') in 0.0078601 seconds
Number of updated asset objects reloaded before import = 0Number of asset objects unloaded after import = 1

========================================================================
Received Import Request.
  Time since last request: 0.000114 seconds.
  path: Packages/com.unity.collab-proxy/Editor/Views/PendingChanges/ChangelistTreeViewItem.cs
  artifactKey: Guid(e1a6d107a6d177540bc36d82a9449128) Importer(2089858483,b0f066a214c2f5e87bad3c948f4d605d)
Start importing Packages/com.unity.collab-proxy/Editor/Views/PendingChanges/ChangelistTreeViewItem.cs using Guid(e1a6d107a6d177540bc36d82a9449128) Importer(2089858483,b0f066a214c2f5e87bad3c948f4d605d) (ScriptedImporter) -> (artifact id: '6b304de2d824d8d87602bdd5b5ee25eb') in 0.0077945 seconds
Number of updated asset objects reloaded before import = 0Number of asset objects unloaded after import = 0

========================================================================
Received Import Request.
  Time since last request: 0.000176 seconds.
  path: Packages/com.unity.collab-proxy/Editor/Views/Shelves/ShelvesListHeaderState.cs
  artifactKey: Guid(c197d289bbe8d4e418c3de49a40fd1b5) Importer(2089858483,b0f066a214c2f5e87bad3c948f4d605d)
Start importing Packages/com.unity.collab-proxy/Editor/Views/Shelves/ShelvesListHeaderState.cs using Guid(c197d289bbe8d4e418c3de49a40fd1b5) Importer(2089858483,b0f066a214c2f5e87bad3c948f4d605d) (ScriptedImporter) -> (artifact id: 'cf0e8b079386c40b08e8c69ffc0973ec') in 0.0084649 seconds
Number of updated asset objects reloaded before import = 0Number of asset objects unloaded after import = 0

========================================================================
Received Import Request.
  Time since last request: 0.000059 seconds.
  path: Packages/com.unity.collab-proxy/Editor/_Deprecated/WebApi/ChangesetFromCollabCommitResponse.cs
  artifactKey: Guid(118b64466f3c7c24e98e147660e2eb98) Importer(2089858483,b0f066a214c2f5e87bad3c948f4d605d)
Start importing Packages/com.unity.collab-proxy/Editor/_Deprecated/WebApi/ChangesetFromCollabCommitResponse.cs using Guid(118b64466f3c7c24e98e147660e2eb98) Importer(2089858483,b0f066a214c2f5e87bad3c948f4d605d) (ScriptedImporter) -> (artifact id: '18b8e253fd102a956d080c01dc116078') in 0.0080077 seconds
Number of updated asset objects reloaded before import = 0Number of asset objects unloaded after import = 0

========================================================================
Received Import Request.
  Time since last request: 0.000310 seconds.
  path: Packages/com.unity.collab-proxy/Editor/UI/Tree/PlasticTreeView.cs
  artifactKey: Guid(869a0fefec364e959e534cc842837d91) Importer(2089858483,b0f066a214c2f5e87bad3c948f4d605d)
Start importing Packages/com.unity.collab-proxy/Editor/UI/Tree/PlasticTreeView.cs using Guid(869a0fefec364e959e534cc842837d91) Importer(2089858483,b0f066a214c2f5e87bad3c948f4d605d) (ScriptedImporter) -> (artifact id: 'eb04f58f701f534f3e30cb62caee0679') in 0.0074696 seconds
Number of updated asset objects reloaded before import = 0Number of asset objects unloaded after import = 0

========================================================================
Received Import Request.
  Time since last request: 0.000172 seconds.
  path: Packages/com.unity.collab-proxy/Editor/Views/Branch/BranchListViewItem.cs
  artifactKey: Guid(ebbbce5f7ed39ab45b6f43340727ba5e) Importer(2089858483,b0f066a214c2f5e87bad3c948f4d605d)
Start importing Packages/com.unity.collab-proxy/Editor/Views/Branch/BranchListViewItem.cs using Guid(ebbbce5f7ed39ab45b6f43340727ba5e) Importer(2089858483,b0f066a214c2f5e87bad3c948f4d605d) (ScriptedImporter) -> (artifact id: '1fd7b89ffea2592ceabdc3f92569458a') in 0.0062152 seconds
Number of updated asset objects reloaded before import = 0Number of asset objects unloaded after import = 0

========================================================================
Received Import Request.
  Time since last request: 0.000108 seconds.
  path: Packages/com.unity.collab-proxy/Editor/UI/Progress/OperationProgressData.cs
  artifactKey: Guid(3e858d866b71d5245b9b869476a487f1) Importer(2089858483,b0f066a214c2f5e87bad3c948f4d605d)
Start importing Packages/com.unity.collab-proxy/Editor/UI/Progress/OperationProgressData.cs using Guid(3e858d866b71d5245b9b869476a487f1) Importer(2089858483,b0f066a214c2f5e87bad3c948f4d605d) (ScriptedImporter) -> (artifact id: '94cdf9a1225f45f3aa7aa6aeefc392be') in 0.0066967 seconds
Number of updated asset objects reloaded before import = 0Number of asset objects unloaded after import = 0

========================================================================
Received Import Request.
  Time since last request: 0.000163 seconds.
  path: Packages/com.unity.collab-proxy/Editor/Views/BranchExplorer/BranchExplorerView.cs
  artifactKey: Guid(b05368a4ef1a4635b2e0337c41502e63) Importer(2089858483,b0f066a214c2f5e87bad3c948f4d605d)
Start importing Packages/com.unity.collab-proxy/Editor/Views/BranchExplorer/BranchExplorerView.cs using Guid(b05368a4ef1a4635b2e0337c41502e63) Importer(2089858483,b0f066a214c2f5e87bad3c948f4d605d) (ScriptedImporter) -> (artifact id: '6c8accf6d3712ed4fbe443662a08e161') in 0.0081761 seconds
Number of updated asset objects reloaded before import = 0Number of asset objects unloaded after import = 0

========================================================================
Received Import Request.
  Time since last request: 0.000091 seconds.
  path: Packages/com.unity.collab-proxy/Editor/Views/Changesets/GetChangesetsQuery.cs
  artifactKey: Guid(cdf0cc5418c9fc44eade3d7480d7429e) Importer(2089858483,b0f066a214c2f5e87bad3c948f4d605d)
Start importing Packages/com.unity.collab-proxy/Editor/Views/Changesets/GetChangesetsQuery.cs using Guid(cdf0cc5418c9fc44eade3d7480d7429e) Importer(2089858483,b0f066a214c2f5e87bad3c948f4d605d) (ScriptedImporter) -> (artifact id: 'ca8955dabb169e85e7fdc67329a0f2f2') in 0.0057772 seconds
Number of updated asset objects reloaded before import = 0Number of asset objects unloaded after import = 0

========================================================================
Received Import Request.
  Time since last request: 0.000104 seconds.
  path: Packages/com.unity.collab-proxy/Lib/Editor/Localization/configurehelper.zh-Hans.txt
  artifactKey: Guid(01e0e23bf64e44c359f58e04304087c0) Importer(2089858483,b0f066a214c2f5e87bad3c948f4d605d)
Start importing Packages/com.unity.collab-proxy/Lib/Editor/Localization/configurehelper.zh-Hans.txt using Guid(01e0e23bf64e44c359f58e04304087c0) Importer(2089858483,b0f066a214c2f5e87bad3c948f4d605d) (ScriptedImporter) -> (artifact id: 'b2c0baeef9ccef36fbdcd2edb78cbf61') in 0.0083932 seconds
Number of updated asset objects reloaded before import = 0Number of asset objects unloaded after import = 1

========================================================================
Received Import Request.
  Time since last request: 0.000156 seconds.
  path: Packages/com.unity.collab-proxy/Editor/Views/Properties/CommentsPanel.cs
  artifactKey: Guid(7ff4088388844bb9bf6b1e832be44c0b) Importer(2089858483,b0f066a214c2f5e87bad3c948f4d605d)
Start importing Packages/com.unity.collab-proxy/Editor/Views/Properties/CommentsPanel.cs using Guid(7ff4088388844bb9bf6b1e832be44c0b) Importer(2089858483,b0f066a214c2f5e87bad3c948f4d605d) (ScriptedImporter) -> (artifact id: 'c50c164b315e99e678c82ff6682eec72') in 0.0060364 seconds
Number of updated asset objects reloaded before import = 0Number of asset objects unloaded after import = 0

========================================================================
Received Import Request.
  Time since last request: 0.000116 seconds.
  path: Packages/com.unity.collab-proxy/Lib/Editor/Localization/guihelp.zh-Hans.txt
  artifactKey: Guid(ba76261f79d7d44c09f58f4739f53306) Importer(2089858483,b0f066a214c2f5e87bad3c948f4d605d)
Start importing Packages/com.unity.collab-proxy/Lib/Editor/Localization/guihelp.zh-Hans.txt using Guid(ba76261f79d7d44c09f58f4739f53306) Importer(2089858483,b0f066a214c2f5e87bad3c948f4d605d) (ScriptedImporter) -> (artifact id: '2979baad57aee8c931f0a527c36e4bae') in 0.0074056 seconds
Number of updated asset objects reloaded before import = 0Number of asset objects unloaded after import = 1

========================================================================
Received Import Request.
  Time since last request: 0.000058 seconds.
  path: Packages/com.unity.collab-proxy/Lib/Editor/Localization/commontypes.zh-Hans.txt
  artifactKey: Guid(45c3c447520834202a1214fd8fb24f1c) Importer(2089858483,b0f066a214c2f5e87bad3c948f4d605d)
Start importing Packages/com.unity.collab-proxy/Lib/Editor/Localization/commontypes.zh-Hans.txt using Guid(45c3c447520834202a1214fd8fb24f1c) Importer(2089858483,b0f066a214c2f5e87bad3c948f4d605d) (ScriptedImporter) -> (artifact id: 'c02e7fd95be553bb60aeea42a916e468') in 0.007625 seconds
Number of updated asset objects reloaded before import = 0Number of asset objects unloaded after import = 1

========================================================================
Received Import Request.
  Time since last request: 0.000028 seconds.
  path: Packages/com.unity.collab-proxy/Editor/Views/Properties/PropertiesRefreshNotifier.cs
  artifactKey: Guid(4acf41ca020194d509c7c940c75913b0) Importer(2089858483,b0f066a214c2f5e87bad3c948f4d605d)
Start importing Packages/com.unity.collab-proxy/Editor/Views/Properties/PropertiesRefreshNotifier.cs using Guid(4acf41ca020194d509c7c940c75913b0) Importer(2089858483,b0f066a214c2f5e87bad3c948f4d605d) (ScriptedImporter) -> (artifact id: '394655716e1fc8001d9f0d827cf62706') in 0.0076916 seconds
Number of updated asset objects reloaded before import = 0Number of asset objects unloaded after import = 0

========================================================================
Received Import Request.
  Time since last request: 0.000082 seconds.
  path: Packages/com.unity.collab-proxy/Editor/Views/History/HistoryListView.cs
  artifactKey: Guid(0ee2845d0d4db9a4a9e8f4f6d0fa4e5e) Importer(2089858483,b0f066a214c2f5e87bad3c948f4d605d)
Start importing Packages/com.unity.collab-proxy/Editor/Views/History/HistoryListView.cs using Guid(0ee2845d0d4db9a4a9e8f4f6d0fa4e5e) Importer(2089858483,b0f066a214c2f5e87bad3c948f4d605d) (ScriptedImporter) -> (artifact id: '7251c0aaae377e78b50bd690a550745a') in 0.0059151 seconds
Number of updated asset objects reloaded before import = 0Number of asset objects unloaded after import = 0

========================================================================
Received Import Request.
  Time since last request: 0.000145 seconds.
  path: Packages/com.unity.collab-proxy/Editor/Views/BranchExplorer/BrExSearchField.cs
  artifactKey: Guid(08501ac9dc864ac3998d286a2a36aaf2) Importer(2089858483,b0f066a214c2f5e87bad3c948f4d605d)
Start importing Packages/com.unity.collab-proxy/Editor/Views/BranchExplorer/BrExSearchField.cs using Guid(08501ac9dc864ac3998d286a2a36aaf2) Importer(2089858483,b0f066a214c2f5e87bad3c948f4d605d) (ScriptedImporter) -> (artifact id: '014e203ea68bc10ea13d5377fcfa5c5b') in 0.0072498 seconds
Number of updated asset objects reloaded before import = 0Number of asset objects unloaded after import = 0

========================================================================
Received Import Request.
  Time since last request: 0.000065 seconds.
  path: Packages/com.unity.collab-proxy/Editor/Views/PendingChanges/ChangeTreeViewItem.cs
  artifactKey: Guid(a9e847d045a7744b08c7a37912965cdc) Importer(2089858483,b0f066a214c2f5e87bad3c948f4d605d)
Start importing Packages/com.unity.collab-proxy/Editor/Views/PendingChanges/ChangeTreeViewItem.cs using Guid(a9e847d045a7744b08c7a37912965cdc) Importer(2089858483,b0f066a214c2f5e87bad3c948f4d605d) (ScriptedImporter) -> (artifact id: '75057463286b056ab40a77f371d045ea') in 0.0058606 seconds
Number of updated asset objects reloaded before import = 0Number of asset objects unloaded after import = 0

========================================================================
Received Import Request.
  Time since last request: 0.000196 seconds.
  path: Packages/com.unity.collab-proxy/Editor/UI/Progress/LoadingSpinner.cs
  artifactKey: Guid(8cee66aefde0415886a851167a19c933) Importer(2089858483,b0f066a214c2f5e87bad3c948f4d605d)
Start importing Packages/com.unity.collab-proxy/Editor/UI/Progress/LoadingSpinner.cs using Guid(8cee66aefde0415886a851167a19c933) Importer(2089858483,b0f066a214c2f5e87bad3c948f4d605d) (ScriptedImporter) -> (artifact id: '035ed05289df0bf7618d126ec349c7f6') in 0.007651 seconds
Number of updated asset objects reloaded before import = 0Number of asset objects unloaded after import = 0

========================================================================
Received Import Request.
  Time since last request: 0.000105 seconds.
  path: Packages/com.unity.collab-proxy/Lib/Editor/Localization/clientcommon.es.txt
  artifactKey: Guid(47d096025e0d84e8dbc9dd46f5f14838) Importer(2089858483,b0f066a214c2f5e87bad3c948f4d605d)
Start importing Packages/com.unity.collab-proxy/Lib/Editor/Localization/clientcommon.es.txt using Guid(47d096025e0d84e8dbc9dd46f5f14838) Importer(2089858483,b0f066a214c2f5e87bad3c948f4d605d) (ScriptedImporter) -> (artifact id: '2b4919dfba6a7babb1cb2a6f812bad84') in 0.007496 seconds
Number of updated asset objects reloaded before import = 0Number of asset objects unloaded after import = 1

========================================================================
Received Import Request.
  Time since last request: 0.000145 seconds.
  path: Packages/com.unity.collab-proxy/Lib/Editor/Localization/cm-help.ja.txt
  artifactKey: Guid(97b1c8a1efbe8437790c98e3cfacaf16) Importer(2089858483,b0f066a214c2f5e87bad3c948f4d605d)
Start importing Packages/com.unity.collab-proxy/Lib/Editor/Localization/cm-help.ja.txt using Guid(97b1c8a1efbe8437790c98e3cfacaf16) Importer(2089858483,b0f066a214c2f5e87bad3c948f4d605d) (ScriptedImporter) -> (artifact id: 'de3b93c82fbe94df8cfb7fd2afb8de30') in 0.0082623 seconds
Number of updated asset objects reloaded before import = 0Number of asset objects unloaded after import = 1

========================================================================
Received Import Request.
  Time since last request: 0.000065 seconds.
  path: Packages/com.unity.collab-proxy/Lib/Editor/Localization/guihelp.en.txt
  artifactKey: Guid(aabb8de0f84df41678c030174a974cd0) Importer(2089858483,b0f066a214c2f5e87bad3c948f4d605d)
Start importing Packages/com.unity.collab-proxy/Lib/Editor/Localization/guihelp.en.txt using Guid(aabb8de0f84df41678c030174a974cd0) Importer(2089858483,b0f066a214c2f5e87bad3c948f4d605d) (ScriptedImporter) -> (artifact id: 'c06776f954a80a4b086c7701c6f236da') in 0.0066311 seconds
Number of updated asset objects reloaded before import = 0Number of asset objects unloaded after import = 1

========================================================================
Received Import Request.
  Time since last request: 0.000026 seconds.
  path: Packages/com.unity.collab-proxy/Lib/Editor/Localization/i3.ko.txt
  artifactKey: Guid(9b3d12b563d0b49c1ae404d86f2476f3) Importer(2089858483,b0f066a214c2f5e87bad3c948f4d605d)
Start importing Packages/com.unity.collab-proxy/Lib/Editor/Localization/i3.ko.txt using Guid(9b3d12b563d0b49c1ae404d86f2476f3) Importer(2089858483,b0f066a214c2f5e87bad3c948f4d605d) (ScriptedImporter) -> (artifact id: '479ad7c462aee586198d9c91cbca65ca') in 0.0081478 seconds
Number of updated asset objects reloaded before import = 0Number of asset objects unloaded after import = 1

========================================================================
Received Import Request.
  Time since last request: 0.000066 seconds.
  path: Packages/com.unity.collab-proxy/Lib/Editor/Localization/configurehelper.ja.txt
  artifactKey: Guid(473dfafa5c0044ee7b7932da67381c23) Importer(2089858483,b0f066a214c2f5e87bad3c948f4d605d)
Start importing Packages/com.unity.collab-proxy/Lib/Editor/Localization/configurehelper.ja.txt using Guid(473dfafa5c0044ee7b7932da67381c23) Importer(2089858483,b0f066a214c2f5e87bad3c948f4d605d) (ScriptedImporter) -> (artifact id: '75bfc7ed5b72461151d969b642eed84f') in 0.0070828 seconds
Number of updated asset objects reloaded before import = 0Number of asset objects unloaded after import = 1

========================================================================
Received Import Request.
  Time since last request: 0.000059 seconds.
  path: Packages/com.unity.collab-proxy/Lib/Editor/Localization/clientcommon.ko.txt
  artifactKey: Guid(49219f4ee5ecc4611aaf67609eeed843) Importer(2089858483,b0f066a214c2f5e87bad3c948f4d605d)
Start importing Packages/com.unity.collab-proxy/Lib/Editor/Localization/clientcommon.ko.txt using Guid(49219f4ee5ecc4611aaf67609eeed843) Importer(2089858483,b0f066a214c2f5e87bad3c948f4d605d) (ScriptedImporter) -> (artifact id: 'd0ed436e4cc9db39c86c53c1fd953725') in 0.0074374 seconds
Number of updated asset objects reloaded before import = 0Number of asset objects unloaded after import = 1

========================================================================
Received Import Request.
  Time since last request: 0.000025 seconds.
  path: Packages/com.unity.collab-proxy/Editor/Views/Labels/LabelsTab_Operations.cs
  artifactKey: Guid(31a95d07803cf9f48a127ae0fc3e5369) Importer(2089858483,b0f066a214c2f5e87bad3c948f4d605d)
Start importing Packages/com.unity.collab-proxy/Editor/Views/Labels/LabelsTab_Operations.cs using Guid(31a95d07803cf9f48a127ae0fc3e5369) Importer(2089858483,b0f066a214c2f5e87bad3c948f4d605d) (ScriptedImporter) -> (artifact id: '226b8bf922554c7b0a2c75a5d7f0783b') in 0.0062739 seconds
Number of updated asset objects reloaded before import = 0Number of asset objects unloaded after import = 0

========================================================================
Received Import Request.
  Time since last request: 0.000097 seconds.
  path: Packages/com.unity.collab-proxy/Editor/Views/PendingChanges/PendingChangesTreeHeaderState.cs
  artifactKey: Guid(e57affb3c41ab402e86f99747be972a2) Importer(2089858483,b0f066a214c2f5e87bad3c948f4d605d)
Start importing Packages/com.unity.collab-proxy/Editor/Views/PendingChanges/PendingChangesTreeHeaderState.cs using Guid(e57affb3c41ab402e86f99747be972a2) Importer(2089858483,b0f066a214c2f5e87bad3c948f4d605d) (ScriptedImporter) -> (artifact id: 'f3ecd003db7ae70eec4ed6568c2abab5') in 0.0074556 seconds
Number of updated asset objects reloaded before import = 0Number of asset objects unloaded after import = 0

========================================================================
Received Import Request.
  Time since last request: 0.000114 seconds.
  path: Packages/com.unity.collab-proxy/Lib/Editor/Localization/basecommands.zh-Hans.txt
  artifactKey: Guid(2a20d22678b9745a8be20529bbe3ada3) Importer(2089858483,b0f066a214c2f5e87bad3c948f4d605d)
Start importing Packages/com.unity.collab-proxy/Lib/Editor/Localization/basecommands.zh-Hans.txt using Guid(2a20d22678b9745a8be20529bbe3ada3) Importer(2089858483,b0f066a214c2f5e87bad3c948f4d605d) (ScriptedImporter) -> (artifact id: '8280a76df3e5f7c69676e5b07e8e89c4') in 0.0072329 seconds
Number of updated asset objects reloaded before import = 0Number of asset objects unloaded after import = 1

========================================================================
Received Import Request.
  Time since last request: 0.000024 seconds.
  path: Packages/com.unity.collab-proxy/Lib/Editor/Localization/i3.en.txt
  artifactKey: Guid(8b54dd8fd297e447cb3cd4a1d0bf41b4) Importer(2089858483,b0f066a214c2f5e87bad3c948f4d605d)
Start importing Packages/com.unity.collab-proxy/Lib/Editor/Localization/i3.en.txt using Guid(8b54dd8fd297e447cb3cd4a1d0bf41b4) Importer(2089858483,b0f066a214c2f5e87bad3c948f4d605d) (ScriptedImporter) -> (artifact id: 'b298dbac56e7b39ee39c397ecb13cb52') in 0.0078481 seconds
Number of updated asset objects reloaded before import = 0Number of asset objects unloaded after import = 1

========================================================================
Received Import Request.
  Time since last request: 0.000024 seconds.
  path: Packages/com.unity.collab-proxy/Lib/Editor/Localization/basecommands.es.txt
  artifactKey: Guid(5b620c1ab90c8486aa98357a3d5aa245) Importer(2089858483,b0f066a214c2f5e87bad3c948f4d605d)
Start importing Packages/com.unity.collab-proxy/Lib/Editor/Localization/basecommands.es.txt using Guid(5b620c1ab90c8486aa98357a3d5aa245) Importer(2089858483,b0f066a214c2f5e87bad3c948f4d605d) (ScriptedImporter) -> (artifact id: '7631c616c19c914f950931eebe23f5aa') in 0.007505 seconds
Number of updated asset objects reloaded before import = 0Number of asset objects unloaded after import = 1

========================================================================
Received Import Request.
  Time since last request: 0.000076 seconds.
  path: Packages/com.unity.collab-proxy/Editor/Views/Diff/DiffPanel.cs
  artifactKey: Guid(0ee79162e06c6984a97600b7c0680611) Importer(2089858483,b0f066a214c2f5e87bad3c948f4d605d)
Start importing Packages/com.unity.collab-proxy/Editor/Views/Diff/DiffPanel.cs using Guid(0ee79162e06c6984a97600b7c0680611) Importer(2089858483,b0f066a214c2f5e87bad3c948f4d605d) (ScriptedImporter) -> (artifact id: '8572352c75f7c856dd1782d5dd7a7292') in 0.0071814 seconds
Number of updated asset objects reloaded before import = 0Number of asset objects unloaded after import = 0

========================================================================
Received Import Request.
  Time since last request: 0.000033 seconds.
  path: Packages/com.unity.collab-proxy/Lib/Editor/Localization/cm.es.txt
  artifactKey: Guid(719a6e14901354868b50c5756cb51194) Importer(2089858483,b0f066a214c2f5e87bad3c948f4d605d)
Start importing Packages/com.unity.collab-proxy/Lib/Editor/Localization/cm.es.txt using Guid(719a6e14901354868b50c5756cb51194) Importer(2089858483,b0f066a214c2f5e87bad3c948f4d605d) (ScriptedImporter) -> (artifact id: '9114adba261d6ac07a0fc3563be421b6') in 0.0084446 seconds
Number of updated asset objects reloaded before import = 0Number of asset objects unloaded after import = 1

========================================================================
Received Import Request.
  Time since last request: 0.000069 seconds.
  path: Packages/com.unity.collab-proxy/Editor/Views/CreateWorkspace/ValidRepositoryName.cs
  artifactKey: Guid(60f5fb7fb3626214f9d97215fe186cbf) Importer(2089858483,b0f066a214c2f5e87bad3c948f4d605d)
Start importing Packages/com.unity.collab-proxy/Editor/Views/CreateWorkspace/ValidRepositoryName.cs using Guid(60f5fb7fb3626214f9d97215fe186cbf) Importer(2089858483,b0f066a214c2f5e87bad3c948f4d605d) (ScriptedImporter) -> (artifact id: '06cf82108a112800bba6a773c9051d99') in 0.0072578 seconds
Number of updated asset objects reloaded before import = 0Number of asset objects unloaded after import = 0

========================================================================
Received Import Request.
  Time since last request: 0.000096 seconds.
  path: Packages/com.unity.collab-proxy/Editor/Views/CreateWorkspace/DrawCreateWorkspaceView.cs
  artifactKey: Guid(788db2c7ca3c2804d912f447ffc19856) Importer(2089858483,b0f066a214c2f5e87bad3c948f4d605d)
Start importing Packages/com.unity.collab-proxy/Editor/Views/CreateWorkspace/DrawCreateWorkspaceView.cs using Guid(788db2c7ca3c2804d912f447ffc19856) Importer(2089858483,b0f066a214c2f5e87bad3c948f4d605d) (ScriptedImporter) -> (artifact id: '6dc3f830765b5e54935bd80285eba811') in 0.0073217 seconds
Number of updated asset objects reloaded before import = 0Number of asset objects unloaded after import = 0

========================================================================
Received Import Request.
  Time since last request: 0.000039 seconds.
  path: Packages/com.unity.collab-proxy/Editor/Views/Branch/BranchesTab_Operations.cs
  artifactKey: Guid(732707d2b1ec963458b4ab9ffe539cbe) Importer(2089858483,b0f066a214c2f5e87bad3c948f4d605d)
Start importing Packages/com.unity.collab-proxy/Editor/Views/Branch/BranchesTab_Operations.cs using Guid(732707d2b1ec963458b4ab9ffe539cbe) Importer(2089858483,b0f066a214c2f5e87bad3c948f4d605d) (ScriptedImporter) -> (artifact id: '1a56fb28900b7545e7395669b975beee') in 0.0064814 seconds
Number of updated asset objects reloaded before import = 0Number of asset objects unloaded after import = 0

========================================================================
Received Import Request.
  Time since last request: 0.000077 seconds.
  path: Packages/com.unity.collab-proxy/Editor/Views/PendingChanges/PendingChangesMultiColumnHeader.cs
  artifactKey: Guid(e7b15873dbe9463cad67af4fac8e41ba) Importer(2089858483,b0f066a214c2f5e87bad3c948f4d605d)
Start importing Packages/com.unity.collab-proxy/Editor/Views/PendingChanges/PendingChangesMultiColumnHeader.cs using Guid(e7b15873dbe9463cad67af4fac8e41ba) Importer(2089858483,b0f066a214c2f5e87bad3c948f4d605d) (ScriptedImporter) -> (artifact id: 'b74e6f2e8f7c9b8914e3c6fa694e9005') in 0.0062691 seconds
Number of updated asset objects reloaded before import = 0Number of asset objects unloaded after import = 0

========================================================================
Received Import Request.
  Time since last request: 0.000114 seconds.
  path: Packages/com.unity.collab-proxy/Editor/Views/Branch/BranchesTab.cs
  artifactKey: Guid(2350e7d7f6d79024da24dea8f15a6881) Importer(2089858483,b0f066a214c2f5e87bad3c948f4d605d)
Start importing Packages/com.unity.collab-proxy/Editor/Views/Branch/BranchesTab.cs using Guid(2350e7d7f6d79024da24dea8f15a6881) Importer(2089858483,b0f066a214c2f5e87bad3c948f4d605d) (ScriptedImporter) -> (artifact id: 'e8c0b37b773a1f66c915acc9ea559770') in 0.0063994 seconds
Number of updated asset objects reloaded before import = 0Number of asset objects unloaded after import = 0

========================================================================
Received Import Request.
  Time since last request: 0.000104 seconds.
  path: Packages/com.unity.collab-proxy/Lib/Editor/Localization/clientcommon.zh-Hant.txt
  artifactKey: Guid(33a29fe30b25e405a802d7f7a68ead93) Importer(2089858483,b0f066a214c2f5e87bad3c948f4d605d)
Start importing Packages/com.unity.collab-proxy/Lib/Editor/Localization/clientcommon.zh-Hant.txt using Guid(33a29fe30b25e405a802d7f7a68ead93) Importer(2089858483,b0f066a214c2f5e87bad3c948f4d605d) (ScriptedImporter) -> (artifact id: 'd2aa74bfd3334beed8d8048d190078a0') in 0.0075017 seconds
Number of updated asset objects reloaded before import = 0Number of asset objects unloaded after import = 1

========================================================================
Received Import Request.
  Time since last request: 0.000042 seconds.
  path: Packages/com.unity.collab-proxy/Editor/UI/Progress/ProgressControlsForDialogs.cs
  artifactKey: Guid(aa3f399d17e1dcf4c9e417ffce5eb905) Importer(2089858483,b0f066a214c2f5e87bad3c948f4d605d)
Start importing Packages/com.unity.collab-proxy/Editor/UI/Progress/ProgressControlsForDialogs.cs using Guid(aa3f399d17e1dcf4c9e417ffce5eb905) Importer(2089858483,b0f066a214c2f5e87bad3c948f4d605d) (ScriptedImporter) -> (artifact id: '15f2eb56ed2bf8cc8a40f7317b5b6b5c') in 0.0070782 seconds
Number of updated asset objects reloaded before import = 0Number of asset objects unloaded after import = 0

========================================================================
Received Import Request.
  Time since last request: 0.000067 seconds.
  path: Packages/com.unity.collab-proxy/Editor/UI/UndoRedo/UndoRedoTextArea.cs
  artifactKey: Guid(75c9f3ad270d332499854cfab52bb2d7) Importer(2089858483,b0f066a214c2f5e87bad3c948f4d605d)
Start importing Packages/com.unity.collab-proxy/Editor/UI/UndoRedo/UndoRedoTextArea.cs using Guid(75c9f3ad270d332499854cfab52bb2d7) Importer(2089858483,b0f066a214c2f5e87bad3c948f4d605d) (ScriptedImporter) -> (artifact id: '676c66508be3c8a0139c2ed28db39ff0') in 0.0072409 seconds
Number of updated asset objects reloaded before import = 0Number of asset objects unloaded after import = 0

========================================================================
Received Import Request.
  Time since last request: 0.000054 seconds.
  path: Packages/com.unity.collab-proxy/Editor/UI/Tree/DrawTreeViewItem.cs
  artifactKey: Guid(595175d7af8f8234a9336a60e33b4f32) Importer(2089858483,b0f066a214c2f5e87bad3c948f4d605d)
Start importing Packages/com.unity.collab-proxy/Editor/UI/Tree/DrawTreeViewItem.cs using Guid(595175d7af8f8234a9336a60e33b4f32) Importer(2089858483,b0f066a214c2f5e87bad3c948f4d605d) (ScriptedImporter) -> (artifact id: 'e1ee3a354c9593ab25f89435f246092e') in 0.0068521 seconds
Number of updated asset objects reloaded before import = 0Number of asset objects unloaded after import = 0

========================================================================
Received Import Request.
  Time since last request: 0.000064 seconds.
  path: Packages/com.unity.collab-proxy/Lib/Editor/Localization/configurehelper.zh-Hant.txt
  artifactKey: Guid(dcf2da6b60ce74bb780465e51fa40347) Importer(2089858483,b0f066a214c2f5e87bad3c948f4d605d)
Start importing Packages/com.unity.collab-proxy/Lib/Editor/Localization/configurehelper.zh-Hant.txt using Guid(dcf2da6b60ce74bb780465e51fa40347) Importer(2089858483,b0f066a214c2f5e87bad3c948f4d605d) (ScriptedImporter) -> (artifact id: '21a222dfe4fb0cabc5eb84d3c04572ec') in 0.0074487 seconds
Number of updated asset objects reloaded before import = 0Number of asset objects unloaded after import = 1

========================================================================
Received Import Request.
  Time since last request: 0.000097 seconds.
  path: Packages/com.unity.collab-proxy/Editor/Views/BrowseRepository/BrowseRepositoryViewItem.cs
  artifactKey: Guid(10358899f0bd35840af31b6f9f5b4ac0) Importer(2089858483,b0f066a214c2f5e87bad3c948f4d605d)
Start importing Packages/com.unity.collab-proxy/Editor/Views/BrowseRepository/BrowseRepositoryViewItem.cs using Guid(10358899f0bd35840af31b6f9f5b4ac0) Importer(2089858483,b0f066a214c2f5e87bad3c948f4d605d) (ScriptedImporter) -> (artifact id: '4cff6631c255337a1605d8983001fa8c') in 0.0066082 seconds
Number of updated asset objects reloaded before import = 0Number of asset objects unloaded after import = 0

========================================================================
Received Import Request.
  Time since last request: 0.000078 seconds.
  path: Packages/com.unity.collab-proxy/Lib/Editor/Localization/basecommands.en.txt
  artifactKey: Guid(d2c40a1f674654076953b01aad530c3d) Importer(2089858483,b0f066a214c2f5e87bad3c948f4d605d)
Start importing Packages/com.unity.collab-proxy/Lib/Editor/Localization/basecommands.en.txt using Guid(d2c40a1f674654076953b01aad530c3d) Importer(2089858483,b0f066a214c2f5e87bad3c948f4d605d) (ScriptedImporter) -> (artifact id: '0cb4e19c17b96a22d1e4f89cceac1fb6') in 0.0075119 seconds
Number of updated asset objects reloaded before import = 0Number of asset objects unloaded after import = 1

========================================================================
Received Import Request.
  Time since last request: 0.000089 seconds.
  path: Packages/com.unity.collab-proxy/Editor/Views/Changesets/ChangesetsSelection.cs
  artifactKey: Guid(20341761c2011b441b2a3af227beeb71) Importer(2089858483,b0f066a214c2f5e87bad3c948f4d605d)
Start importing Packages/com.unity.collab-proxy/Editor/Views/Changesets/ChangesetsSelection.cs using Guid(20341761c2011b441b2a3af227beeb71) Importer(2089858483,b0f066a214c2f5e87bad3c948f4d605d) (ScriptedImporter) -> (artifact id: '9874e462e85b2380cf98ddfc5510a7d9') in 0.0072578 seconds
Number of updated asset objects reloaded before import = 0Number of asset objects unloaded after import = 0

========================================================================
Received Import Request.
  Time since last request: 0.000121 seconds.
  path: Packages/com.unity.collab-proxy/Editor/Views/History/SerializableHistoryTabState.cs
  artifactKey: Guid(aa38aeb612889ca428824f7e31a50747) Importer(2089858483,b0f066a214c2f5e87bad3c948f4d605d)
Start importing Packages/com.unity.collab-proxy/Editor/Views/History/SerializableHistoryTabState.cs using Guid(aa38aeb612889ca428824f7e31a50747) Importer(2089858483,b0f066a214c2f5e87bad3c948f4d605d) (ScriptedImporter) -> (artifact id: '996fa78b212ec8f9b676003f46ce1d46') in 0.0074849 seconds
Number of updated asset objects reloaded before import = 0Number of asset objects unloaded after import = 0

========================================================================
Received Import Request.
  Time since last request: 2.562108 seconds.
  path: Packages/com.unity.collab-proxy/Lib/Editor/Localization/mergetool.zh-Hans.txt
  artifactKey: Guid(75a5697d1de324cf3879dec50dda847c) Importer(2089858483,b0f066a214c2f5e87bad3c948f4d605d)
Start importing Packages/com.unity.collab-proxy/Lib/Editor/Localization/mergetool.zh-Hans.txt using Guid(75a5697d1de324cf3879dec50dda847c) Importer(2089858483,b0f066a214c2f5e87bad3c948f4d605d) (ScriptedImporter) -> (artifact id: '7b822a5f4a3df713be79ef9a7092d5ac') in 0.0061712 seconds
Number of updated asset objects reloaded before import = 0Number of asset objects unloaded after import = 1

========================================================================
Received Import Request.
  Time since last request: 0.000045 seconds.
  path: Packages/com.unity.collab-proxy/Editor/Inspector/Properties/Changeset/ChangesetPropertiesPanel.cs
  artifactKey: Guid(87e7b84ff9884881b9aceb446cee6ee5) Importer(2089858483,b0f066a214c2f5e87bad3c948f4d605d)
Start importing Packages/com.unity.collab-proxy/Editor/Inspector/Properties/Changeset/ChangesetPropertiesPanel.cs using Guid(87e7b84ff9884881b9aceb446cee6ee5) Importer(2089858483,b0f066a214c2f5e87bad3c948f4d605d) (ScriptedImporter) -> (artifact id: '53c6ee9515af07c38df55fb19960389f') in 0.0068762 seconds
Number of updated asset objects reloaded before import = 0Number of asset objects unloaded after import = 0

========================================================================
Received Import Request.
  Time since last request: 0.000082 seconds.
  path: Packages/com.unity.ide.visualstudio/Editor/SolutionParser.cs
  artifactKey: Guid(fbbb1ee655846b043baf6c3502b5ce49) Importer(2089858483,b0f066a214c2f5e87bad3c948f4d605d)
Start importing Packages/com.unity.ide.visualstudio/Editor/SolutionParser.cs using Guid(fbbb1ee655846b043baf6c3502b5ce49) Importer(2089858483,b0f066a214c2f5e87bad3c948f4d605d) (ScriptedImporter) -> (artifact id: 'ac1082d428bbf85684ad1da9c94dba38') in 0.0058227 seconds
Number of updated asset objects reloaded before import = 0Number of asset objects unloaded after import = 0

========================================================================
Received Import Request.
  Time since last request: 0.000139 seconds.
  path: Packages/com.unity.ugui/Editor/Analytics/UGUIBuildAnalytics.cs
  artifactKey: Guid(ea11495227d864849bdb4fa69e931cbc) Importer(2089858483,b0f066a214c2f5e87bad3c948f4d605d)
Start importing Packages/com.unity.ugui/Editor/Analytics/UGUIBuildAnalytics.cs using Guid(ea11495227d864849bdb4fa69e931cbc) Importer(2089858483,b0f066a214c2f5e87bad3c948f4d605d) (ScriptedImporter) -> (artifact id: '52cb4a9409fec6dd935bb710d4dacc4c') in 0.0083263 seconds
Number of updated asset objects reloaded before import = 0Number of asset objects unloaded after import = 0

========================================================================
Received Import Request.
  Time since last request: 0.000072 seconds.
  path: Packages/com.unity.collab-proxy/Editor/Views/BranchExplorer/Drawing/Shapes/LabelShape.cs
  artifactKey: Guid(065cbcefa4134632ae7680ab429e988f) Importer(2089858483,b0f066a214c2f5e87bad3c948f4d605d)
Start importing Packages/com.unity.collab-proxy/Editor/Views/BranchExplorer/Drawing/Shapes/LabelShape.cs using Guid(065cbcefa4134632ae7680ab429e988f) Importer(2089858483,b0f066a214c2f5e87bad3c948f4d605d) (ScriptedImporter) -> (artifact id: 'c54fa5ba72b5b4fc109514815810e4fc') in 0.005794 seconds
Number of updated asset objects reloaded before import = 0Number of asset objects unloaded after import = 0

========================================================================
Received Import Request.
  Time since last request: 0.000075 seconds.
  path: Packages/com.unity.ide.visualstudio/Editor/SolutionProjectEntry.cs
  artifactKey: Guid(5c1b8a755d2c97640bbb207c43f4cf61) Importer(2089858483,b0f066a214c2f5e87bad3c948f4d605d)
Start importing Packages/com.unity.ide.visualstudio/Editor/SolutionProjectEntry.cs using Guid(5c1b8a755d2c97640bbb207c43f4cf61) Importer(2089858483,b0f066a214c2f5e87bad3c948f4d605d) (ScriptedImporter) -> (artifact id: '292286c3827cebb826e53359e29c6f6f') in 0.0065796 seconds
Number of updated asset objects reloaded before import = 0Number of asset objects unloaded after import = 0

========================================================================
Received Import Request.
  Time since last request: 0.000075 seconds.
  path: Packages/com.unity.collab-proxy/Lib/Editor/Localization/semantic.zh-Hans.txt
  artifactKey: Guid(f029733eb8bb74bfe9157299b13bcc27) Importer(2089858483,b0f066a214c2f5e87bad3c948f4d605d)
Start importing Packages/com.unity.collab-proxy/Lib/Editor/Localization/semantic.zh-Hans.txt using Guid(f029733eb8bb74bfe9157299b13bcc27) Importer(2089858483,b0f066a214c2f5e87bad3c948f4d605d) (ScriptedImporter) -> (artifact id: '5f076ef86c50026677b5f6d95ddade71') in 0.0074866 seconds
Number of updated asset objects reloaded before import = 0Number of asset objects unloaded after import = 1

========================================================================
Received Import Request.
  Time since last request: 0.000114 seconds.
  path: Packages/com.unity.collab-proxy/Lib/Editor/TextMateSharp/TextMateSharpPlastic.dll
  artifactKey: Guid(a02d5bcca851549578b8930328f5384e) Importer(2089858483,b0f066a214c2f5e87bad3c948f4d605d)
Start importing Packages/com.unity.collab-proxy/Lib/Editor/TextMateSharp/TextMateSharpPlastic.dll using Guid(a02d5bcca851549578b8930328f5384e) Importer(2089858483,b0f066a214c2f5e87bad3c948f4d605d) (ScriptedImporter) -> (artifact id: 'cbd2c04937fead5fca7040352b54375f') in 0.0079879 seconds
Number of updated asset objects reloaded before import = 0Number of asset objects unloaded after import = 0

========================================================================
Received Import Request.
  Time since last request: 0.000023 seconds.
  path: Packages/com.unity.collab-proxy/Editor/UVCSToolbar/PopupWindow/Operations/ControlledPopupOperations.cs
  artifactKey: Guid(4acd46006c88d7844ac06086ca0b1481) Importer(2089858483,b0f066a214c2f5e87bad3c948f4d605d)
Start importing Packages/com.unity.collab-proxy/Editor/UVCSToolbar/PopupWindow/Operations/ControlledPopupOperations.cs using Guid(4acd46006c88d7844ac06086ca0b1481) Importer(2089858483,b0f066a214c2f5e87bad3c948f4d605d) (ScriptedImporter) -> (artifact id: '8625743806e5fbb3718a6e03daae4d59') in 0.0085035 seconds
Number of updated asset objects reloaded before import = 0Number of asset objects unloaded after import = 0

========================================================================
Received Import Request.
  Time since last request: 0.000096 seconds.
  path: Packages/com.unity.collab-proxy/Editor/Views/PendingChanges/Dialogs/CheckinConflictsDialog.cs
  artifactKey: Guid(615fa68a626934ca28141174234fee26) Importer(2089858483,b0f066a214c2f5e87bad3c948f4d605d)
Start importing Packages/com.unity.collab-proxy/Editor/Views/PendingChanges/Dialogs/CheckinConflictsDialog.cs using Guid(615fa68a626934ca28141174234fee26) Importer(2089858483,b0f066a214c2f5e87bad3c948f4d605d) (ScriptedImporter) -> (artifact id: '266a0a9ba97ee288c3084e2abeb041db') in 0.0077453 seconds
Number of updated asset objects reloaded before import = 0Number of asset objects unloaded after import = 0

========================================================================
Received Import Request.
  Time since last request: 0.000097 seconds.
  path: Packages/com.unity.collab-proxy/Editor/Views/BranchExplorer/Drawing/Shapes/Connections/ShapeConnectionBuilder.cs
  artifactKey: Guid(e68a46ad78cc4cec9266e64ae51c807f) Importer(2089858483,b0f066a214c2f5e87bad3c948f4d605d)
Start importing Packages/com.unity.collab-proxy/Editor/Views/BranchExplorer/Drawing/Shapes/Connections/ShapeConnectionBuilder.cs using Guid(e68a46ad78cc4cec9266e64ae51c807f) Importer(2089858483,b0f066a214c2f5e87bad3c948f4d605d) (ScriptedImporter) -> (artifact id: 'e177f0e144dff9a7cabb9c6ac0a0c7a6') in 0.0073424 seconds
Number of updated asset objects reloaded before import = 0Number of asset objects unloaded after import = 0

========================================================================
Received Import Request.
  Time since last request: 0.000026 seconds.
  path: Packages/com.unity.collab-proxy/Editor/Views/PendingChanges/PendingMergeLinks/MergeLinksListView.cs
  artifactKey: Guid(3ee6978573f6f410a9b799889ea0ad13) Importer(2089858483,b0f066a214c2f5e87bad3c948f4d605d)
Start importing Packages/com.unity.collab-proxy/Editor/Views/PendingChanges/PendingMergeLinks/MergeLinksListView.cs using Guid(3ee6978573f6f410a9b799889ea0ad13) Importer(2089858483,b0f066a214c2f5e87bad3c948f4d605d) (ScriptedImporter) -> (artifact id: '8eee5215930c4b800a96dcc049f7435c') in 0.0074228 seconds
Number of updated asset objects reloaded before import = 0Number of asset objects unloaded after import = 0

========================================================================
Received Import Request.
  Time since last request: 0.000093 seconds.
  path: Packages/com.unity.ide.visualstudio/Editor/VisualStudioEditor.cs
  artifactKey: Guid(0173aff8c07e06b42af07ebdd7f08032) Importer(2089858483,b0f066a214c2f5e87bad3c948f4d605d)
Start importing Packages/com.unity.ide.visualstudio/Editor/VisualStudioEditor.cs using Guid(0173aff8c07e06b42af07ebdd7f08032) Importer(2089858483,b0f066a214c2f5e87bad3c948f4d605d) (ScriptedImporter) -> (artifact id: '96e393d8bc80a3d2ffd9d1c9fed4cf5a') in 0.0075051 seconds
Number of updated asset objects reloaded before import = 0Number of asset objects unloaded after import = 0

========================================================================
Received Import Request.
  Time since last request: 0.000128 seconds.
  path: Packages/com.unity.collab-proxy/Editor/Views/Merge/Developer/IsCurrent.cs
  artifactKey: Guid(5013a6f8fee1f2a49b06f75fc5a6ece4) Importer(2089858483,b0f066a214c2f5e87bad3c948f4d605d)
Start importing Packages/com.unity.collab-proxy/Editor/Views/Merge/Developer/IsCurrent.cs using Guid(5013a6f8fee1f2a49b06f75fc5a6ece4) Importer(2089858483,b0f066a214c2f5e87bad3c948f4d605d) (ScriptedImporter) -> (artifact id: 'fbe34535b962d6d06f13a25aa7e7f32f') in 0.0085262 seconds
Number of updated asset objects reloaded before import = 0Number of asset objects unloaded after import = 0

========================================================================
Received Import Request.
  Time since last request: 0.000112 seconds.
  path: Packages/com.unity.collab-proxy/Editor/Views/BranchExplorer/Drawing/Shapes/ZIndex.cs
  artifactKey: Guid(4a3f57b0c1c9343bf9b378276e7db640) Importer(2089858483,b0f066a214c2f5e87bad3c948f4d605d)
Start importing Packages/com.unity.collab-proxy/Editor/Views/BranchExplorer/Drawing/Shapes/ZIndex.cs using Guid(4a3f57b0c1c9343bf9b378276e7db640) Importer(2089858483,b0f066a214c2f5e87bad3c948f4d605d) (ScriptedImporter) -> (artifact id: '34968318c00d4a2af2cdeabda9758c8f') in 0.0070149 seconds
Number of updated asset objects reloaded before import = 0Number of asset objects unloaded after import = 0

========================================================================
Received Import Request.
  Time since last request: 0.000063 seconds.
  path: Packages/com.unity.ugui/Editor/TMP/TMP_StyleAssetMenu.cs
  artifactKey: Guid(23a562f2cac6401f9f91251c68a1a794) Importer(2089858483,b0f066a214c2f5e87bad3c948f4d605d)
Start importing Packages/com.unity.ugui/Editor/TMP/TMP_StyleAssetMenu.cs using Guid(23a562f2cac6401f9f91251c68a1a794) Importer(2089858483,b0f066a214c2f5e87bad3c948f4d605d) (ScriptedImporter) -> (artifact id: 'c2ae3bca22f136f31d0c07d11a5e40ed') in 0.0078691 seconds
Number of updated asset objects reloaded before import = 0Number of asset objects unloaded after import = 0

========================================================================
Received Import Request.
  Time since last request: 0.000238 seconds.
  path: Packages/com.unity.collab-proxy/Editor/Views/PendingChanges/Changelists/MoveToChangelistMenuBuilder.cs
  artifactKey: Guid(466ebd71b4a48b541be6d119d8140603) Importer(2089858483,b0f066a214c2f5e87bad3c948f4d605d)
Start importing Packages/com.unity.collab-proxy/Editor/Views/PendingChanges/Changelists/MoveToChangelistMenuBuilder.cs using Guid(466ebd71b4a48b541be6d119d8140603) Importer(2089858483,b0f066a214c2f5e87bad3c948f4d605d) (ScriptedImporter) -> (artifact id: '4d8db9d540c8224973a833b051129ff3') in 0.0075215 seconds
Number of updated asset objects reloaded before import = 0Number of asset objects unloaded after import = 0

========================================================================
Received Import Request.
  Time since last request: 0.000093 seconds.
  path: Packages/com.unity.collab-proxy/Editor/Views/CreateWorkspace/Dialogs/RepositoriesListView.cs
  artifactKey: Guid(c18598e9d808edb4583a6aa724ffc268) Importer(2089858483,b0f066a214c2f5e87bad3c948f4d605d)
Start importing Packages/com.unity.collab-proxy/Editor/Views/CreateWorkspace/Dialogs/RepositoriesListView.cs using Guid(c18598e9d808edb4583a6aa724ffc268) Importer(2089858483,b0f066a214c2f5e87bad3c948f4d605d) (ScriptedImporter) -> (artifact id: '79592bd3153cef525afbcd82388553ed') in 0.0068962 seconds
Number of updated asset objects reloaded before import = 0Number of asset objects unloaded after import = 0

========================================================================
Received Import Request.
  Time since last request: 0.000083 seconds.
  path: Packages/com.unity.ide.visualstudio/Editor/Messaging/Serializer.cs
  artifactKey: Guid(369c09afe05d2c346af49faef943c773) Importer(2089858483,b0f066a214c2f5e87bad3c948f4d605d)
Start importing Packages/com.unity.ide.visualstudio/Editor/Messaging/Serializer.cs using Guid(369c09afe05d2c346af49faef943c773) Importer(2089858483,b0f066a214c2f5e87bad3c948f4d605d) (ScriptedImporter) -> (artifact id: '6cf8d201a90b233865ab978206beebff') in 0.00891 seconds
Number of updated asset objects reloaded before import = 0Number of asset objects unloaded after import = 0

========================================================================
Received Import Request.
  Time since last request: 0.000129 seconds.
  path: Packages/com.unity.ugui/Editor/TMP/TMPro_TextContainerEditor.cs
  artifactKey: Guid(02893ffb522b490a9fa28eedd2584309) Importer(2089858483,b0f066a214c2f5e87bad3c948f4d605d)
Start importing Packages/com.unity.ugui/Editor/TMP/TMPro_TextContainerEditor.cs using Guid(02893ffb522b490a9fa28eedd2584309) Importer(2089858483,b0f066a214c2f5e87bad3c948f4d605d) (ScriptedImporter) -> (artifact id: '2856bca0ac78d7ce982f3b028256536d') in 0.0091311 seconds
Number of updated asset objects reloaded before import = 0Number of asset objects unloaded after import = 0

========================================================================
Received Import Request.
  Time since last request: 0.000087 seconds.
  path: Packages/com.unity.collab-proxy/Editor/Views/Merge/Gluon/IncomingChangesViewMenu.cs
  artifactKey: Guid(349d4bc84d3b4fa48a1970539c06144c) Importer(2089858483,b0f066a214c2f5e87bad3c948f4d605d)
Start importing Packages/com.unity.collab-proxy/Editor/Views/Merge/Gluon/IncomingChangesViewMenu.cs using Guid(349d4bc84d3b4fa48a1970539c06144c) Importer(2089858483,b0f066a214c2f5e87bad3c948f4d605d) (ScriptedImporter) -> (artifact id: '1931f2041a8d0f243145073f64bac61d') in 0.0076089 seconds
Number of updated asset objects reloaded before import = 0Number of asset objects unloaded after import = 0

========================================================================
Received Import Request.
  Time since last request: 0.000082 seconds.
  path: Packages/com.unity.collab-proxy/Editor/Views/Merge/Developer/DirectoryConflicts/EvilTwinMenu.cs
  artifactKey: Guid(e2d5cd35402925349b237e34add0cabf) Importer(2089858483,b0f066a214c2f5e87bad3c948f4d605d)
Start importing Packages/com.unity.collab-proxy/Editor/Views/Merge/Developer/DirectoryConflicts/EvilTwinMenu.cs using Guid(e2d5cd35402925349b237e34add0cabf) Importer(2089858483,b0f066a214c2f5e87bad3c948f4d605d) (ScriptedImporter) -> (artifact id: '58d118854b35d9dfa2b5f9a6233b058d') in 0.0072219 seconds
Number of updated asset objects reloaded before import = 0Number of asset objects unloaded after import = 0

========================================================================
Received Import Request.
  Time since last request: 0.000091 seconds.
  path: Packages/com.unity.ide.visualstudio/Editor/ProjectGeneration/ProjectGenerationFlag.cs
  artifactKey: Guid(555fcccd6b79a864f83e7a319daa1c3e) Importer(2089858483,b0f066a214c2f5e87bad3c948f4d605d)
Start importing Packages/com.unity.ide.visualstudio/Editor/ProjectGeneration/ProjectGenerationFlag.cs using Guid(555fcccd6b79a864f83e7a319daa1c3e) Importer(2089858483,b0f066a214c2f5e87bad3c948f4d605d) (ScriptedImporter) -> (artifact id: '3339c1472a3c33ad091cfeea93d1eedc') in 0.0068772 seconds
Number of updated asset objects reloaded before import = 0Number of asset objects unloaded after import = 0

========================================================================
Received Import Request.
  Time since last request: 0.000102 seconds.
  path: Packages/com.unity.collab-proxy/Editor/UI/UnityInternals/UnityEditor/HostView.cs
  artifactKey: Guid(73186521cb8e4de3a13721da02015040) Importer(2089858483,b0f066a214c2f5e87bad3c948f4d605d)
Start importing Packages/com.unity.collab-proxy/Editor/UI/UnityInternals/UnityEditor/HostView.cs using Guid(73186521cb8e4de3a13721da02015040) Importer(2089858483,b0f066a214c2f5e87bad3c948f4d605d) (ScriptedImporter) -> (artifact id: 'a001640d1c935cecce5f957d6f7b7b3b') in 0.0066366 seconds
Number of updated asset objects reloaded before import = 0Number of asset objects unloaded after import = 0

========================================================================
Received Import Request.
  Time since last request: 0.000116 seconds.
  path: Packages/com.unity.collab-proxy/Editor/Views/BranchExplorer/Drawing/Shapes/Connections/Degrees.cs
  artifactKey: Guid(339bb0bea15547279a13171ebf92c4e9) Importer(2089858483,b0f066a214c2f5e87bad3c948f4d605d)
Start importing Packages/com.unity.collab-proxy/Editor/Views/BranchExplorer/Drawing/Shapes/Connections/Degrees.cs using Guid(339bb0bea15547279a13171ebf92c4e9) Importer(2089858483,b0f066a214c2f5e87bad3c948f4d605d) (ScriptedImporter) -> (artifact id: '92ab2fc98250ed69fffe01cbe55da4d9') in 0.0066544 seconds
Number of updated asset objects reloaded before import = 0Number of asset objects unloaded after import = 0

========================================================================
Received Import Request.
  Time since last request: 0.000200 seconds.
  path: Packages/com.unity.ide.visualstudio/Editor/Messaging/ExceptionEventArgs.cs
  artifactKey: Guid(917a51fff055ce547b4ad1215321f3da) Importer(2089858483,b0f066a214c2f5e87bad3c948f4d605d)
Start importing Packages/com.unity.ide.visualstudio/Editor/Messaging/ExceptionEventArgs.cs using Guid(917a51fff055ce547b4ad1215321f3da) Importer(2089858483,b0f066a214c2f5e87bad3c948f4d605d) (ScriptedImporter) -> (artifact id: 'a261eb726ac5cf06d926f3139772adbf') in 0.0065443 seconds
Number of updated asset objects reloaded before import = 0Number of asset objects unloaded after import = 0

========================================================================
Received Import Request.
  Time since last request: 0.000119 seconds.
  path: Packages/com.unity.ugui/Editor/TMP/TMP_ColorGradientAssetMenu.cs
  artifactKey: Guid(d9647b571c5e44729b71d756b3d55317) Importer(2089858483,b0f066a214c2f5e87bad3c948f4d605d)
Start importing Packages/com.unity.ugui/Editor/TMP/TMP_ColorGradientAssetMenu.cs using Guid(d9647b571c5e44729b71d756b3d55317) Importer(2089858483,b0f066a214c2f5e87bad3c948f4d605d) (ScriptedImporter) -> (artifact id: '7d2f7f0b7941eca803b2283ac5c3a1a2') in 0.0073856 seconds
Number of updated asset objects reloaded before import = 0Number of asset objects unloaded after import = 0

========================================================================
Received Import Request.
  Time since last request: 0.000089 seconds.
  path: Packages/com.unity.collab-proxy/Editor/Views/BranchExplorer/Virtualization/QuadTree.cs
  artifactKey: Guid(f2d293552be94873903931c954e5e935) Importer(2089858483,b0f066a214c2f5e87bad3c948f4d605d)
Start importing Packages/com.unity.collab-proxy/Editor/Views/BranchExplorer/Virtualization/QuadTree.cs using Guid(f2d293552be94873903931c954e5e935) Importer(2089858483,b0f066a214c2f5e87bad3c948f4d605d) (ScriptedImporter) -> (artifact id: '54e42ea253d1008c81eaa58198817933') in 0.0065986 seconds
Number of updated asset objects reloaded before import = 0Number of asset objects unloaded after import = 0

========================================================================
Received Import Request.
  Time since last request: 0.000100 seconds.
  path: Packages/com.unity.ide.visualstudio/Editor/ProjectGeneration/FileIOProvider.cs
  artifactKey: Guid(ec80b1fb8938b3b4ab442d10390c5315) Importer(2089858483,b0f066a214c2f5e87bad3c948f4d605d)
Start importing Packages/com.unity.ide.visualstudio/Editor/ProjectGeneration/FileIOProvider.cs using Guid(ec80b1fb8938b3b4ab442d10390c5315) Importer(2089858483,b0f066a214c2f5e87bad3c948f4d605d) (ScriptedImporter) -> (artifact id: 'ecce5136f7d2bb0ce0bb9bf3408a08e8') in 0.0067458 seconds
Number of updated asset objects reloaded before import = 0Number of asset objects unloaded after import = 0

========================================================================
Received Import Request.
  Time since last request: 0.000059 seconds.
  path: Packages/com.unity.collab-proxy/Editor/UI/UnityInternals/UnityEditor/SavedGUIState.cs
  artifactKey: Guid(6f5a38a89d734da9bcdfeffe252daed4) Importer(2089858483,b0f066a214c2f5e87bad3c948f4d605d)
Start importing Packages/com.unity.collab-proxy/Editor/UI/UnityInternals/UnityEditor/SavedGUIState.cs using Guid(6f5a38a89d734da9bcdfeffe252daed4) Importer(2089858483,b0f066a214c2f5e87bad3c948f4d605d) (ScriptedImporter) -> (artifact id: 'c0ffec44d35ab7f502d050f8deffb718') in 0.0076967 seconds
Number of updated asset objects reloaded before import = 0Number of asset objects unloaded after import = 0

========================================================================
Received Import Request.
  Time since last request: 0.000071 seconds.
  path: Packages/com.unity.ide.visualstudio/ValidationExceptions.json
  artifactKey: Guid(788fbcfc0abc6c54b9504cfee3176c22) Importer(2089858483,b0f066a214c2f5e87bad3c948f4d605d)
Start importing Packages/com.unity.ide.visualstudio/ValidationExceptions.json using Guid(788fbcfc0abc6c54b9504cfee3176c22) Importer(2089858483,b0f066a214c2f5e87bad3c948f4d605d) (ScriptedImporter) -> (artifact id: '5eb5b3645e79109e4d54ee20a0b8622b') in 0.0093564 seconds
Number of updated asset objects reloaded before import = 0Number of asset objects unloaded after import = 1

========================================================================
Received Import Request.
  Time since last request: 0.000064 seconds.
  path: Packages/com.unity.collab-proxy/Editor/Views/BranchExplorer/Game/BranchRunnerGame.cs
  artifactKey: Guid(5ea6fbde01fc74fd9aef36edf64214a7) Importer(2089858483,b0f066a214c2f5e87bad3c948f4d605d)
Start importing Packages/com.unity.collab-proxy/Editor/Views/BranchExplorer/Game/BranchRunnerGame.cs using Guid(5ea6fbde01fc74fd9aef36edf64214a7) Importer(2089858483,b0f066a214c2f5e87bad3c948f4d605d) (ScriptedImporter) -> (artifact id: '3e413969161e66ea3dc8063a74b330a7') in 0.0069339 seconds
Number of updated asset objects reloaded before import = 0Number of asset objects unloaded after import = 0

========================================================================
Received Import Request.
  Time since last request: 0.000133 seconds.
  path: Packages/com.unity.collab-proxy/Editor/UI/UnityInternals/UnityEditor/EditorWindowExtensions.cs
  artifactKey: Guid(8cb6c3d9c38f4b67b0ae9dc6ebdfecff) Importer(2089858483,b0f066a214c2f5e87bad3c948f4d605d)
Start importing Packages/com.unity.collab-proxy/Editor/UI/UnityInternals/UnityEditor/EditorWindowExtensions.cs using Guid(8cb6c3d9c38f4b67b0ae9dc6ebdfecff) Importer(2089858483,b0f066a214c2f5e87bad3c948f4d605d) (ScriptedImporter) -> (artifact id: 'c92773529bb5e1097f06e4a57cc8b8d1') in 0.0068702 seconds
Number of updated asset objects reloaded before import = 0Number of asset objects unloaded after import = 0

========================================================================
Received Import Request.
  Time since last request: 0.000058 seconds.
  path: Packages/com.unity.ugui/PackageConversionData_Assets.json
  artifactKey: Guid(0e0afa652c0031c48896a97b424d027b) Importer(2089858483,b0f066a214c2f5e87bad3c948f4d605d)
Start importing Packages/com.unity.ugui/PackageConversionData_Assets.json using Guid(0e0afa652c0031c48896a97b424d027b) Importer(2089858483,b0f066a214c2f5e87bad3c948f4d605d) (ScriptedImporter) -> (artifact id: 'f5a06647271e7e24e32963915e37686d') in 0.0079101 seconds
Number of updated asset objects reloaded before import = 0Number of asset objects unloaded after import = 1

========================================================================
Received Import Request.
  Time since last request: 0.000097 seconds.
  path: Packages/com.unity.collab-proxy/Lib/Editor/TextMateSharp/Onigwrap/libonigwrap/win-x64/libonigwrap.dll
  artifactKey: Guid(eeee7e9329f444d229da5621f5ac93b9) Importer(2089858483,b0f066a214c2f5e87bad3c948f4d605d)
Start importing Packages/com.unity.collab-proxy/Lib/Editor/TextMateSharp/Onigwrap/libonigwrap/win-x64/libonigwrap.dll using Guid(eeee7e9329f444d229da5621f5ac93b9) Importer(2089858483,b0f066a214c2f5e87bad3c948f4d605d) (ScriptedImporter) -> (artifact id: '739ff2c315c94137b193524f0234f884') in 0.0093453 seconds
Number of updated asset objects reloaded before import = 0Number of asset objects unloaded after import = 0

========================================================================
Received Import Request.
  Time since last request: 0.000124 seconds.
  path: Packages/com.unity.collab-proxy/Lib/Editor/Localization/plastic-gui.zh-Hans.txt
  artifactKey: Guid(b0263de00b1bd43a5b1ffa31691e194e) Importer(2089858483,b0f066a214c2f5e87bad3c948f4d605d)
Start importing Packages/com.unity.collab-proxy/Lib/Editor/Localization/plastic-gui.zh-Hans.txt using Guid(b0263de00b1bd43a5b1ffa31691e194e) Importer(2089858483,b0f066a214c2f5e87bad3c948f4d605d) (ScriptedImporter) -> (artifact id: 'b2c3938bbee2ac92a53ad3ba6fb874d4') in 0.0077921 seconds
Number of updated asset objects reloaded before import = 0Number of asset objects unloaded after import = 1

========================================================================
Received Import Request.
  Time since last request: 0.000044 seconds.
  path: Packages/com.unity.ide.visualstudio/Editor/SolutionProperties.cs
  artifactKey: Guid(829d4d6bc39fd1044ba4c5fc2a9c911f) Importer(2089858483,b0f066a214c2f5e87bad3c948f4d605d)
Start importing Packages/com.unity.ide.visualstudio/Editor/SolutionProperties.cs using Guid(829d4d6bc39fd1044ba4c5fc2a9c911f) Importer(2089858483,b0f066a214c2f5e87bad3c948f4d605d) (ScriptedImporter) -> (artifact id: '0ca998b82f3bf3c38cfc2d0cbb66f1d2') in 0.0073676 seconds
Number of updated asset objects reloaded before import = 0Number of asset objects unloaded after import = 0

========================================================================
Received Import Request.
  Time since last request: 0.000098 seconds.
  path: Packages/com.unity.collab-proxy/Editor/Views/BranchExplorer/Drawing/Shapes/ColumnShape.cs
  artifactKey: Guid(67042b0a735b4e9a9e1f047045048baa) Importer(2089858483,b0f066a214c2f5e87bad3c948f4d605d)
Start importing Packages/com.unity.collab-proxy/Editor/Views/BranchExplorer/Drawing/Shapes/ColumnShape.cs using Guid(67042b0a735b4e9a9e1f047045048baa) Importer(2089858483,b0f066a214c2f5e87bad3c948f4d605d) (ScriptedImporter) -> (artifact id: '4278efdf2fa57c5b09f0c9aaeaad3de0') in 0.0071024 seconds
Number of updated asset objects reloaded before import = 0Number of asset objects unloaded after import = 0

========================================================================
Received Import Request.
  Time since last request: 0.000096 seconds.
  path: Packages/com.unity.collab-proxy/Editor/Views/Merge/Developer/DirectoryConflicts/MergeViewDirectoryConflictMenu.cs
  artifactKey: Guid(4d2132ff97b487e4c9986528556871ed) Importer(2089858483,b0f066a214c2f5e87bad3c948f4d605d)
Start importing Packages/com.unity.collab-proxy/Editor/Views/Merge/Developer/DirectoryConflicts/MergeViewDirectoryConflictMenu.cs using Guid(4d2132ff97b487e4c9986528556871ed) Importer(2089858483,b0f066a214c2f5e87bad3c948f4d605d) (ScriptedImporter) -> (artifact id: '455996434939a0068dc617bc5847b159') in 0.0101146 seconds
Number of updated asset objects reloaded before import = 0Number of asset objects unloaded after import = 0

========================================================================
Received Import Request.
  Time since last request: 0.000086 seconds.
  path: Packages/com.unity.collab-proxy/Editor/Views/BranchExplorer/Virtualization/VirtualCanvasFiller.cs
  artifactKey: Guid(5b7531dfaf9b4de9ab2be2bbad7f83ad) Importer(2089858483,b0f066a214c2f5e87bad3c948f4d605d)
Start importing Packages/com.unity.collab-proxy/Editor/Views/BranchExplorer/Virtualization/VirtualCanvasFiller.cs using Guid(5b7531dfaf9b4de9ab2be2bbad7f83ad) Importer(2089858483,b0f066a214c2f5e87bad3c948f4d605d) (ScriptedImporter) -> (artifact id: '8e40e630ea0ffddc8ab73d4e8b692aa1') in 0.0081146 seconds
Number of updated asset objects reloaded before import = 0Number of asset objects unloaded after import = 0

========================================================================
Received Import Request.
  Time since last request: 0.000116 seconds.
  path: Packages/com.unity.modules.unitywebrequestaudio/package.json
  artifactKey: Guid(4b518b37798c97b0f860962cbf615533) Importer(2089858483,b0f066a214c2f5e87bad3c948f4d605d)
Start importing Packages/com.unity.modules.unitywebrequestaudio/package.json using Guid(4b518b37798c97b0f860962cbf615533) Importer(2089858483,b0f066a214c2f5e87bad3c948f4d605d) (ScriptedImporter) -> (artifact id: 'fbe05ba278d359325b3c6acf36f3ff87') in 0.0087815 seconds
Number of updated asset objects reloaded before import = 0Number of asset objects unloaded after import = 1

========================================================================
Received Import Request.
  Time since last request: 0.000093 seconds.
  path: Packages/com.unity.ugui/Editor/Analytics/UnityEditor.UI.Analytics.asmdef
  artifactKey: Guid(8394c018a82352f41ae354f7bdad54e3) Importer(2089858483,b0f066a214c2f5e87bad3c948f4d605d)
Start importing Packages/com.unity.ugui/Editor/Analytics/UnityEditor.UI.Analytics.asmdef using Guid(8394c018a82352f41ae354f7bdad54e3) Importer(2089858483,b0f066a214c2f5e87bad3c948f4d605d) (ScriptedImporter) -> (artifact id: '347088cc835b8c86908489e9663b74ea') in 0.0087709 seconds
Number of updated asset objects reloaded before import = 0Number of asset objects unloaded after import = 1

========================================================================
Received Import Request.
  Time since last request: 0.000025 seconds.
  path: Packages/com.unity.ide.visualstudio/package.json
  artifactKey: Guid(656f74f6edaa396458412b9e3903d8cd) Importer(2089858483,b0f066a214c2f5e87bad3c948f4d605d)
Start importing Packages/com.unity.ide.visualstudio/package.json using Guid(656f74f6edaa396458412b9e3903d8cd) Importer(2089858483,b0f066a214c2f5e87bad3c948f4d605d) (ScriptedImporter) -> (artifact id: 'fce288abbc3dfb75c2274ae33dc2705d') in 0.0064097 seconds
Number of updated asset objects reloaded before import = 0Number of asset objects unloaded after import = 1

========================================================================
Received Import Request.
  Time since last request: 0.000028 seconds.
  path: Packages/com.unity.collab-proxy/Editor/Views/BranchExplorer/Virtualization/VirtualShapeFactory.cs
  artifactKey: Guid(be0d618f3c51404cb94628b6b6cdc8d7) Importer(2089858483,b0f066a214c2f5e87bad3c948f4d605d)
Start importing Packages/com.unity.collab-proxy/Editor/Views/BranchExplorer/Virtualization/VirtualShapeFactory.cs using Guid(be0d618f3c51404cb94628b6b6cdc8d7) Importer(2089858483,b0f066a214c2f5e87bad3c948f4d605d) (ScriptedImporter) -> (artifact id: 'bd3c7db6971658a5305e378b49c645d1') in 0.0077773 seconds
Number of updated asset objects reloaded before import = 0Number of asset objects unloaded after import = 0

========================================================================
Received Import Request.
  Time since last request: 0.000088 seconds.
  path: Packages/com.unity.collab-proxy/Editor/Views/BranchExplorer/Drawing/Shapes/Connections/ParentLinkConnectionPoints.cs
  artifactKey: Guid(d29601c53f414c2090f0a65c04a0d011) Importer(2089858483,b0f066a214c2f5e87bad3c948f4d605d)
Start importing Packages/com.unity.collab-proxy/Editor/Views/BranchExplorer/Drawing/Shapes/Connections/ParentLinkConnectionPoints.cs using Guid(d29601c53f414c2090f0a65c04a0d011) Importer(2089858483,b0f066a214c2f5e87bad3c948f4d605d) (ScriptedImporter) -> (artifact id: '3caff3dd7f7c87ccc78f49b3f3964b3e') in 0.007062 seconds
Number of updated asset objects reloaded before import = 0Number of asset objects unloaded after import = 0

========================================================================
Received Import Request.
  Time since last request: 0.000089 seconds.
  path: Packages/com.unity.collab-proxy/Editor/Views/BranchExplorer/Options/BranchExplorerOptionsWindow.cs
  artifactKey: Guid(8f337a12580464190b8455975f146e52) Importer(2089858483,b0f066a214c2f5e87bad3c948f4d605d)
Start importing Packages/com.unity.collab-proxy/Editor/Views/BranchExplorer/Options/BranchExplorerOptionsWindow.cs using Guid(8f337a12580464190b8455975f146e52) Importer(2089858483,b0f066a214c2f5e87bad3c948f4d605d) (ScriptedImporter) -> (artifact id: 'de60714acfaa76550d198c3d99b71eb6') in 0.0074452 seconds
Number of updated asset objects reloaded before import = 0Number of asset objects unloaded after import = 0

========================================================================
Received Import Request.
  Time since last request: 0.000100 seconds.
  path: Packages/com.unity.collab-proxy/Editor/CloudDrive/Workspaces/Tree/CloudWorkspacesTreeViewItem.cs
  artifactKey: Guid(7deb947d51d34c76aa03ec6d3a07a4ec) Importer(2089858483,b0f066a214c2f5e87bad3c948f4d605d)
Start importing Packages/com.unity.collab-proxy/Editor/CloudDrive/Workspaces/Tree/CloudWorkspacesTreeViewItem.cs using Guid(7deb947d51d34c76aa03ec6d3a07a4ec) Importer(2089858483,b0f066a214c2f5e87bad3c948f4d605d) (ScriptedImporter) -> (artifact id: 'f381a4b97f92ca1c0c3bd574fce85e04') in 0.007218 seconds
Number of updated asset objects reloaded before import = 0Number of asset objects unloaded after import = 0

========================================================================
Received Import Request.
  Time since last request: 0.000131 seconds.
  path: Packages/com.unity.collab-proxy/Lib/Editor/TextMateSharp/Onigwrap/libonigwrap/osx-arm64/libonigwrap.dylib
  artifactKey: Guid(4c6624b0864b74bcb97dee447046746e) Importer(2089858483,b0f066a214c2f5e87bad3c948f4d605d)
Start importing Packages/com.unity.collab-proxy/Lib/Editor/TextMateSharp/Onigwrap/libonigwrap/osx-arm64/libonigwrap.dylib using Guid(4c6624b0864b74bcb97dee447046746e) Importer(2089858483,b0f066a214c2f5e87bad3c948f4d605d) (ScriptedImporter) -> (artifact id: 'dbda7372cb889a4dfdd6dbe99cc2bda2') in 0.009189 seconds
Number of updated asset objects reloaded before import = 0Number of asset objects unloaded after import = 0

========================================================================
Received Import Request.
  Time since last request: 0.000151 seconds.
  path: Packages/com.unity.ide.visualstudio/Editor/VisualStudioInstallation.cs
  artifactKey: Guid(bb86eea06f54fb24caa7046a8a764945) Importer(2089858483,b0f066a214c2f5e87bad3c948f4d605d)
Start importing Packages/com.unity.ide.visualstudio/Editor/VisualStudioInstallation.cs using Guid(bb86eea06f54fb24caa7046a8a764945) Importer(2089858483,b0f066a214c2f5e87bad3c948f4d605d) (ScriptedImporter) -> (artifact id: '3e5e25d88dddc1d0e4475357cf823810') in 0.0073989 seconds
Number of updated asset objects reloaded before import = 0Number of asset objects unloaded after import = 0

========================================================================
Received Import Request.
  Time since last request: 0.000092 seconds.
  path: Packages/com.unity.collab-proxy/Editor/CloudDrive/Workspaces/DirectoryContent/ProcessItemsGridViewEvent.cs
  artifactKey: Guid(6de94dccb9344367a5c94b087d3cc1e2) Importer(2089858483,b0f066a214c2f5e87bad3c948f4d605d)
Start importing Packages/com.unity.collab-proxy/Editor/CloudDrive/Workspaces/DirectoryContent/ProcessItemsGridViewEvent.cs using Guid(6de94dccb9344367a5c94b087d3cc1e2) Importer(2089858483,b0f066a214c2f5e87bad3c948f4d605d) (ScriptedImporter) -> (artifact id: '11124042d62b2506a90daf78722f75c6') in 0.0099961 seconds
Number of updated asset objects reloaded before import = 0Number of asset objects unloaded after import = 0

========================================================================
Received Import Request.
  Time since last request: 0.000068 seconds.
  path: Packages/com.unity.collab-proxy/Editor/Views/BranchExplorer/Drawing/Shapes/TryClipSegment.cs
  artifactKey: Guid(bddb6813a13a4bf892c0927184324e20) Importer(2089858483,b0f066a214c2f5e87bad3c948f4d605d)
Start importing Packages/com.unity.collab-proxy/Editor/Views/BranchExplorer/Drawing/Shapes/TryClipSegment.cs using Guid(bddb6813a13a4bf892c0927184324e20) Importer(2089858483,b0f066a214c2f5e87bad3c948f4d605d) (ScriptedImporter) -> (artifact id: '3ec64233ea643a8a12a1b9ba7689bfcc') in 0.0076813 seconds
Number of updated asset objects reloaded before import = 0Number of asset objects unloaded after import = 0

========================================================================
Received Import Request.
  Time since last request: 0.000186 seconds.
  path: Packages/com.unity.collab-proxy/Editor/Views/BranchExplorer/Drawing/Shapes/ChangesetShape.cs
  artifactKey: Guid(839307907e7a41f7af4d60bf8eef2218) Importer(2089858483,b0f066a214c2f5e87bad3c948f4d605d)
Start importing Packages/com.unity.collab-proxy/Editor/Views/BranchExplorer/Drawing/Shapes/ChangesetShape.cs using Guid(839307907e7a41f7af4d60bf8eef2218) Importer(2089858483,b0f066a214c2f5e87bad3c948f4d605d) (ScriptedImporter) -> (artifact id: 'bca75f61b54abe84d97d80472fbf7b92') in 0.0077394 seconds
Number of updated asset objects reloaded before import = 0Number of asset objects unloaded after import = 0

========================================================================
Received Import Request.
  Time since last request: 0.000067 seconds.
  path: Packages/com.unity.ugui/PackageConversionData.json
  artifactKey: Guid(05f5bfd584002f948982a1498890f9a9) Importer(2089858483,b0f066a214c2f5e87bad3c948f4d605d)
Start importing Packages/com.unity.ugui/PackageConversionData.json using Guid(05f5bfd584002f948982a1498890f9a9) Importer(2089858483,b0f066a214c2f5e87bad3c948f4d605d) (ScriptedImporter) -> (artifact id: '237f01715c8937f6333babfb50297369') in 0.0083104 seconds
Number of updated asset objects reloaded before import = 0Number of asset objects unloaded after import = 1

========================================================================
Received Import Request.
  Time since last request: 0.000088 seconds.
  path: Packages/com.unity.ugui/Editor/TMP/TMP_ResourcesLoader.cs
  artifactKey: Guid(7241c7dc25374fc1a6ab3ef9da79c363) Importer(2089858483,b0f066a214c2f5e87bad3c948f4d605d)
Start importing Packages/com.unity.ugui/Editor/TMP/TMP_ResourcesLoader.cs using Guid(7241c7dc25374fc1a6ab3ef9da79c363) Importer(2089858483,b0f066a214c2f5e87bad3c948f4d605d) (ScriptedImporter) -> (artifact id: '6ad10e0a3ff38e08063072ed0c285987') in 0.0079299 seconds
Number of updated asset objects reloaded before import = 0Number of asset objects unloaded after import = 0

========================================================================
Received Import Request.
  Time since last request: 0.000075 seconds.
  path: Packages/com.unity.ugui/Editor/TMP/TMP_DropdownEditor.cs
  artifactKey: Guid(6dbcf248c987476181a37f01a1814975) Importer(2089858483,b0f066a214c2f5e87bad3c948f4d605d)
Start importing Packages/com.unity.ugui/Editor/TMP/TMP_DropdownEditor.cs using Guid(6dbcf248c987476181a37f01a1814975) Importer(2089858483,b0f066a214c2f5e87bad3c948f4d605d) (ScriptedImporter) -> (artifact id: '57a43f960beb7f9dab6f13c9352e931b') in 0.0083472 seconds
Number of updated asset objects reloaded before import = 0Number of asset objects unloaded after import = 0

========================================================================
Received Import Request.
  Time since last request: 0.000081 seconds.
  path: Packages/com.unity.collab-proxy/Lib/Editor/Localization/xdiff.es.txt
  artifactKey: Guid(ec1212d5d510e4070be838d4f688aa3e) Importer(2089858483,b0f066a214c2f5e87bad3c948f4d605d)
Start importing Packages/com.unity.collab-proxy/Lib/Editor/Localization/xdiff.es.txt using Guid(ec1212d5d510e4070be838d4f688aa3e) Importer(2089858483,b0f066a214c2f5e87bad3c948f4d605d) (ScriptedImporter) -> (artifact id: 'dc2b1f23427dd0a5ffed6b678259fdc5') in 0.0070077 seconds
Number of updated asset objects reloaded before import = 0Number of asset objects unloaded after import = 1

========================================================================
Received Import Request.
  Time since last request: 0.000079 seconds.
  path: Packages/com.unity.collab-proxy/Editor/Views/Merge/Developer/IsResolved.cs
  artifactKey: Guid(d6db53f93de967c489902da57a7290a1) Importer(2089858483,b0f066a214c2f5e87bad3c948f4d605d)
Start importing Packages/com.unity.collab-proxy/Editor/Views/Merge/Developer/IsResolved.cs using Guid(d6db53f93de967c489902da57a7290a1) Importer(2089858483,b0f066a214c2f5e87bad3c948f4d605d) (ScriptedImporter) -> (artifact id: '6f4da2579e6fd041f09185bc3ffa2dd4') in 0.0079018 seconds
Number of updated asset objects reloaded before import = 0Number of asset objects unloaded after import = 0

========================================================================
Received Import Request.
  Time since last request: 0.000039 seconds.
  path: Packages/com.unity.collab-proxy/Lib/Editor/Localization/semantic.zh-Hant.txt
  artifactKey: Guid(126d59d6b93214ad78fb154cae61c871) Importer(2089858483,b0f066a214c2f5e87bad3c948f4d605d)
Start importing Packages/com.unity.collab-proxy/Lib/Editor/Localization/semantic.zh-Hant.txt using Guid(126d59d6b93214ad78fb154cae61c871) Importer(2089858483,b0f066a214c2f5e87bad3c948f4d605d) (ScriptedImporter) -> (artifact id: '3cfbe7b176329181134d28ca9d6c65d4') in 0.0071597 seconds
Number of updated asset objects reloaded before import = 0Number of asset objects unloaded after import = 1

========================================================================
Received Import Request.
  Time since last request: 0.000020 seconds.
  path: Packages/com.unity.ide.visualstudio/Editor/ProjectGeneration/GeneratorFactory.cs
  artifactKey: Guid(c94f13e05ef0a7a49bdd39f197f39e5e) Importer(2089858483,b0f066a214c2f5e87bad3c948f4d605d)
Start importing Packages/com.unity.ide.visualstudio/Editor/ProjectGeneration/GeneratorFactory.cs using Guid(c94f13e05ef0a7a49bdd39f197f39e5e) Importer(2089858483,b0f066a214c2f5e87bad3c948f4d605d) (ScriptedImporter) -> (artifact id: '0546a5532c5bc1505af696d42c8ba59b') in 0.0075301 seconds
Number of updated asset objects reloaded before import = 0Number of asset objects unloaded after import = 0

========================================================================
Received Import Request.
  Time since last request: 0.000050 seconds.
  path: Packages/com.unity.collab-proxy/Editor/Views/Merge/Developer/DirectoryConflicts/MoveDeleteMenu.cs
  artifactKey: Guid(a2fb15c9d02b72e4598e450dab5fcd12) Importer(2089858483,b0f066a214c2f5e87bad3c948f4d605d)
Start importing Packages/com.unity.collab-proxy/Editor/Views/Merge/Developer/DirectoryConflicts/MoveDeleteMenu.cs using Guid(a2fb15c9d02b72e4598e450dab5fcd12) Importer(2089858483,b0f066a214c2f5e87bad3c948f4d605d) (ScriptedImporter) -> (artifact id: '50dccd2e210c4d30f0d48f362d9d308e') in 0.007907 seconds
Number of updated asset objects reloaded before import = 0Number of asset objects unloaded after import = 0

========================================================================
Received Import Request.
  Time since last request: 0.000135 seconds.
  path: Packages/com.unity.collab-proxy/Editor/Views/CreateWorkspace/Dialogs/RepositoryListViewItem.cs
  artifactKey: Guid(83882c7718d0fc34f8a05141328ceac1) Importer(2089858483,b0f066a214c2f5e87bad3c948f4d605d)
Start importing Packages/com.unity.collab-proxy/Editor/Views/CreateWorkspace/Dialogs/RepositoryListViewItem.cs using Guid(83882c7718d0fc34f8a05141328ceac1) Importer(2089858483,b0f066a214c2f5e87bad3c948f4d605d) (ScriptedImporter) -> (artifact id: '4626d0e441c5af44ce6141212e515fc2') in 0.0122507 seconds
Number of updated asset objects reloaded before import = 0Number of asset objects unloaded after import = 0

========================================================================
Received Import Request.
  Time since last request: 0.000038 seconds.
  path: Packages/com.unity.collab-proxy/Lib/Editor/TextMateSharp/Onigwrap/libonigwrap/win-arm64/libonigwrap.dll
  artifactKey: Guid(239b82026980e4f48a5b4059f9811bcf) Importer(2089858483,b0f066a214c2f5e87bad3c948f4d605d)
Start importing Packages/com.unity.collab-proxy/Lib/Editor/TextMateSharp/Onigwrap/libonigwrap/win-arm64/libonigwrap.dll using Guid(239b82026980e4f48a5b4059f9811bcf) Importer(2089858483,b0f066a214c2f5e87bad3c948f4d605d) (ScriptedImporter) -> (artifact id: 'ecbc0aedee515b33e8f0876b23688495') in 0.0112633 seconds
Number of updated asset objects reloaded before import = 0Number of asset objects unloaded after import = 0

========================================================================
Received Import Request.
  Time since last request: 0.000061 seconds.
  path: Packages/com.unity.collab-proxy/Editor/Views/BranchExplorer/Options/ConditionalFormat/FiltersAndConditionalFormatPanel.cs
  artifactKey: Guid(9b4ce296f75d9468f820729bb268de75) Importer(2089858483,b0f066a214c2f5e87bad3c948f4d605d)
Start importing Packages/com.unity.collab-proxy/Editor/Views/BranchExplorer/Options/ConditionalFormat/FiltersAndConditionalFormatPanel.cs using Guid(9b4ce296f75d9468f820729bb268de75) Importer(2089858483,b0f066a214c2f5e87bad3c948f4d605d) (ScriptedImporter) -> (artifact id: '8de10fbf4d30b11b1f26077dddb2b6db') in 0.0074833 seconds
Number of updated asset objects reloaded before import = 0Number of asset objects unloaded after import = 0

========================================================================
Received Import Request.
  Time since last request: 0.000087 seconds.
  path: Packages/com.unity.collab-proxy/Editor/Views/Merge/Developer/UnityMergeTree.cs
  artifactKey: Guid(b57672168ae882a4b8483a000638c433) Importer(2089858483,b0f066a214c2f5e87bad3c948f4d605d)
Start importing Packages/com.unity.collab-proxy/Editor/Views/Merge/Developer/UnityMergeTree.cs using Guid(b57672168ae882a4b8483a000638c433) Importer(2089858483,b0f066a214c2f5e87bad3c948f4d605d) (ScriptedImporter) -> (artifact id: '3621b9a11bff5b77c21477acc474ff5f') in 0.0087339 seconds
Number of updated asset objects reloaded before import = 0Number of asset objects unloaded after import = 0

========================================================================
Received Import Request.
  Time since last request: 0.000098 seconds.
  path: Packages/com.unity.modules.imgui/package.json
  artifactKey: Guid(42fe78c8fe682715a2cb531422e6ccb3) Importer(2089858483,b0f066a214c2f5e87bad3c948f4d605d)
Start importing Packages/com.unity.modules.imgui/package.json using Guid(42fe78c8fe682715a2cb531422e6ccb3) Importer(2089858483,b0f066a214c2f5e87bad3c948f4d605d) (ScriptedImporter) -> (artifact id: '2ae2b92fa36fcc7186f6489a9860ba44') in 0.008395 seconds
Number of updated asset objects reloaded before import = 0Number of asset objects unloaded after import = 1

========================================================================
Received Import Request.
  Time since last request: 0.000058 seconds.
  path: Packages/com.unity.collab-proxy/Editor/Views/BranchExplorer/Drawing/Shapes/ChangesetCommentShape.cs
  artifactKey: Guid(c7d6a678a5bdb45c9b91c35d33ad597d) Importer(2089858483,b0f066a214c2f5e87bad3c948f4d605d)
Start importing Packages/com.unity.collab-proxy/Editor/Views/BranchExplorer/Drawing/Shapes/ChangesetCommentShape.cs using Guid(c7d6a678a5bdb45c9b91c35d33ad597d) Importer(2089858483,b0f066a214c2f5e87bad3c948f4d605d) (ScriptedImporter) -> (artifact id: 'ad13d4024a08f839cef4b6ae5501a76b') in 0.006405 seconds
Number of updated asset objects reloaded before import = 0Number of asset objects unloaded after import = 0

========================================================================
Received Import Request.
  Time since last request: 0.000109 seconds.
  path: Packages/com.unity.collab-proxy/Editor/Views/Changesets/Dialogs/LabelChangesetDialog.cs
  artifactKey: Guid(6e19ed08370c2e6419986e350c6d4c20) Importer(2089858483,b0f066a214c2f5e87bad3c948f4d605d)
Start importing Packages/com.unity.collab-proxy/Editor/Views/Changesets/Dialogs/LabelChangesetDialog.cs using Guid(6e19ed08370c2e6419986e350c6d4c20) Importer(2089858483,b0f066a214c2f5e87bad3c948f4d605d) (ScriptedImporter) -> (artifact id: 'c942406cb0dac7d05412770ca95162f8') in 0.0077123 seconds
Number of updated asset objects reloaded before import = 0Number of asset objects unloaded after import = 0

========================================================================
Received Import Request.
  Time since last request: 0.000103 seconds.
  path: Packages/com.unity.ugui/Editor/TMP/TMPro_CreateObjectMenu.cs
  artifactKey: Guid(7065397ff8184621aa3ca4f854491259) Importer(2089858483,b0f066a214c2f5e87bad3c948f4d605d)
Start importing Packages/com.unity.ugui/Editor/TMP/TMPro_CreateObjectMenu.cs using Guid(7065397ff8184621aa3ca4f854491259) Importer(2089858483,b0f066a214c2f5e87bad3c948f4d605d) (ScriptedImporter) -> (artifact id: '8ad85781f51761637a23779ca220893a') in 0.0073675 seconds
Number of updated asset objects reloaded before import = 0Number of asset objects unloaded after import = 0

========================================================================
Received Import Request.
  Time since last request: 0.000078 seconds.
  path: Packages/com.unity.collab-proxy/Editor/Views/Merge/Developer/DirectoryConflicts/MovedEvilTwinMenu.cs
  artifactKey: Guid(d5deddb7ed7802d41947ef9ac98ccd56) Importer(2089858483,b0f066a214c2f5e87bad3c948f4d605d)
Start importing Packages/com.unity.collab-proxy/Editor/Views/Merge/Developer/DirectoryConflicts/MovedEvilTwinMenu.cs using Guid(d5deddb7ed7802d41947ef9ac98ccd56) Importer(2089858483,b0f066a214c2f5e87bad3c948f4d605d) (ScriptedImporter) -> (artifact id: '699dd6f522dacaf30d5c834747ef15b5') in 0.0085774 seconds
Number of updated asset objects reloaded before import = 0Number of asset objects unloaded after import = 0

========================================================================
Received Import Request.
  Time since last request: 0.000098 seconds.
  path: Packages/com.unity.collab-proxy/Editor/UI/UnityInternals/UnityEditor/TreeViewExtensions.cs
  artifactKey: Guid(d269c0e04a783b442bf23b3dc868a625) Importer(2089858483,b0f066a214c2f5e87bad3c948f4d605d)
Start importing Packages/com.unity.collab-proxy/Editor/UI/UnityInternals/UnityEditor/TreeViewExtensions.cs using Guid(d269c0e04a783b442bf23b3dc868a625) Importer(2089858483,b0f066a214c2f5e87bad3c948f4d605d) (ScriptedImporter) -> (artifact id: 'e1633b2fc1b63f14efa6ad23026d9006') in 0.0071436 seconds
Number of updated asset objects reloaded before import = 0Number of asset objects unloaded after import = 0

========================================================================
Received Import Request.
  Time since last request: 0.000106 seconds.
  path: Packages/com.unity.collab-proxy/Editor/Views/PendingChanges/Dialogs/DependenciesDialog.cs
  artifactKey: Guid(c584c584ba20f4daea226141b9e55bd0) Importer(2089858483,b0f066a214c2f5e87bad3c948f4d605d)
Start importing Packages/com.unity.collab-proxy/Editor/Views/PendingChanges/Dialogs/DependenciesDialog.cs using Guid(c584c584ba20f4daea226141b9e55bd0) Importer(2089858483,b0f066a214c2f5e87bad3c948f4d605d) (ScriptedImporter) -> (artifact id: 'c2afe5be8549b3ea719f587f08e626f9') in 0.0083809 seconds
Number of updated asset objects reloaded before import = 0Number of asset objects unloaded after import = 0

========================================================================
Received Import Request.
  Time since last request: 0.000106 seconds.
  path: Packages/com.unity.modules.jsonserialize/package.ModuleCompilationTrigger
  artifactKey: Guid(e6a135e3ea9cb46795d1b0e05ac3e1e5) Importer(2089858483,b0f066a214c2f5e87bad3c948f4d605d)
Start importing Packages/com.unity.modules.jsonserialize/package.ModuleCompilationTrigger using Guid(e6a135e3ea9cb46795d1b0e05ac3e1e5) Importer(2089858483,b0f066a214c2f5e87bad3c948f4d605d) (ScriptedImporter) -> (artifact id: 'a6744189b920abf3dd47804a58a18489') in 0.0071482 seconds
Number of updated asset objects reloaded before import = 0Number of asset objects unloaded after import = 1

========================================================================
Received Import Request.
  Time since last request: 0.000033 seconds.
  path: Packages/com.unity.modules.unityanalytics/package.ModuleCompilationTrigger
  artifactKey: Guid(71136fc5cf34f2cc10be0e33c0b08019) Importer(2089858483,b0f066a214c2f5e87bad3c948f4d605d)
Start importing Packages/com.unity.modules.unityanalytics/package.ModuleCompilationTrigger using Guid(71136fc5cf34f2cc10be0e33c0b08019) Importer(2089858483,b0f066a214c2f5e87bad3c948f4d605d) (ScriptedImporter) -> (artifact id: 'd254ef12b4282dfa6f46937a3ffbd56e') in 0.0073009 seconds
Number of updated asset objects reloaded before import = 0Number of asset objects unloaded after import = 1

========================================================================
Received Import Request.
  Time since last request: 0.000025 seconds.
  path: Packages/com.unity.collab-proxy/Editor/Views/Merge/Gluon/IncomingChangesTab.cs
  artifactKey: Guid(9b917d42ad338ab4494088f574472998) Importer(2089858483,b0f066a214c2f5e87bad3c948f4d605d)
Start importing Packages/com.unity.collab-proxy/Editor/Views/Merge/Gluon/IncomingChangesTab.cs using Guid(9b917d42ad338ab4494088f574472998) Importer(2089858483,b0f066a214c2f5e87bad3c948f4d605d) (ScriptedImporter) -> (artifact id: '7652a21c7a65c1df590ba70495e9c939') in 0.0078986 seconds
Number of updated asset objects reloaded before import = 0Number of asset objects unloaded after import = 0

========================================================================
Received Import Request.
  Time since last request: 0.000042 seconds.
  path: Packages/com.unity.collab-proxy/Editor/CloudDrive/Workspaces/DirectoryContent/DrawExpandedTreeNode.cs
  artifactKey: Guid(b4c28e55281f4ec5bc041b8f52b7d891) Importer(2089858483,b0f066a214c2f5e87bad3c948f4d605d)
Start importing Packages/com.unity.collab-proxy/Editor/CloudDrive/Workspaces/DirectoryContent/DrawExpandedTreeNode.cs using Guid(b4c28e55281f4ec5bc041b8f52b7d891) Importer(2089858483,b0f066a214c2f5e87bad3c948f4d605d) (ScriptedImporter) -> (artifact id: 'b6d67346500181109eccf923417780eb') in 0.0081666 seconds
Number of updated asset objects reloaded before import = 0Number of asset objects unloaded after import = 0

========================================================================
Received Import Request.
  Time since last request: 0.000189 seconds.
  path: Packages/com.unity.collab-proxy/Lib/Editor/Localization/plastic-gui.ko.txt
  artifactKey: Guid(47435a7ac7d5943fcbec0a36875451c8) Importer(2089858483,b0f066a214c2f5e87bad3c948f4d605d)
Start importing Packages/com.unity.collab-proxy/Lib/Editor/Localization/plastic-gui.ko.txt using Guid(47435a7ac7d5943fcbec0a36875451c8) Importer(2089858483,b0f066a214c2f5e87bad3c948f4d605d) (ScriptedImporter) -> (artifact id: 'b3c8ba95a089f21a0f6f21f89e7f1674') in 0.0082211 seconds
Number of updated asset objects reloaded before import = 0Number of asset objects unloaded after import = 1

========================================================================
Received Import Request.
  Time since last request: 0.000043 seconds.
  path: Packages/com.unity.collab-proxy/Editor/Views/Merge/Developer/DirectoryConflicts/DeleteChangeMenu.cs
  artifactKey: Guid(86a5230f492b0b14ea583544991668a9) Importer(2089858483,b0f066a214c2f5e87bad3c948f4d605d)
Start importing Packages/com.unity.collab-proxy/Editor/Views/Merge/Developer/DirectoryConflicts/DeleteChangeMenu.cs using Guid(86a5230f492b0b14ea583544991668a9) Importer(2089858483,b0f066a214c2f5e87bad3c948f4d605d) (ScriptedImporter) -> (artifact id: 'ebf651ffb448684c2babfdab1bb9282b') in 0.0064955 seconds
Number of updated asset objects reloaded before import = 0Number of asset objects unloaded after import = 0

========================================================================
Received Import Request.
  Time since last request: 0.000130 seconds.
  path: Packages/com.unity.collab-proxy/Editor/Views/Merge/Developer/DirectoryConflicts/ChangeDeleteMenu.cs
  artifactKey: Guid(aba7053d59726d64b86f2c4f98dbb910) Importer(2089858483,b0f066a214c2f5e87bad3c948f4d605d)
Start importing Packages/com.unity.collab-proxy/Editor/Views/Merge/Developer/DirectoryConflicts/ChangeDeleteMenu.cs using Guid(aba7053d59726d64b86f2c4f98dbb910) Importer(2089858483,b0f066a214c2f5e87bad3c948f4d605d) (ScriptedImporter) -> (artifact id: 'a1424981aeda958988089a499269330d') in 0.0075425 seconds
Number of updated asset objects reloaded before import = 0Number of asset objects unloaded after import = 0

========================================================================
Received Import Request.
  Time since last request: 0.000068 seconds.
  path: Packages/com.unity.collab-proxy/Editor/Views/Merge/Developer/MergeTreeView.cs
  artifactKey: Guid(1e0aed0a10caba04583f2474f8279b27) Importer(2089858483,b0f066a214c2f5e87bad3c948f4d605d)
Start importing Packages/com.unity.collab-proxy/Editor/Views/Merge/Developer/MergeTreeView.cs using Guid(1e0aed0a10caba04583f2474f8279b27) Importer(2089858483,b0f066a214c2f5e87bad3c948f4d605d) (ScriptedImporter) -> (artifact id: 'c8aa5d042d1aecb1db797d559da875ac') in 0.0075598 seconds
Number of updated asset objects reloaded before import = 0Number of asset objects unloaded after import = 0

========================================================================
Received Import Request.
  Time since last request: 0.000026 seconds.
  path: Packages/com.unity.modules.unityanalytics/package.json
  artifactKey: Guid(26a4f29db434fd79025c91f6126382cc) Importer(2089858483,b0f066a214c2f5e87bad3c948f4d605d)
Start importing Packages/com.unity.modules.unityanalytics/package.json using Guid(26a4f29db434fd79025c91f6126382cc) Importer(2089858483,b0f066a214c2f5e87bad3c948f4d605d) (ScriptedImporter) -> (artifact id: '7c54e857c64c37d94a196e8c40178e0c') in 0.010274 seconds
Number of updated asset objects reloaded before import = 0Number of asset objects unloaded after import = 1

========================================================================
Received Import Request.
  Time since last request: 0.000065 seconds.
  path: Packages/com.unity.collab-proxy/Editor/UVCSToolbar/PopupWindow/BranchesList/BranchesTreeView.cs
  artifactKey: Guid(cef1fd4b45bd4bbfabb7b27325107045) Importer(2089858483,b0f066a214c2f5e87bad3c948f4d605d)
Start importing Packages/com.unity.collab-proxy/Editor/UVCSToolbar/PopupWindow/BranchesList/BranchesTreeView.cs using Guid(cef1fd4b45bd4bbfabb7b27325107045) Importer(2089858483,b0f066a214c2f5e87bad3c948f4d605d) (ScriptedImporter) -> (artifact id: '82cf64d5630a886d932af3bae867b248') in 0.0064882 seconds
Number of updated asset objects reloaded before import = 0Number of asset objects unloaded after import = 0

========================================================================
Received Import Request.
  Time since last request: 0.000072 seconds.
  path: Packages/com.unity.collab-proxy/Editor/CloudDrive/Workspaces/DragAndDrop/AskUserForExistingFile.cs
  artifactKey: Guid(509ecc6807ba438a92fbda6424603ecb) Importer(2089858483,b0f066a214c2f5e87bad3c948f4d605d)
Start importing Packages/com.unity.collab-proxy/Editor/CloudDrive/Workspaces/DragAndDrop/AskUserForExistingFile.cs using Guid(509ecc6807ba438a92fbda6424603ecb) Importer(2089858483,b0f066a214c2f5e87bad3c948f4d605d) (ScriptedImporter) -> (artifact id: '4f1156b110d90439db2330c2840825c8') in 0.0078045 seconds
Number of updated asset objects reloaded before import = 0Number of asset objects unloaded after import = 0

========================================================================
Received Import Request.
  Time since last request: 0.000080 seconds.
  path: Packages/com.unity.collab-proxy/Editor/Views/BranchExplorer/Drawing/Shapes/Colors/ColorProvider.cs
  artifactKey: Guid(0da29ddb8a5144b1b4f1bd9922a3669a) Importer(2089858483,b0f066a214c2f5e87bad3c948f4d605d)
Start importing Packages/com.unity.collab-proxy/Editor/Views/BranchExplorer/Drawing/Shapes/Colors/ColorProvider.cs using Guid(0da29ddb8a5144b1b4f1bd9922a3669a) Importer(2089858483,b0f066a214c2f5e87bad3c948f4d605d) (ScriptedImporter) -> (artifact id: '061fbf5f5a757de5ba9f30a80f935758') in 0.0080983 seconds
Number of updated asset objects reloaded before import = 0Number of asset objects unloaded after import = 0

========================================================================
Received Import Request.
  Time since last request: 0.000104 seconds.
  path: Packages/com.unity.modules.tilemap/package.json
  artifactKey: Guid(92a378669877c05c6071d0fed687bb95) Importer(2089858483,b0f066a214c2f5e87bad3c948f4d605d)
Start importing Packages/com.unity.modules.tilemap/package.json using Guid(92a378669877c05c6071d0fed687bb95) Importer(2089858483,b0f066a214c2f5e87bad3c948f4d605d) (ScriptedImporter) -> (artifact id: '4380326ddd51448a2c2a898d11ad2559') in 0.0073294 seconds
Number of updated asset objects reloaded before import = 0Number of asset objects unloaded after import = 1

========================================================================
Received Import Request.
  Time since last request: 2.283032 seconds.
  path: Packages/com.unity.ugui/Editor Resources/Shaders/TMP_SDF Internal Editor.shader
  artifactKey: Guid(9c442dc870b456e48b615cd8add0e9ef) Importer(2089858483,b0f066a214c2f5e87bad3c948f4d605d)
Start importing Packages/com.unity.ugui/Editor Resources/Shaders/TMP_SDF Internal Editor.shader using Guid(9c442dc870b456e48b615cd8add0e9ef) Importer(2089858483,b0f066a214c2f5e87bad3c948f4d605d) (ScriptedImporter) -> (artifact id: '8df7bfc097204a7d8c9e9d3f7b92c33f') in 0.0118721 seconds
Number of updated asset objects reloaded before import = 0Number of asset objects unloaded after import = 1

========================================================================
Received Import Request.
  Time since last request: 0.000074 seconds.
  path: Packages/com.unity.ugui/Runtime/UGUI/UI/Core/RawImage.cs
  artifactKey: Guid(1344c3c82d62a2a41a3576d8abb8e3ea) Importer(2089858483,b0f066a214c2f5e87bad3c948f4d605d)
Start importing Packages/com.unity.ugui/Runtime/UGUI/UI/Core/RawImage.cs using Guid(1344c3c82d62a2a41a3576d8abb8e3ea) Importer(2089858483,b0f066a214c2f5e87bad3c948f4d605d) (ScriptedImporter) -> (artifact id: '33048b9675035b99faa8ee3f6fdf0824') in 0.0056757 seconds
Number of updated asset objects reloaded before import = 0Number of asset objects unloaded after import = 0

========================================================================
Received Import Request.
  Time since last request: 0.000116 seconds.
  path: Packages/com.unity.ugui/Editor/UGUI/UI/PrefabLayoutRebuilder.cs
  artifactKey: Guid(a62706dc421fc9b4fa368a8050a930f7) Importer(2089858483,b0f066a214c2f5e87bad3c948f4d605d)
Start importing Packages/com.unity.ugui/Editor/UGUI/UI/PrefabLayoutRebuilder.cs using Guid(a62706dc421fc9b4fa368a8050a930f7) Importer(2089858483,b0f066a214c2f5e87bad3c948f4d605d) (ScriptedImporter) -> (artifact id: '5a04e1f56eb04a3dc8ed15d4d5b0f6aa') in 0.0063952 seconds
Number of updated asset objects reloaded before import = 0Number of asset objects unloaded after import = 0

========================================================================
Received Import Request.
  Time since last request: 0.000086 seconds.
  path: Packages/com.unity.ugui/Runtime/UGUI/UI/Core/Misc.cs
  artifactKey: Guid(828075bc53f2de84982a943870529b7b) Importer(2089858483,b0f066a214c2f5e87bad3c948f4d605d)
Start importing Packages/com.unity.ugui/Runtime/UGUI/UI/Core/Misc.cs using Guid(828075bc53f2de84982a943870529b7b) Importer(2089858483,b0f066a214c2f5e87bad3c948f4d605d) (ScriptedImporter) -> (artifact id: '467a638d2d01fd3c2880cba44ed59aab') in 0.0063608 seconds
Number of updated asset objects reloaded before import = 0Number of asset objects unloaded after import = 0

========================================================================
Received Import Request.
  Time since last request: 0.000091 seconds.
  path: Packages/com.unity.ugui/Tests/Runtime/UGUI/Canvas/NoActiveCameraInSceneDoesNotCrashEditor.cs
  artifactKey: Guid(9c21cfda3336137438c3001d40564be0) Importer(2089858483,b0f066a214c2f5e87bad3c948f4d605d)
Start importing Packages/com.unity.ugui/Tests/Runtime/UGUI/Canvas/NoActiveCameraInSceneDoesNotCrashEditor.cs using Guid(9c21cfda3336137438c3001d40564be0) Importer(2089858483,b0f066a214c2f5e87bad3c948f4d605d) (ScriptedImporter) -> (artifact id: 'f7d5914601d5561a4f5e7ef31651c8a3') in 0.006637 seconds
Number of updated asset objects reloaded before import = 0Number of asset objects unloaded after import = 0

========================================================================
Received Import Request.
  Time since last request: 0.000115 seconds.
  path: Packages/com.unity.ugui/Editor/UGUI/UI/ImageEditor.cs
  artifactKey: Guid(b759d61544e231c41bc88530b1d94ee8) Importer(2089858483,b0f066a214c2f5e87bad3c948f4d605d)
Start importing Packages/com.unity.ugui/Editor/UGUI/UI/ImageEditor.cs using Guid(b759d61544e231c41bc88530b1d94ee8) Importer(2089858483,b0f066a214c2f5e87bad3c948f4d605d) (ScriptedImporter) -> (artifact id: '5b4114aedee84c4310b08ba05283a67a') in 0.0068812 seconds
Number of updated asset objects reloaded before import = 0Number of asset objects unloaded after import = 0

========================================================================
Received Import Request.
  Time since last request: 0.000093 seconds.
  path: Packages/com.unity.ugui/Runtime/UGUI/UI/Core/DefaultControls.cs
  artifactKey: Guid(bf87e20fb5440ec498f441167b5291f8) Importer(2089858483,b0f066a214c2f5e87bad3c948f4d605d)
Start importing Packages/com.unity.ugui/Runtime/UGUI/UI/Core/DefaultControls.cs using Guid(bf87e20fb5440ec498f441167b5291f8) Importer(2089858483,b0f066a214c2f5e87bad3c948f4d605d) (ScriptedImporter) -> (artifact id: '3e2eeb5a1b703a85481e0f2bd9e6ba9e') in 0.0062513 seconds
Number of updated asset objects reloaded before import = 0Number of asset objects unloaded after import = 0

========================================================================
Received Import Request.
  Time since last request: 0.000164 seconds.
  path: Packages/com.unity.ugui/Runtime/UGUI/UI/Core/MaterialModifiers/IMaterialModifier.cs
  artifactKey: Guid(20ff4283f687e044087714f82c4d6d3f) Importer(2089858483,b0f066a214c2f5e87bad3c948f4d605d)
Start importing Packages/com.unity.ugui/Runtime/UGUI/UI/Core/MaterialModifiers/IMaterialModifier.cs using Guid(20ff4283f687e044087714f82c4d6d3f) Importer(2089858483,b0f066a214c2f5e87bad3c948f4d605d) (ScriptedImporter) -> (artifact id: 'a2658f31159f6557e5df46725f10021b') in 0.0065551 seconds
Number of updated asset objects reloaded before import = 0Number of asset objects unloaded after import = 0

========================================================================
Received Import Request.
  Time since last request: 0.000105 seconds.
  path: Packages/com.unity.ugui/Tests/Runtime/UGUI/Canvas/CanvasResizeCorrectlyForRenderTexture.cs
  artifactKey: Guid(d4dbe29df1b294c4f8f0a2fb529d19fd) Importer(2089858483,b0f066a214c2f5e87bad3c948f4d605d)
Start importing Packages/com.unity.ugui/Tests/Runtime/UGUI/Canvas/CanvasResizeCorrectlyForRenderTexture.cs using Guid(d4dbe29df1b294c4f8f0a2fb529d19fd) Importer(2089858483,b0f066a214c2f5e87bad3c948f4d605d) (ScriptedImporter) -> (artifact id: 'c361e99d7e788127a240a559b7fab051') in 0.0061198 seconds
Number of updated asset objects reloaded before import = 0Number of asset objects unloaded after import = 0

========================================================================
Received Import Request.
  Time since last request: 0.000127 seconds.
  path: Packages/com.unity.ugui/Editor/TMP/PropertyDrawers/GlyphRectPropertyDrawer.cs
  artifactKey: Guid(8bc2b083b068f3546a9509c805e0541c) Importer(2089858483,b0f066a214c2f5e87bad3c948f4d605d)
Start importing Packages/com.unity.ugui/Editor/TMP/PropertyDrawers/GlyphRectPropertyDrawer.cs using Guid(8bc2b083b068f3546a9509c805e0541c) Importer(2089858483,b0f066a214c2f5e87bad3c948f4d605d) (ScriptedImporter) -> (artifact id: 'd7a4b2be5beb34ff5f063b27d549e25d') in 0.0068498 seconds
Number of updated asset objects reloaded before import = 0Number of asset objects unloaded after import = 0

========================================================================
Received Import Request.
  Time since last request: 0.000116 seconds.
  path: Packages/com.unity.ugui/Runtime/UGUI/UI/Core/SpriteState.cs
  artifactKey: Guid(25b01819c6e1649428db2a9b274cf364) Importer(2089858483,b0f066a214c2f5e87bad3c948f4d605d)
Start importing Packages/com.unity.ugui/Runtime/UGUI/UI/Core/SpriteState.cs using Guid(25b01819c6e1649428db2a9b274cf364) Importer(2089858483,b0f066a214c2f5e87bad3c948f4d605d) (ScriptedImporter) -> (artifact id: '880a4716ac8e7bacb049f8503490a0d6') in 0.0076256 seconds
Number of updated asset objects reloaded before import = 0Number of asset objects unloaded after import = 0

========================================================================
Received Import Request.
  Time since last request: 0.000051 seconds.
  path: Packages/com.unity.ugui/Tests/Editor/UGUI/Canvas/RootCanvasTests.cs
  artifactKey: Guid(798968d841703b54bb9d08b1da6bc52f) Importer(2089858483,b0f066a214c2f5e87bad3c948f4d605d)
Start importing Packages/com.unity.ugui/Tests/Editor/UGUI/Canvas/RootCanvasTests.cs using Guid(798968d841703b54bb9d08b1da6bc52f) Importer(2089858483,b0f066a214c2f5e87bad3c948f4d605d) (ScriptedImporter) -> (artifact id: '3445129231f2c36c617e7e44572e554c') in 0.006621 seconds
Number of updated asset objects reloaded before import = 0Number of asset objects unloaded after import = 0

========================================================================
Received Import Request.
  Time since last request: 0.000155 seconds.
  path: Packages/com.unity.ugui/Tests/Runtime/UGUI/Canvas/CheckMeshColorsAndColors32Match.cs
  artifactKey: Guid(9390296e78291b543b2f4a9761ef8139) Importer(2089858483,b0f066a214c2f5e87bad3c948f4d605d)
Start importing Packages/com.unity.ugui/Tests/Runtime/UGUI/Canvas/CheckMeshColorsAndColors32Match.cs using Guid(9390296e78291b543b2f4a9761ef8139) Importer(2089858483,b0f066a214c2f5e87bad3c948f4d605d) (ScriptedImporter) -> (artifact id: '5a5fc3f43e010799627f66c3ddb2878f') in 0.0083828 seconds
Number of updated asset objects reloaded before import = 0Number of asset objects unloaded after import = 0

========================================================================
Received Import Request.
  Time since last request: 0.000127 seconds.
  path: Packages/com.unity.ugui/Runtime/UGUI/UI/Core/GraphicRaycaster.cs
  artifactKey: Guid(dc42784cf147c0c48a680349fa168899) Importer(2089858483,b0f066a214c2f5e87bad3c948f4d605d)
Start importing Packages/com.unity.ugui/Runtime/UGUI/UI/Core/GraphicRaycaster.cs using Guid(dc42784cf147c0c48a680349fa168899) Importer(2089858483,b0f066a214c2f5e87bad3c948f4d605d) (ScriptedImporter) -> (artifact id: 'b0de9d7ffa3a1f48a184173455b2ede6') in 0.0069966 seconds
Number of updated asset objects reloaded before import = 0Number of asset objects unloaded after import = 0

========================================================================
Received Import Request.
  Time since last request: 0.000126 seconds.
  path: Packages/com.unity.ugui/Runtime/TMP/TextMeshPro.cs
  artifactKey: Guid(9541d86e2fd84c1d9990edf0852d74ab) Importer(2089858483,b0f066a214c2f5e87bad3c948f4d605d)
Start importing Packages/com.unity.ugui/Runtime/TMP/TextMeshPro.cs using Guid(9541d86e2fd84c1d9990edf0852d74ab) Importer(2089858483,b0f066a214c2f5e87bad3c948f4d605d) (ScriptedImporter) -> (artifact id: '3843f7483ec42a8202725bcac02b2c12') in 0.0097053 seconds
Number of updated asset objects reloaded before import = 0Number of asset objects unloaded after import = 1

========================================================================
Received Import Request.
  Time since last request: 0.000021 seconds.
  path: Packages/com.unity.ugui/Runtime/TMP/TMP_FontFeatureTable.cs
  artifactKey: Guid(5ea9f573d4b800a49b9d83a1f61c0a88) Importer(2089858483,b0f066a214c2f5e87bad3c948f4d605d)
Start importing Packages/com.unity.ugui/Runtime/TMP/TMP_FontFeatureTable.cs using Guid(5ea9f573d4b800a49b9d83a1f61c0a88) Importer(2089858483,b0f066a214c2f5e87bad3c948f4d605d) (ScriptedImporter) -> (artifact id: '4125c8ecd46ee2d36bae3ecb5f79b551') in 0.0065903 seconds
Number of updated asset objects reloaded before import = 0Number of asset objects unloaded after import = 0

========================================================================
Received Import Request.
  Time since last request: 0.000132 seconds.
  path: Packages/com.unity.ugui/Runtime/TMP/TMP_SubMesh.cs
  artifactKey: Guid(07994bfe8b0e4adb97d706de5dea48d5) Importer(2089858483,b0f066a214c2f5e87bad3c948f4d605d)
Start importing Packages/com.unity.ugui/Runtime/TMP/TMP_SubMesh.cs using Guid(07994bfe8b0e4adb97d706de5dea48d5) Importer(2089858483,b0f066a214c2f5e87bad3c948f4d605d) (ScriptedImporter) -> (artifact id: 'ee863e7de9dad08f158072bd7c24f564') in 0.0071598 seconds
Number of updated asset objects reloaded before import = 0Number of asset objects unloaded after import = 0

========================================================================
Received Import Request.
  Time since last request: 0.000071 seconds.
  path: Packages/com.unity.ugui/Tests/Runtime/UGUI/Graphic/ImageTests.cs
  artifactKey: Guid(a0bae4ff8f5baf64aad3b92b8aea0603) Importer(2089858483,b0f066a214c2f5e87bad3c948f4d605d)
Start importing Packages/com.unity.ugui/Tests/Runtime/UGUI/Graphic/ImageTests.cs using Guid(a0bae4ff8f5baf64aad3b92b8aea0603) Importer(2089858483,b0f066a214c2f5e87bad3c948f4d605d) (ScriptedImporter) -> (artifact id: 'e0fc1d91a56998db1a3d373c62ae73a8') in 0.0070364 seconds
Number of updated asset objects reloaded before import = 0Number of asset objects unloaded after import = 0

========================================================================
Received Import Request.
  Time since last request: 0.000075 seconds.
  path: Packages/com.unity.ugui/Editor/UGUI/UI/PropertyDrawers/FontDataDrawer.cs
  artifactKey: Guid(fea12beeeb5a7a448b5e60f50e40975d) Importer(2089858483,b0f066a214c2f5e87bad3c948f4d605d)
Start importing Packages/com.unity.ugui/Editor/UGUI/UI/PropertyDrawers/FontDataDrawer.cs using Guid(fea12beeeb5a7a448b5e60f50e40975d) Importer(2089858483,b0f066a214c2f5e87bad3c948f4d605d) (ScriptedImporter) -> (artifact id: '70e11c71704eea83a2b432db24db4c0f') in 0.0083102 seconds
Number of updated asset objects reloaded before import = 0Number of asset objects unloaded after import = 0

========================================================================
Received Import Request.
  Time since last request: 0.000061 seconds.
  path: Packages/com.unity.ugui/Tests/Runtime/UGUI/ScrollBar/ScrollBarTests.cs
  artifactKey: Guid(00f9a68859b850648902e0c98c25b590) Importer(2089858483,b0f066a214c2f5e87bad3c948f4d605d)
Start importing Packages/com.unity.ugui/Tests/Runtime/UGUI/ScrollBar/ScrollBarTests.cs using Guid(00f9a68859b850648902e0c98c25b590) Importer(2089858483,b0f066a214c2f5e87bad3c948f4d605d) (ScriptedImporter) -> (artifact id: '65d1b0e1457509d1193f4070ac488220') in 0.0066838 seconds
Number of updated asset objects reloaded before import = 0Number of asset objects unloaded after import = 0

========================================================================
Received Import Request.
  Time since last request: 0.000064 seconds.
  path: Packages/com.unity.ugui/Runtime/TMP/TMP_UpdateRegistery.cs
  artifactKey: Guid(a55fb7b4961a425381d1282fc424f966) Importer(2089858483,b0f066a214c2f5e87bad3c948f4d605d)
Start importing Packages/com.unity.ugui/Runtime/TMP/TMP_UpdateRegistery.cs using Guid(a55fb7b4961a425381d1282fc424f966) Importer(2089858483,b0f066a214c2f5e87bad3c948f4d605d) (ScriptedImporter) -> (artifact id: '5f324a15d9972acfb6554173f071331c') in 0.0073436 seconds
Number of updated asset objects reloaded before import = 0Number of asset objects unloaded after import = 0

========================================================================
Received Import Request.
  Time since last request: 0.000095 seconds.
  path: Packages/com.unity.ugui/Runtime/TMP/TMP_ShaderUtilities.cs
  artifactKey: Guid(fea49a0730244a98bf1087f7ca9410a8) Importer(2089858483,b0f066a214c2f5e87bad3c948f4d605d)
Start importing Packages/com.unity.ugui/Runtime/TMP/TMP_ShaderUtilities.cs using Guid(fea49a0730244a98bf1087f7ca9410a8) Importer(2089858483,b0f066a214c2f5e87bad3c948f4d605d) (ScriptedImporter) -> (artifact id: '644ef96230e1e6caa756fb8a6cb460ce') in 0.0080808 seconds
Number of updated asset objects reloaded before import = 0Number of asset objects unloaded after import = 0

========================================================================
Received Import Request.
  Time since last request: 0.000137 seconds.
  path: Packages/com.unity.ugui/Runtime/TMP/TMPro_MeshUtilities.cs
  artifactKey: Guid(effb76e1937b45ff8adf45e51a4c08cf) Importer(2089858483,b0f066a214c2f5e87bad3c948f4d605d)
Start importing Packages/com.unity.ugui/Runtime/TMP/TMPro_MeshUtilities.cs using Guid(effb76e1937b45ff8adf45e51a4c08cf) Importer(2089858483,b0f066a214c2f5e87bad3c948f4d605d) (ScriptedImporter) -> (artifact id: '13b64a370c398cb21128c1d26cd5b18e') in 0.0060044 seconds
Number of updated asset objects reloaded before import = 0Number of asset objects unloaded after import = 0

========================================================================
Received Import Request.
  Time since last request: 0.000146 seconds.
  path: Packages/com.unity.ugui/Editor Resources/Textures/btn_AlignMiddle.psd
  artifactKey: Guid(41b96614b2e6494ba995ddcd252d11ae) Importer(2089858483,b0f066a214c2f5e87bad3c948f4d605d)
Start importing Packages/com.unity.ugui/Editor Resources/Textures/btn_AlignMiddle.psd using Guid(41b96614b2e6494ba995ddcd252d11ae) Importer(2089858483,b0f066a214c2f5e87bad3c948f4d605d) (ScriptedImporter) -> (artifact id: 'ebe48a3064ccfe301a48754ecb9d2fba') in 0.0147682 seconds
Number of updated asset objects reloaded before import = 0Number of asset objects unloaded after import = 1

========================================================================
Received Import Request.
  Time since last request: 0.000127 seconds.
  path: Packages/com.unity.ugui/Tests/Runtime/UGUI/EventSystem/SelectableTests.cs
  artifactKey: Guid(39dcddcb5895328489c92214aa73e3bb) Importer(2089858483,b0f066a214c2f5e87bad3c948f4d605d)
Start importing Packages/com.unity.ugui/Tests/Runtime/UGUI/EventSystem/SelectableTests.cs using Guid(39dcddcb5895328489c92214aa73e3bb) Importer(2089858483,b0f066a214c2f5e87bad3c948f4d605d) (ScriptedImporter) -> (artifact id: '0ff6d756421af92bd8e3f23ac334dac3') in 0.0063813 seconds
Number of updated asset objects reloaded before import = 0Number of asset objects unloaded after import = 0

========================================================================
Received Import Request.
  Time since last request: 0.000103 seconds.
  path: Packages/com.unity.ugui/Editor/TMP/PropertyDrawers/TMP_GlyphPropertyDrawer.cs
  artifactKey: Guid(c4777500b5da6094e956c3d4f04de4db) Importer(2089858483,b0f066a214c2f5e87bad3c948f4d605d)
Start importing Packages/com.unity.ugui/Editor/TMP/PropertyDrawers/TMP_GlyphPropertyDrawer.cs using Guid(c4777500b5da6094e956c3d4f04de4db) Importer(2089858483,b0f066a214c2f5e87bad3c948f4d605d) (ScriptedImporter) -> (artifact id: 'f9558e99616b4013a2f68772515c2391') in 0.0081997 seconds
Number of updated asset objects reloaded before import = 0Number of asset objects unloaded after import = 0

========================================================================
Received Import Request.
  Time since last request: 0.000146 seconds.
  path: Packages/com.unity.ugui/Editor/UGUI/UI/GridLayoutGroupEditor.cs
  artifactKey: Guid(6a981cd1456bec84b86e1c66773f57f5) Importer(2089858483,b0f066a214c2f5e87bad3c948f4d605d)
Start importing Packages/com.unity.ugui/Editor/UGUI/UI/GridLayoutGroupEditor.cs using Guid(6a981cd1456bec84b86e1c66773f57f5) Importer(2089858483,b0f066a214c2f5e87bad3c948f4d605d) (ScriptedImporter) -> (artifact id: 'b20cfedc5db2b8884077f4b21e86b91d') in 0.0088141 seconds
Number of updated asset objects reloaded before import = 0Number of asset objects unloaded after import = 0

========================================================================
Received Import Request.
  Time since last request: 0.000052 seconds.
  path: Packages/com.unity.ugui/Runtime/UGUI/EventSystem/UIElements/WorldDocumentRaycaster.cs
  artifactKey: Guid(2c727e4c005e5114fb3348a38c4cebbf) Importer(2089858483,b0f066a214c2f5e87bad3c948f4d605d)
Start importing Packages/com.unity.ugui/Runtime/UGUI/EventSystem/UIElements/WorldDocumentRaycaster.cs using Guid(2c727e4c005e5114fb3348a38c4cebbf) Importer(2089858483,b0f066a214c2f5e87bad3c948f4d605d) (ScriptedImporter) -> (artifact id: '21b6a9830539ca4c3f978fb242e4fe17') in 0.0074837 seconds
Number of updated asset objects reloaded before import = 0Number of asset objects unloaded after import = 0

========================================================================
Received Import Request.
  Time since last request: 0.000115 seconds.
  path: Packages/com.unity.ugui/Tests/Editor/UGUI/EventSystem/InputModuleTests.cs
  artifactKey: Guid(03fb1af6e1585964a8d5c2437a191324) Importer(2089858483,b0f066a214c2f5e87bad3c948f4d605d)
Start importing Packages/com.unity.ugui/Tests/Editor/UGUI/EventSystem/InputModuleTests.cs using Guid(03fb1af6e1585964a8d5c2437a191324) Importer(2089858483,b0f066a214c2f5e87bad3c948f4d605d) (ScriptedImporter) -> (artifact id: '1c01d33e645f1c738fa1560ad19177fe') in 0.0072457 seconds
Number of updated asset objects reloaded before import = 0Number of asset objects unloaded after import = 0

========================================================================
Received Import Request.
  Time since last request: 0.000117 seconds.
  path: Packages/com.unity.ugui/Runtime/TMP/TMP_SpriteAnimator.cs
  artifactKey: Guid(6366ee97f6b541449155028b9487355a) Importer(2089858483,b0f066a214c2f5e87bad3c948f4d605d)
Start importing Packages/com.unity.ugui/Runtime/TMP/TMP_SpriteAnimator.cs using Guid(6366ee97f6b541449155028b9487355a) Importer(2089858483,b0f066a214c2f5e87bad3c948f4d605d) (ScriptedImporter) -> (artifact id: 'a4a020b4aa2e8647e6d496b7b51681dc') in 0.0081881 seconds
Number of updated asset objects reloaded before import = 0Number of asset objects unloaded after import = 0

========================================================================
Received Import Request.
  Time since last request: 0.000087 seconds.
  path: Packages/com.unity.ugui/Editor Resources/Textures/SectionHeader_Light.psd
  artifactKey: Guid(e3b0f810fdea84e40ab4ba20f256f7e8) Importer(2089858483,b0f066a214c2f5e87bad3c948f4d605d)
Start importing Packages/com.unity.ugui/Editor Resources/Textures/SectionHeader_Light.psd using Guid(e3b0f810fdea84e40ab4ba20f256f7e8) Importer(2089858483,b0f066a214c2f5e87bad3c948f4d605d) (ScriptedImporter) -> (artifact id: '872c573172e796691a824a75274cb225') in 0.0158618 seconds
Number of updated asset objects reloaded before import = 0Number of asset objects unloaded after import = 1

========================================================================
Received Import Request.
  Time since last request: 0.000113 seconds.
  path: Packages/com.unity.ugui/Tests/Editor/UGUI/EventSystem/InterceptedEventsPreviewTests.cs
  artifactKey: Guid(2aff4fada0516c64a8537a20bfe1b699) Importer(2089858483,b0f066a214c2f5e87bad3c948f4d605d)
Start importing Packages/com.unity.ugui/Tests/Editor/UGUI/EventSystem/InterceptedEventsPreviewTests.cs using Guid(2aff4fada0516c64a8537a20bfe1b699) Importer(2089858483,b0f066a214c2f5e87bad3c948f4d605d) (ScriptedImporter) -> (artifact id: '85ae5234f79c2d5c10f6af0c07ff65bd') in 0.0066087 seconds
Number of updated asset objects reloaded before import = 0Number of asset objects unloaded after import = 0

========================================================================
Received Import Request.
  Time since last request: 0.000105 seconds.
  path: Packages/com.unity.ugui/Tests/Editor/UGUI/InputField/CharacterLimitValidation.cs
  artifactKey: Guid(4b8be68229770db4ea3c78ab0d854325) Importer(2089858483,b0f066a214c2f5e87bad3c948f4d605d)
Start importing Packages/com.unity.ugui/Tests/Editor/UGUI/InputField/CharacterLimitValidation.cs using Guid(4b8be68229770db4ea3c78ab0d854325) Importer(2089858483,b0f066a214c2f5e87bad3c948f4d605d) (ScriptedImporter) -> (artifact id: '7e5f03952c1e98b0109d9164b62e4b38') in 0.0065248 seconds
Number of updated asset objects reloaded before import = 0Number of asset objects unloaded after import = 0

========================================================================
Received Import Request.
  Time since last request: 0.000069 seconds.
  path: Packages/com.unity.ugui/Editor/UGUI/UI/MaskEditor.cs
  artifactKey: Guid(b10cb8fee5b39014d8a417bf413f5e5c) Importer(2089858483,b0f066a214c2f5e87bad3c948f4d605d)
Start importing Packages/com.unity.ugui/Editor/UGUI/UI/MaskEditor.cs using Guid(b10cb8fee5b39014d8a417bf413f5e5c) Importer(2089858483,b0f066a214c2f5e87bad3c948f4d605d) (ScriptedImporter) -> (artifact id: 'b65db4cbb5bbc637531e7852b08ebc8d') in 0.0066618 seconds
Number of updated asset objects reloaded before import = 0Number of asset objects unloaded after import = 0

========================================================================
Received Import Request.
  Time since last request: 0.000109 seconds.
  path: Packages/com.unity.ugui/Editor Resources/Textures/btn_AlignCenterGeo.psd
  artifactKey: Guid(c76700ea0062413d9f69409b4e9e151b) Importer(2089858483,b0f066a214c2f5e87bad3c948f4d605d)
Start importing Packages/com.unity.ugui/Editor Resources/Textures/btn_AlignCenterGeo.psd using Guid(c76700ea0062413d9f69409b4e9e151b) Importer(2089858483,b0f066a214c2f5e87bad3c948f4d605d) (ScriptedImporter) -> (artifact id: 'd5629e36e421e0393648746b10f565ff') in 0.0158129 seconds
Number of updated asset objects reloaded before import = 0Number of asset objects unloaded after import = 1

========================================================================
Received Import Request.
  Time since last request: 0.000081 seconds.
  path: Packages/com.unity.ugui/Tests/Runtime/UGUI/Canvas/SiblingOrderChangesLayout.cs
  artifactKey: Guid(c32df609537c54c46adf92992a673693) Importer(2089858483,b0f066a214c2f5e87bad3c948f4d605d)
Start importing Packages/com.unity.ugui/Tests/Runtime/UGUI/Canvas/SiblingOrderChangesLayout.cs using Guid(c32df609537c54c46adf92992a673693) Importer(2089858483,b0f066a214c2f5e87bad3c948f4d605d) (ScriptedImporter) -> (artifact id: '5883496c86eca097c7313cd9ba837594') in 0.0064664 seconds
Number of updated asset objects reloaded before import = 0Number of asset objects unloaded after import = 0

========================================================================
Received Import Request.
  Time since last request: 0.000101 seconds.
  path: Packages/com.unity.ugui/Tests/Runtime/UGUI/Image/ImageTests.cs
  artifactKey: Guid(a598580d0cfc7224ebed8d2b627d9e00) Importer(2089858483,b0f066a214c2f5e87bad3c948f4d605d)
Start importing Packages/com.unity.ugui/Tests/Runtime/UGUI/Image/ImageTests.cs using Guid(a598580d0cfc7224ebed8d2b627d9e00) Importer(2089858483,b0f066a214c2f5e87bad3c948f4d605d) (ScriptedImporter) -> (artifact id: '535fdbe1583c3eead3f7b589595ba13d') in 0.0058639 seconds
Number of updated asset objects reloaded before import = 0Number of asset objects unloaded after import = 0

========================================================================
Received Import Request.
  Time since last request: 0.000203 seconds.
  path: Packages/com.unity.ugui/Editor Resources/Textures/btn_AlignTop_Light.psd
  artifactKey: Guid(ed041e68439749a69d0efa0e3d896c2e) Importer(2089858483,b0f066a214c2f5e87bad3c948f4d605d)
Start importing Packages/com.unity.ugui/Editor Resources/Textures/btn_AlignTop_Light.psd using Guid(ed041e68439749a69d0efa0e3d896c2e) Importer(2089858483,b0f066a214c2f5e87bad3c948f4d605d) (ScriptedImporter) -> (artifact id: '7c93aced5fde5d15b342f6a4a8bd3f40') in 0.015755 seconds
Number of updated asset objects reloaded before import = 0Number of asset objects unloaded after import = 1

========================================================================
Received Import Request.
  Time since last request: 0.000090 seconds.
  path: Packages/com.unity.ugui/Tests/Runtime/UGUI/ScrollRect/ScrollRectStableLayout.cs
  artifactKey: Guid(7883cd788d83a71478342eef943e8150) Importer(2089858483,b0f066a214c2f5e87bad3c948f4d605d)
Start importing Packages/com.unity.ugui/Tests/Runtime/UGUI/ScrollRect/ScrollRectStableLayout.cs using Guid(7883cd788d83a71478342eef943e8150) Importer(2089858483,b0f066a214c2f5e87bad3c948f4d605d) (ScriptedImporter) -> (artifact id: 'd2df5d4d835323182cf220699eef6320') in 0.0060051 seconds
Number of updated asset objects reloaded before import = 0Number of asset objects unloaded after import = 0

========================================================================
Received Import Request.
  Time since last request: 0.000166 seconds.
  path: Packages/com.unity.ugui/Runtime/TMP/AssemblyInfo.cs
  artifactKey: Guid(1c147d10db452eb4b854a35f84472017) Importer(2089858483,b0f066a214c2f5e87bad3c948f4d605d)
Start importing Packages/com.unity.ugui/Runtime/TMP/AssemblyInfo.cs using Guid(1c147d10db452eb4b854a35f84472017) Importer(2089858483,b0f066a214c2f5e87bad3c948f4d605d) (ScriptedImporter) -> (artifact id: '7440e49e96b1fea35aa8e19b94c4078f') in 0.006783 seconds
Number of updated asset objects reloaded before import = 0Number of asset objects unloaded after import = 0

========================================================================
Received Import Request.
  Time since last request: 0.000047 seconds.
  path: Packages/com.unity.ugui/Tests/Editor/UGUI/InputField/ContentValidation.cs
  artifactKey: Guid(5a2e98b03511c6f43bc645238cd40857) Importer(2089858483,b0f066a214c2f5e87bad3c948f4d605d)
Start importing Packages/com.unity.ugui/Tests/Editor/UGUI/InputField/ContentValidation.cs using Guid(5a2e98b03511c6f43bc645238cd40857) Importer(2089858483,b0f066a214c2f5e87bad3c948f4d605d) (ScriptedImporter) -> (artifact id: '0f4131257edd5c2a8c2d3fa6e391266a') in 0.0065888 seconds
Number of updated asset objects reloaded before import = 0Number of asset objects unloaded after import = 0

========================================================================
Received Import Request.
  Time since last request: 0.000104 seconds.
  path: Packages/com.unity.ugui/Tests/Runtime/UGUI/ScrollRect/ScrollRectClamp.cs
  artifactKey: Guid(d56dbb97f857c8040beef6dd1bfc97df) Importer(2089858483,b0f066a214c2f5e87bad3c948f4d605d)
Start importing Packages/com.unity.ugui/Tests/Runtime/UGUI/ScrollRect/ScrollRectClamp.cs using Guid(d56dbb97f857c8040beef6dd1bfc97df) Importer(2089858483,b0f066a214c2f5e87bad3c948f4d605d) (ScriptedImporter) -> (artifact id: '06b7fd70d787c5e2e0f1fde5fa5beae9') in 0.0070775 seconds
Number of updated asset objects reloaded before import = 0Number of asset objects unloaded after import = 0

========================================================================
Received Import Request.
  Time since last request: 0.000159 seconds.
  path: Packages/com.unity.ugui/Tests/Runtime/UGUI/Canvas/CoroutineWorksIfUIObjectIsAttached.cs
  artifactKey: Guid(8573c56c34e616248a3881b2c56280ef) Importer(2089858483,b0f066a214c2f5e87bad3c948f4d605d)
Start importing Packages/com.unity.ugui/Tests/Runtime/UGUI/Canvas/CoroutineWorksIfUIObjectIsAttached.cs using Guid(8573c56c34e616248a3881b2c56280ef) Importer(2089858483,b0f066a214c2f5e87bad3c948f4d605d) (ScriptedImporter) -> (artifact id: '2eefe1a4b40319089072cbfd9ad4b277') in 0.0067614 seconds
Number of updated asset objects reloaded before import = 0Number of asset objects unloaded after import = 0

========================================================================
Received Import Request.
  Time since last request: 0.000085 seconds.
  path: Packages/com.unity.ugui/Runtime/UGUI/UI/Core/Graphic.cs
  artifactKey: Guid(a6238e9452bfc704f82ff36791fe1a45) Importer(2089858483,b0f066a214c2f5e87bad3c948f4d605d)
Start importing Packages/com.unity.ugui/Runtime/UGUI/UI/Core/Graphic.cs using Guid(a6238e9452bfc704f82ff36791fe1a45) Importer(2089858483,b0f066a214c2f5e87bad3c948f4d605d) (ScriptedImporter) -> (artifact id: 'b24aaed6680d506bcf5977398ff38dc3') in 0.0063858 seconds
Number of updated asset objects reloaded before import = 0Number of asset objects unloaded after import = 0

========================================================================
Received Import Request.
  Time since last request: 0.000107 seconds.
  path: Packages/com.unity.ugui/Editor/TMP/PropertyDrawers/TMP_MarkToMarkAdjustmentRecordPropertyDrawer.cs
  artifactKey: Guid(149e85704eb73624ba2d705408274f3e) Importer(2089858483,b0f066a214c2f5e87bad3c948f4d605d)
Start importing Packages/com.unity.ugui/Editor/TMP/PropertyDrawers/TMP_MarkToMarkAdjustmentRecordPropertyDrawer.cs using Guid(149e85704eb73624ba2d705408274f3e) Importer(2089858483,b0f066a214c2f5e87bad3c948f4d605d) (ScriptedImporter) -> (artifact id: '43fd7e83d239494587c497776a43f3a0') in 0.0065943 seconds
Number of updated asset objects reloaded before import = 0Number of asset objects unloaded after import = 0

========================================================================
Received Import Request.
  Time since last request: 0.000082 seconds.
  path: Packages/com.unity.ugui/Runtime/TMP/ITextPreProcessor.cs
  artifactKey: Guid(afc31ad767318c9488de260c166cd21d) Importer(2089858483,b0f066a214c2f5e87bad3c948f4d605d)
Start importing Packages/com.unity.ugui/Runtime/TMP/ITextPreProcessor.cs using Guid(afc31ad767318c9488de260c166cd21d) Importer(2089858483,b0f066a214c2f5e87bad3c948f4d605d) (ScriptedImporter) -> (artifact id: '062f2d5b3b8cc465164737ef7c12cb79') in 0.0079885 seconds
Number of updated asset objects reloaded before import = 0Number of asset objects unloaded after import = 0

========================================================================
Received Import Request.
  Time since last request: 0.000052 seconds.
  path: Packages/com.unity.ugui/Runtime/UGUI/UI/Core/Utility/VertexHelper.cs
  artifactKey: Guid(c459424081436584c8cec10767f9ac38) Importer(2089858483,b0f066a214c2f5e87bad3c948f4d605d)
Start importing Packages/com.unity.ugui/Runtime/UGUI/UI/Core/Utility/VertexHelper.cs using Guid(c459424081436584c8cec10767f9ac38) Importer(2089858483,b0f066a214c2f5e87bad3c948f4d605d) (ScriptedImporter) -> (artifact id: '4a4b7bb3fa9967fe22c113a4b5735801') in 0.0083849 seconds
Number of updated asset objects reloaded before import = 0Number of asset objects unloaded after import = 0

========================================================================
Received Import Request.
  Time since last request: 0.000098 seconds.
  path: Packages/com.unity.ugui/Editor/Analytics/IAnalytic/UGUIBuildEvent.cs
  artifactKey: Guid(24cda912b57cf784d9eebefb7c59111c) Importer(2089858483,b0f066a214c2f5e87bad3c948f4d605d)
Start importing Packages/com.unity.ugui/Editor/Analytics/IAnalytic/UGUIBuildEvent.cs using Guid(24cda912b57cf784d9eebefb7c59111c) Importer(2089858483,b0f066a214c2f5e87bad3c948f4d605d) (ScriptedImporter) -> (artifact id: 'a6354a55d2d575bf8c23878f85e022cd') in 0.0065351 seconds
Number of updated asset objects reloaded before import = 0Number of asset objects unloaded after import = 0

========================================================================
Received Import Request.
  Time since last request: 0.000123 seconds.
  path: Packages/com.unity.ugui/Editor/UGUI/UI/TextEditor.cs
  artifactKey: Guid(1336690ece4db2740b4ba38873e00dfb) Importer(2089858483,b0f066a214c2f5e87bad3c948f4d605d)
Start importing Packages/com.unity.ugui/Editor/UGUI/UI/TextEditor.cs using Guid(1336690ece4db2740b4ba38873e00dfb) Importer(2089858483,b0f066a214c2f5e87bad3c948f4d605d) (ScriptedImporter) -> (artifact id: '50e00e10bee30e7a790ab301aa7dd0dd') in 0.0061795 seconds
Number of updated asset objects reloaded before import = 0Number of asset objects unloaded after import = 0

========================================================================
Received Import Request.
  Time since last request: 0.000072 seconds.
  path: Packages/com.unity.ugui/Runtime/UGUI/UI/Core/IMaskable.cs
  artifactKey: Guid(61a20120cddc53849bbc10fc805ffe3e) Importer(2089858483,b0f066a214c2f5e87bad3c948f4d605d)
Start importing Packages/com.unity.ugui/Runtime/UGUI/UI/Core/IMaskable.cs using Guid(61a20120cddc53849bbc10fc805ffe3e) Importer(2089858483,b0f066a214c2f5e87bad3c948f4d605d) (ScriptedImporter) -> (artifact id: 'eb4078e6db3d59c6547ce28de4d28796') in 0.0077397 seconds
Number of updated asset objects reloaded before import = 0Number of asset objects unloaded after import = 0

========================================================================
Received Import Request.
  Time since last request: 0.000082 seconds.
  path: Packages/com.unity.ugui/Tests/Editor/UGUI/Slider/SliderRectReferences.cs
  artifactKey: Guid(373b4c78c0396334288fa5ff8e7b7350) Importer(2089858483,b0f066a214c2f5e87bad3c948f4d605d)
Start importing Packages/com.unity.ugui/Tests/Editor/UGUI/Slider/SliderRectReferences.cs using Guid(373b4c78c0396334288fa5ff8e7b7350) Importer(2089858483,b0f066a214c2f5e87bad3c948f4d605d) (ScriptedImporter) -> (artifact id: '01ba378846e558ab2b917503c873ff7d') in 0.0075596 seconds
Number of updated asset objects reloaded before import = 0Number of asset objects unloaded after import = 0

========================================================================
Received Import Request.
  Time since last request: 0.000097 seconds.
  path: Packages/com.unity.ugui/Runtime/UGUI/EventSystem/InputModules/BaseInputModule.cs
  artifactKey: Guid(1ea10891dd782154ca0fb67bce9e6f72) Importer(2089858483,b0f066a214c2f5e87bad3c948f4d605d)
Start importing Packages/com.unity.ugui/Runtime/UGUI/EventSystem/InputModules/BaseInputModule.cs using Guid(1ea10891dd782154ca0fb67bce9e6f72) Importer(2089858483,b0f066a214c2f5e87bad3c948f4d605d) (ScriptedImporter) -> (artifact id: '1f31bd8870832ac01442b096d27019d7') in 0.008885 seconds
Number of updated asset objects reloaded before import = 0Number of asset objects unloaded after import = 0

========================================================================
Received Import Request.
  Time since last request: 0.000090 seconds.
  path: Packages/com.unity.ugui/Tests/Runtime/UGUI/Graphic/ToggleTestImageHook.cs
  artifactKey: Guid(5c004b1354944164fb076276c289afc1) Importer(2089858483,b0f066a214c2f5e87bad3c948f4d605d)
Start importing Packages/com.unity.ugui/Tests/Runtime/UGUI/Graphic/ToggleTestImageHook.cs using Guid(5c004b1354944164fb076276c289afc1) Importer(2089858483,b0f066a214c2f5e87bad3c948f4d605d) (ScriptedImporter) -> (artifact id: '62c293a35559e51be1ee9ed41426656b') in 0.0075137 seconds
Number of updated asset objects reloaded before import = 0Number of asset objects unloaded after import = 0

========================================================================
Received Import Request.
  Time since last request: 0.000090 seconds.
  path: Packages/com.unity.ugui/Editor/UGUI/UI/RectMask2DEditor.cs
  artifactKey: Guid(58e7d991249847640b1534192721c5ea) Importer(2089858483,b0f066a214c2f5e87bad3c948f4d605d)
Start importing Packages/com.unity.ugui/Editor/UGUI/UI/RectMask2DEditor.cs using Guid(58e7d991249847640b1534192721c5ea) Importer(2089858483,b0f066a214c2f5e87bad3c948f4d605d) (ScriptedImporter) -> (artifact id: '407a42b992f5a6030868a21e74696b81') in 0.0077072 seconds
Number of updated asset objects reloaded before import = 0Number of asset objects unloaded after import = 0

========================================================================
Received Import Request.
  Time since last request: 0.000074 seconds.
  path: Packages/com.unity.ugui/Runtime/UGUI/UI/Core/MaskableGraphic.cs
  artifactKey: Guid(976acc75bfafe594cb01142ba21947be) Importer(2089858483,b0f066a214c2f5e87bad3c948f4d605d)
Start importing Packages/com.unity.ugui/Runtime/UGUI/UI/Core/MaskableGraphic.cs using Guid(976acc75bfafe594cb01142ba21947be) Importer(2089858483,b0f066a214c2f5e87bad3c948f4d605d) (ScriptedImporter) -> (artifact id: '5b4ec3fd784aa14a473e34b788ef7e4c') in 0.0071542 seconds
Number of updated asset objects reloaded before import = 0Number of asset objects unloaded after import = 0

========================================================================
Received Import Request.
  Time since last request: 0.000082 seconds.
  path: Packages/com.unity.ugui/Tests/Editor/UGUI/EventSystem/EventTriggerRemoveDuringExecution.cs
  artifactKey: Guid(4adb1f65bbae8004a88d8f5bc3523298) Importer(2089858483,b0f066a214c2f5e87bad3c948f4d605d)
Start importing Packages/com.unity.ugui/Tests/Editor/UGUI/EventSystem/EventTriggerRemoveDuringExecution.cs using Guid(4adb1f65bbae8004a88d8f5bc3523298) Importer(2089858483,b0f066a214c2f5e87bad3c948f4d605d) (ScriptedImporter) -> (artifact id: 'dc55564eb1649a39f61c2ff14c7703cc') in 0.0066431 seconds
Number of updated asset objects reloaded before import = 0Number of asset objects unloaded after import = 0

========================================================================
Received Import Request.
  Time since last request: 0.000115 seconds.
  path: Packages/com.unity.ugui/Editor/TMP/PropertyDrawers/LigatureSubstitutionRecordPropertyDrawer.cs
  artifactKey: Guid(7b6c2e51603686247afd5ab620c490e6) Importer(2089858483,b0f066a214c2f5e87bad3c948f4d605d)
Start importing Packages/com.unity.ugui/Editor/TMP/PropertyDrawers/LigatureSubstitutionRecordPropertyDrawer.cs using Guid(7b6c2e51603686247afd5ab620c490e6) Importer(2089858483,b0f066a214c2f5e87bad3c948f4d605d) (ScriptedImporter) -> (artifact id: '216fe1b02ff4ab0858a794d93b901b04') in 0.0077004 seconds
Number of updated asset objects reloaded before import = 0Number of asset objects unloaded after import = 0

========================================================================
Received Import Request.
  Time since last request: 0.000074 seconds.
  path: Packages/com.unity.ugui/Tests/Editor/UGUI/Text/FontCreatedByScript.cs
  artifactKey: Guid(812aaaefaab404448a3e4db49dfa5206) Importer(2089858483,b0f066a214c2f5e87bad3c948f4d605d)
Start importing Packages/com.unity.ugui/Tests/Editor/UGUI/Text/FontCreatedByScript.cs using Guid(812aaaefaab404448a3e4db49dfa5206) Importer(2089858483,b0f066a214c2f5e87bad3c948f4d605d) (ScriptedImporter) -> (artifact id: '837f872c5da6790ed39aca1503b7739f') in 0.0075414 seconds
Number of updated asset objects reloaded before import = 0Number of asset objects unloaded after import = 0

========================================================================
Received Import Request.
  Time since last request: 0.000117 seconds.
  path: Packages/com.unity.ugui/Runtime/UGUI/UI/Core/Layout/LayoutRebuilder.cs
  artifactKey: Guid(006633c8a6f4ae94aa9babf72234e1a2) Importer(2089858483,b0f066a214c2f5e87bad3c948f4d605d)
Start importing Packages/com.unity.ugui/Runtime/UGUI/UI/Core/Layout/LayoutRebuilder.cs using Guid(006633c8a6f4ae94aa9babf72234e1a2) Importer(2089858483,b0f066a214c2f5e87bad3c948f4d605d) (ScriptedImporter) -> (artifact id: '0b3af10ae843822f0768eba079595e88') in 0.0066285 seconds
Number of updated asset objects reloaded before import = 0Number of asset objects unloaded after import = 0

========================================================================
Received Import Request.
  Time since last request: 0.000096 seconds.
  path: Packages/com.unity.ugui/Editor/TMP/PropertyDrawers/GlyphMetricsPropertyDrawer.cs
  artifactKey: Guid(e3882522a08b6f5459b4dea6f8791278) Importer(2089858483,b0f066a214c2f5e87bad3c948f4d605d)
Start importing Packages/com.unity.ugui/Editor/TMP/PropertyDrawers/GlyphMetricsPropertyDrawer.cs using Guid(e3882522a08b6f5459b4dea6f8791278) Importer(2089858483,b0f066a214c2f5e87bad3c948f4d605d) (ScriptedImporter) -> (artifact id: 'a29d3e58e8ebdd4aa0bfb914dcbdd170') in 0.0065858 seconds
Number of updated asset objects reloaded before import = 0Number of asset objects unloaded after import = 0

========================================================================
Received Import Request.
  Time since last request: 0.000207 seconds.
  path: Packages/com.unity.ugui/Runtime/TMP/TMP_InputValidator.cs
  artifactKey: Guid(79ff392d1bde4ad78a3836a4a480392d) Importer(2089858483,b0f066a214c2f5e87bad3c948f4d605d)
Start importing Packages/com.unity.ugui/Runtime/TMP/TMP_InputValidator.cs using Guid(79ff392d1bde4ad78a3836a4a480392d) Importer(2089858483,b0f066a214c2f5e87bad3c948f4d605d) (ScriptedImporter) -> (artifact id: '056ba0f1f37544469305b15c0ca77c99') in 0.0066841 seconds
Number of updated asset objects reloaded before import = 0Number of asset objects unloaded after import = 0

========================================================================
Received Import Request.
  Time since last request: 0.000107 seconds.
  path: Packages/com.unity.ugui/Tests/Editor/UGUI/Dropdown/DropdownOptionsListDrawer.cs
  artifactKey: Guid(b180d0cec21671c45a32a9ce99bff2f5) Importer(2089858483,b0f066a214c2f5e87bad3c948f4d605d)
Start importing Packages/com.unity.ugui/Tests/Editor/UGUI/Dropdown/DropdownOptionsListDrawer.cs using Guid(b180d0cec21671c45a32a9ce99bff2f5) Importer(2089858483,b0f066a214c2f5e87bad3c948f4d605d) (ScriptedImporter) -> (artifact id: 'd1ed3ebbbe18b0ae0b4e141a54e84234') in 0.0069956 seconds
Number of updated asset objects reloaded before import = 0Number of asset objects unloaded after import = 0

========================================================================
Received Import Request.
  Time since last request: 0.000047 seconds.
  path: Packages/com.unity.ugui/Runtime/UGUI/UI/Core/Culling/ClipperRegistry.cs
  artifactKey: Guid(9f1026265f8e3d54fb6e9f082c43debf) Importer(2089858483,b0f066a214c2f5e87bad3c948f4d605d)
Start importing Packages/com.unity.ugui/Runtime/UGUI/UI/Core/Culling/ClipperRegistry.cs using Guid(9f1026265f8e3d54fb6e9f082c43debf) Importer(2089858483,b0f066a214c2f5e87bad3c948f4d605d) (ScriptedImporter) -> (artifact id: 'eac2bc30df6e1106bd4f3f1158e6710c') in 0.006582 seconds
Number of updated asset objects reloaded before import = 0Number of asset objects unloaded after import = 0

========================================================================
Received Import Request.
  Time since last request: 0.000079 seconds.
  path: Packages/com.unity.ugui/Runtime/TMP/TMP_CharacterInfo.cs
  artifactKey: Guid(90fe1c65e6bb3bc4e90862df7297719e) Importer(2089858483,b0f066a214c2f5e87bad3c948f4d605d)
Start importing Packages/com.unity.ugui/Runtime/TMP/TMP_CharacterInfo.cs using Guid(90fe1c65e6bb3bc4e90862df7297719e) Importer(2089858483,b0f066a214c2f5e87bad3c948f4d605d) (ScriptedImporter) -> (artifact id: '3d5a25b1247f71a916cc788bc58fbfdd') in 0.0074584 seconds
Number of updated asset objects reloaded before import = 0Number of asset objects unloaded after import = 0

========================================================================
Received Import Request.
  Time since last request: 0.000117 seconds.
  path: Packages/com.unity.ugui/Tests/Runtime/UGUI/InputField/GenericInputFieldTests.cs
  artifactKey: Guid(513613320b52fdb40a26dd5b73d89afe) Importer(2089858483,b0f066a214c2f5e87bad3c948f4d605d)
Start importing Packages/com.unity.ugui/Tests/Runtime/UGUI/InputField/GenericInputFieldTests.cs using Guid(513613320b52fdb40a26dd5b73d89afe) Importer(2089858483,b0f066a214c2f5e87bad3c948f4d605d) (ScriptedImporter) -> (artifact id: 'fe5ba537acdfd5a5758fa3fa2f095fd4') in 0.0065687 seconds
Number of updated asset objects reloaded before import = 0Number of asset objects unloaded after import = 0

========================================================================
Received Import Request.
  Time since last request: 0.000080 seconds.
  path: Packages/com.unity.ugui/Editor/TMP/HDRP/TMP_BaseHDRPUnlitShaderGUI.cs
  artifactKey: Guid(645409e9544820042937871953f20509) Importer(2089858483,b0f066a214c2f5e87bad3c948f4d605d)
Start importing Packages/com.unity.ugui/Editor/TMP/HDRP/TMP_BaseHDRPUnlitShaderGUI.cs using Guid(645409e9544820042937871953f20509) Importer(2089858483,b0f066a214c2f5e87bad3c948f4d605d) (ScriptedImporter) -> (artifact id: '18b47f0d6afaed024374ad006f9fd95d') in 0.0074399 seconds
Number of updated asset objects reloaded before import = 0Number of asset objects unloaded after import = 0

========================================================================
Received Import Request.
  Time since last request: 0.000118 seconds.
  path: Packages/com.unity.ugui/Runtime/TMP/TMP_SpriteGlyph.cs
  artifactKey: Guid(5b5c6a576605b3c4aab7d27193785f27) Importer(2089858483,b0f066a214c2f5e87bad3c948f4d605d)
Start importing Packages/com.unity.ugui/Runtime/TMP/TMP_SpriteGlyph.cs using Guid(5b5c6a576605b3c4aab7d27193785f27) Importer(2089858483,b0f066a214c2f5e87bad3c948f4d605d) (ScriptedImporter) -> (artifact id: 'a1a163a7618a8c0c0d6f2f33fa101aa8') in 0.0070974 seconds
Number of updated asset objects reloaded before import = 0Number of asset objects unloaded after import = 0

========================================================================
Received Import Request.
  Time since last request: 0.000079 seconds.
  path: Packages/com.unity.ugui/Runtime/UGUI/EventSystem/InputModules/TouchInputModule.cs
  artifactKey: Guid(2d49b7c1bcd2e07499844da127be038d) Importer(2089858483,b0f066a214c2f5e87bad3c948f4d605d)
Start importing Packages/com.unity.ugui/Runtime/UGUI/EventSystem/InputModules/TouchInputModule.cs using Guid(2d49b7c1bcd2e07499844da127be038d) Importer(2089858483,b0f066a214c2f5e87bad3c948f4d605d) (ScriptedImporter) -> (artifact id: '69f382f8894f5721063ac1b06cb3f076') in 0.0070908 seconds
Number of updated asset objects reloaded before import = 0Number of asset objects unloaded after import = 0

========================================================================
Received Import Request.
  Time since last request: 0.000080 seconds.
  path: Packages/com.unity.ugui/Runtime/UGUI/UI/Core/Layout/LayoutUtility.cs
  artifactKey: Guid(82bf3f737dec0be43a60891958a8da87) Importer(2089858483,b0f066a214c2f5e87bad3c948f4d605d)
Start importing Packages/com.unity.ugui/Runtime/UGUI/UI/Core/Layout/LayoutUtility.cs using Guid(82bf3f737dec0be43a60891958a8da87) Importer(2089858483,b0f066a214c2f5e87bad3c948f4d605d) (ScriptedImporter) -> (artifact id: '71a239be2cf6a2e45acd6a4bc75504e8') in 0.0072368 seconds
Number of updated asset objects reloaded before import = 0Number of asset objects unloaded after import = 0

========================================================================
Received Import Request.
  Time since last request: 0.000098 seconds.
  path: Packages/com.unity.ugui/Runtime/TMP/TMP_TextUtilities.cs
  artifactKey: Guid(4f0ca6874aa74540bb3d4fe5a0f86bcc) Importer(2089858483,b0f066a214c2f5e87bad3c948f4d605d)
Start importing Packages/com.unity.ugui/Runtime/TMP/TMP_TextUtilities.cs using Guid(4f0ca6874aa74540bb3d4fe5a0f86bcc) Importer(2089858483,b0f066a214c2f5e87bad3c948f4d605d) (ScriptedImporter) -> (artifact id: '92d784d8725e0ff5b72ac29229b934e6') in 0.0065422 seconds
Number of updated asset objects reloaded before import = 0Number of asset objects unloaded after import = 0

========================================================================
Received Import Request.
  Time since last request: 0.000021 seconds.
  path: Packages/com.unity.ugui/Runtime/TMP/TMP_FontAssetCommon.cs
  artifactKey: Guid(f695b5f9415c40b39ae877eaff41c96e) Importer(2089858483,b0f066a214c2f5e87bad3c948f4d605d)
Start importing Packages/com.unity.ugui/Runtime/TMP/TMP_FontAssetCommon.cs using Guid(f695b5f9415c40b39ae877eaff41c96e) Importer(2089858483,b0f066a214c2f5e87bad3c948f4d605d) (ScriptedImporter) -> (artifact id: '08fe38e223fcd628ffdc085f1a635cb9') in 0.0071382 seconds
Number of updated asset objects reloaded before import = 0Number of asset objects unloaded after import = 0

========================================================================
Received Import Request.
  Time since last request: 0.000087 seconds.
  path: Packages/com.unity.ugui/Tests/Runtime/UGUI/EventSystem/RaycastSortingTests.cs
  artifactKey: Guid(0ca2545d76d1fb34fa45a9f1e432d259) Importer(2089858483,b0f066a214c2f5e87bad3c948f4d605d)
Start importing Packages/com.unity.ugui/Tests/Runtime/UGUI/EventSystem/RaycastSortingTests.cs using Guid(0ca2545d76d1fb34fa45a9f1e432d259) Importer(2089858483,b0f066a214c2f5e87bad3c948f4d605d) (ScriptedImporter) -> (artifact id: 'be8256f5160bd18c925650bc38607913') in 0.0062091 seconds
Number of updated asset objects reloaded before import = 0Number of asset objects unloaded after import = 0

========================================================================
Received Import Request.
  Time since last request: 0.000078 seconds.
  path: Packages/com.unity.ugui/Tests/Runtime/UGUI/ScrollRect/ScrollRectTests.cs
  artifactKey: Guid(d925cabd9ecd5074aadab0726b96c38f) Importer(2089858483,b0f066a214c2f5e87bad3c948f4d605d)
Start importing Packages/com.unity.ugui/Tests/Runtime/UGUI/ScrollRect/ScrollRectTests.cs using Guid(d925cabd9ecd5074aadab0726b96c38f) Importer(2089858483,b0f066a214c2f5e87bad3c948f4d605d) (ScriptedImporter) -> (artifact id: '4e6db0cdca9b03967b5078c35687f653') in 0.0069915 seconds
Number of updated asset objects reloaded before import = 0Number of asset objects unloaded after import = 0

========================================================================
Received Import Request.
  Time since last request: 0.000194 seconds.
  path: Packages/com.unity.ugui/Tests/Runtime/UGUI/InputField/DesktopInputFieldTests.cs
  artifactKey: Guid(e1b0ab339722791498cc804831a17ad3) Importer(2089858483,b0f066a214c2f5e87bad3c948f4d605d)
Start importing Packages/com.unity.ugui/Tests/Runtime/UGUI/InputField/DesktopInputFieldTests.cs using Guid(e1b0ab339722791498cc804831a17ad3) Importer(2089858483,b0f066a214c2f5e87bad3c948f4d605d) (ScriptedImporter) -> (artifact id: 'fbfcba26a2332afd7195db9c0bde4935') in 0.0068109 seconds
Number of updated asset objects reloaded before import = 0Number of asset objects unloaded after import = 0

========================================================================
Received Import Request.
  Time since last request: 0.000266 seconds.
  path: Packages/com.unity.ugui/Tests/Runtime/UGUI/Layout/HorizonalLayoutGroupTests.cs
  artifactKey: Guid(5af3322745e78aa488fca5a2090f8755) Importer(2089858483,b0f066a214c2f5e87bad3c948f4d605d)
Start importing Packages/com.unity.ugui/Tests/Runtime/UGUI/Layout/HorizonalLayoutGroupTests.cs using Guid(5af3322745e78aa488fca5a2090f8755) Importer(2089858483,b0f066a214c2f5e87bad3c948f4d605d) (ScriptedImporter) -> (artifact id: '56bdae717ebd12e89d226dabe523097d') in 0.0075784 seconds
Number of updated asset objects reloaded before import = 0Number of asset objects unloaded after import = 0

========================================================================
Received Import Request.
  Time since last request: 0.000205 seconds.
  path: Packages/com.unity.ugui/Editor Resources/Textures/btn_AlignJustified_Light.psd
  artifactKey: Guid(fa6bd40a216346b783a4cce741d277a5) Importer(2089858483,b0f066a214c2f5e87bad3c948f4d605d)
Start importing Packages/com.unity.ugui/Editor Resources/Textures/btn_AlignJustified_Light.psd using Guid(fa6bd40a216346b783a4cce741d277a5) Importer(2089858483,b0f066a214c2f5e87bad3c948f4d605d) (ScriptedImporter) -> (artifact id: 'c095fe708c7d777d87842f8564a21e3e') in 0.0169754 seconds
Number of updated asset objects reloaded before import = 0Number of asset objects unloaded after import = 1

========================================================================
Received Import Request.
  Time since last request: 0.000092 seconds.
  path: Packages/com.unity.ugui/Runtime/TMP/TMP_Character.cs
  artifactKey: Guid(4ac5b6a65aaeb59478e3b78660e9f134) Importer(2089858483,b0f066a214c2f5e87bad3c948f4d605d)
Start importing Packages/com.unity.ugui/Runtime/TMP/TMP_Character.cs using Guid(4ac5b6a65aaeb59478e3b78660e9f134) Importer(2089858483,b0f066a214c2f5e87bad3c948f4d605d) (ScriptedImporter) -> (artifact id: 'ffecf9e4000b970706ce5e031c1f1101') in 0.0054984 seconds
Number of updated asset objects reloaded before import = 0Number of asset objects unloaded after import = 0

========================================================================
Received Import Request.
  Time since last request: 0.000035 seconds.
  path: Packages/com.unity.ugui/Runtime/UGUI/UI/Core/RectMask2D.cs
  artifactKey: Guid(3312d7739989d2b4e91e6319e9a96d76) Importer(2089858483,b0f066a214c2f5e87bad3c948f4d605d)
Start importing Packages/com.unity.ugui/Runtime/UGUI/UI/Core/RectMask2D.cs using Guid(3312d7739989d2b4e91e6319e9a96d76) Importer(2089858483,b0f066a214c2f5e87bad3c948f4d605d) (ScriptedImporter) -> (artifact id: 'cd3dee3adbfe195bae12864301e76ce9') in 0.0072168 seconds
Number of updated asset objects reloaded before import = 0Number of asset objects unloaded after import = 0

========================================================================
Received Import Request.
  Time since last request: 0.000118 seconds.
  path: Packages/com.unity.ugui/Tests/Runtime/UGUI/Util/ConcreteGraphic.cs
  artifactKey: Guid(4d31e19fd539ac54c8d9151da43683e9) Importer(2089858483,b0f066a214c2f5e87bad3c948f4d605d)
Start importing Packages/com.unity.ugui/Tests/Runtime/UGUI/Util/ConcreteGraphic.cs using Guid(4d31e19fd539ac54c8d9151da43683e9) Importer(2089858483,b0f066a214c2f5e87bad3c948f4d605d) (ScriptedImporter) -> (artifact id: 'f47f6eabf292d1e29b82e2ccd18fc5ba') in 0.005763 seconds
Number of updated asset objects reloaded before import = 0Number of asset objects unloaded after import = 0

========================================================================
Received Import Request.
  Time since last request: 0.000066 seconds.
  path: Packages/com.unity.ugui/Runtime/UGUI/EventSystem/EventHandle.cs
  artifactKey: Guid(db7dd43fe1278a9459cd6036f096b91d) Importer(2089858483,b0f066a214c2f5e87bad3c948f4d605d)
Start importing Packages/com.unity.ugui/Runtime/UGUI/EventSystem/EventHandle.cs using Guid(db7dd43fe1278a9459cd6036f096b91d) Importer(2089858483,b0f066a214c2f5e87bad3c948f4d605d) (ScriptedImporter) -> (artifact id: '13449b36a716256f348ff09b860ec884') in 0.007122 seconds
Number of updated asset objects reloaded before import = 0Number of asset objects unloaded after import = 0

========================================================================
Received Import Request.
  Time since last request: 0.000027 seconds.
  path: Packages/com.unity.ugui/Tests/Runtime/UGUI/ScrollBar/ScrollBarClamp.cs
  artifactKey: Guid(32a4a0ea998dd6149937d2774781c436) Importer(2089858483,b0f066a214c2f5e87bad3c948f4d605d)
Start importing Packages/com.unity.ugui/Tests/Runtime/UGUI/ScrollBar/ScrollBarClamp.cs using Guid(32a4a0ea998dd6149937d2774781c436) Importer(2089858483,b0f066a214c2f5e87bad3c948f4d605d) (ScriptedImporter) -> (artifact id: 'a7c7f560c100c402c70c1ca4d05d1342') in 0.006879 seconds
Number of updated asset objects reloaded before import = 0Number of asset objects unloaded after import = 0

========================================================================
Received Import Request.
  Time since last request: 0.000110 seconds.
  path: Packages/com.unity.ugui/Runtime/UGUI/UI/Core/Layout/CanvasScaler.cs
  artifactKey: Guid(0cd44c1031e13a943bb63640046fad76) Importer(2089858483,b0f066a214c2f5e87bad3c948f4d605d)
Start importing Packages/com.unity.ugui/Runtime/UGUI/UI/Core/Layout/CanvasScaler.cs using Guid(0cd44c1031e13a943bb63640046fad76) Importer(2089858483,b0f066a214c2f5e87bad3c948f4d605d) (ScriptedImporter) -> (artifact id: 'b4a71de950d004252d8e8517cd718d21') in 0.0074805 seconds
Number of updated asset objects reloaded before import = 0Number of asset objects unloaded after import = 0

========================================================================
Received Import Request.
  Time since last request: 0.000099 seconds.
  path: Packages/com.unity.ugui/Tests/Runtime/UGUI/Toggle/ToggleGroupTests.cs
  artifactKey: Guid(50081206855385544a5ddd0e3b6ba9be) Importer(2089858483,b0f066a214c2f5e87bad3c948f4d605d)
Start importing Packages/com.unity.ugui/Tests/Runtime/UGUI/Toggle/ToggleGroupTests.cs using Guid(50081206855385544a5ddd0e3b6ba9be) Importer(2089858483,b0f066a214c2f5e87bad3c948f4d605d) (ScriptedImporter) -> (artifact id: '9b0d416b7e1158c03227509a1a915888') in 0.0065399 seconds
Number of updated asset objects reloaded before import = 0Number of asset objects unloaded after import = 0

========================================================================
Received Import Request.
  Time since last request: 0.000028 seconds.
  path: Packages/com.unity.ugui/Runtime/UGUI/UI/Core/Slider.cs
  artifactKey: Guid(67db9e8f0e2ae9c40bc1e2b64352a6b4) Importer(2089858483,b0f066a214c2f5e87bad3c948f4d605d)
Start importing Packages/com.unity.ugui/Runtime/UGUI/UI/Core/Slider.cs using Guid(67db9e8f0e2ae9c40bc1e2b64352a6b4) Importer(2089858483,b0f066a214c2f5e87bad3c948f4d605d) (ScriptedImporter) -> (artifact id: '571ee16655481e0b128d5d0c85b9ef9e') in 0.0075947 seconds
Number of updated asset objects reloaded before import = 0Number of asset objects unloaded after import = 0

========================================================================
Received Import Request.
  Time since last request: 0.000106 seconds.
  path: Packages/com.unity.ugui/Tests/Runtime/UGUI/NestedLayout/SceneWithNestedLayoutElementsLoads.cs
  artifactKey: Guid(01df650e1b86e9f4a8e2b5dc9782506f) Importer(2089858483,b0f066a214c2f5e87bad3c948f4d605d)
Start importing Packages/com.unity.ugui/Tests/Runtime/UGUI/NestedLayout/SceneWithNestedLayoutElementsLoads.cs using Guid(01df650e1b86e9f4a8e2b5dc9782506f) Importer(2089858483,b0f066a214c2f5e87bad3c948f4d605d) (ScriptedImporter) -> (artifact id: '2853dbe41f3aa060e3365cca472abf29') in 0.0056086 seconds
Number of updated asset objects reloaded before import = 0Number of asset objects unloaded after import = 0

========================================================================
Received Import Request.
  Time since last request: 2.284187 seconds.
  path: Packages/com.unity.ugui/Runtime/UGUI/UI/Core/VertexModifiers/BaseMeshEffect.cs
  artifactKey: Guid(718966f960cb50643986195e5fe953ca) Importer(2089858483,b0f066a214c2f5e87bad3c948f4d605d)
Start importing Packages/com.unity.ugui/Runtime/UGUI/UI/Core/VertexModifiers/BaseMeshEffect.cs using Guid(718966f960cb50643986195e5fe953ca) Importer(2089858483,b0f066a214c2f5e87bad3c948f4d605d) (ScriptedImporter) -> (artifact id: 'bf60d19ab0a2125e39cbb8c84050eb43') in 0.0054917 seconds
Number of updated asset objects reloaded before import = 0Number of asset objects unloaded after import = 0

========================================================================
Received Import Request.
  Time since last request: 0.000115 seconds.
  path: Packages/com.unity.ugui/Tests/Editor/UGUI/UI/PropertyDrawers/PropertyDrawerTests.cs
  artifactKey: Guid(433d3b96b2a40a5479d3d7d8495882ed) Importer(2089858483,b0f066a214c2f5e87bad3c948f4d605d)
Start importing Packages/com.unity.ugui/Tests/Editor/UGUI/UI/PropertyDrawers/PropertyDrawerTests.cs using Guid(433d3b96b2a40a5479d3d7d8495882ed) Importer(2089858483,b0f066a214c2f5e87bad3c948f4d605d) (ScriptedImporter) -> (artifact id: '8c41e2e77c011384fc823f1194be4f66') in 0.0051581 seconds
Number of updated asset objects reloaded before import = 0Number of asset objects unloaded after import = 0

========================================================================
Received Import Request.
  Time since last request: 0.000045 seconds.
  path: Packages/com.unity.modules.cloth/package.ModuleCompilationTrigger
  artifactKey: Guid(082fbee38a82835433261a5e9c00e267) Importer(2089858483,b0f066a214c2f5e87bad3c948f4d605d)
Start importing Packages/com.unity.modules.cloth/package.ModuleCompilationTrigger using Guid(082fbee38a82835433261a5e9c00e267) Importer(2089858483,b0f066a214c2f5e87bad3c948f4d605d) (ScriptedImporter) -> (artifact id: '31c44ecc249a764df322e0c89f49358d') in 0.004403 seconds
Number of updated asset objects reloaded before import = 0Number of asset objects unloaded after import = 1

========================================================================
Received Import Request.
  Time since last request: 0.000060 seconds.
  path: Packages/com.unity.test-framework/UnityEngine.TestRunner/Utils/PostBuildCleanupAttribute.cs
  artifactKey: Guid(621fd19bcb071b64aa1d68f0271aa780) Importer(2089858483,b0f066a214c2f5e87bad3c948f4d605d)
Start importing Packages/com.unity.test-framework/UnityEngine.TestRunner/Utils/PostBuildCleanupAttribute.cs using Guid(621fd19bcb071b64aa1d68f0271aa780) Importer(2089858483,b0f066a214c2f5e87bad3c948f4d605d) (ScriptedImporter) -> (artifact id: 'e67650aea57cbc966eb66b3820543776') in 0.0048546 seconds
Number of updated asset objects reloaded before import = 0Number of asset objects unloaded after import = 0

========================================================================
Received Import Request.
  Time since last request: 0.000074 seconds.
  path: Packages/com.unity.test-framework/UnityEditor.TestRunner/UnityTestProtocol/Messages/ScreenSettingsMessage.cs
  artifactKey: Guid(3936a208997f4266b0b2d48aaca1e904) Importer(2089858483,b0f066a214c2f5e87bad3c948f4d605d)
Start importing Packages/com.unity.test-framework/UnityEditor.TestRunner/UnityTestProtocol/Messages/ScreenSettingsMessage.cs using Guid(3936a208997f4266b0b2d48aaca1e904) Importer(2089858483,b0f066a214c2f5e87bad3c948f4d605d) (ScriptedImporter) -> (artifact id: '272e7d4d715abb9760364b0b3c78e868') in 0.0045176 seconds
Number of updated asset objects reloaded before import = 0Number of asset objects unloaded after import = 0

========================================================================
Received Import Request.
  Time since last request: 0.000023 seconds.
  path: Packages/com.unity.test-framework/UnityEngine.TestRunner/Utils/AssemblyProvider/PlayerTestAssemblyProvider.cs
  artifactKey: Guid(43a3aec217baa9644a7cf34b5f93fed9) Importer(2089858483,b0f066a214c2f5e87bad3c948f4d605d)
Start importing Packages/com.unity.test-framework/UnityEngine.TestRunner/Utils/AssemblyProvider/PlayerTestAssemblyProvider.cs using Guid(43a3aec217baa9644a7cf34b5f93fed9) Importer(2089858483,b0f066a214c2f5e87bad3c948f4d605d) (ScriptedImporter) -> (artifact id: '2814321ecaea95e9cc17e4f2a5e4cf80') in 0.0057387 seconds
Number of updated asset objects reloaded before import = 0Number of asset objects unloaded after import = 0

========================================================================
Received Import Request.
  Time since last request: 0.000078 seconds.
  path: Packages/com.unity.test-framework/UnityEditor.TestRunner/TestRunnerWindowSettings.cs
  artifactKey: Guid(2b301b727225f1941974d69e61a55620) Importer(2089858483,b0f066a214c2f5e87bad3c948f4d605d)
Start importing Packages/com.unity.test-framework/UnityEditor.TestRunner/TestRunnerWindowSettings.cs using Guid(2b301b727225f1941974d69e61a55620) Importer(2089858483,b0f066a214c2f5e87bad3c948f4d605d) (ScriptedImporter) -> (artifact id: 'ca69bfedd31a6dca994dbe4b6860dc64') in 0.0057106 seconds
Number of updated asset objects reloaded before import = 0Number of asset objects unloaded after import = 0

========================================================================
Received Import Request.
  Time since last request: 0.000080 seconds.
  path: Packages/com.unity.test-framework/UnityEditor.TestRunner/TestLaunchers/PlatformSetup/LuminPlatformSetup.cs
  artifactKey: Guid(c38ae0585d6a55042a2d678330689685) Importer(2089858483,b0f066a214c2f5e87bad3c948f4d605d)
Start importing Packages/com.unity.test-framework/UnityEditor.TestRunner/TestLaunchers/PlatformSetup/LuminPlatformSetup.cs using Guid(c38ae0585d6a55042a2d678330689685) Importer(2089858483,b0f066a214c2f5e87bad3c948f4d605d) (ScriptedImporter) -> (artifact id: '45ab0e9585bd8ac6ef4cbb74028dab0d') in 0.0063086 seconds
Number of updated asset objects reloaded before import = 0Number of asset objects unloaded after import = 0

========================================================================
Received Import Request.
  Time since last request: 0.000181 seconds.
  path: Packages/com.unity.test-framework/UnityEngine.TestRunner/Utils/Vector2EqualityComparer.cs
  artifactKey: Guid(58ad09607a0d62d458a78d7174665566) Importer(2089858483,b0f066a214c2f5e87bad3c948f4d605d)
Start importing Packages/com.unity.test-framework/UnityEngine.TestRunner/Utils/Vector2EqualityComparer.cs using Guid(58ad09607a0d62d458a78d7174665566) Importer(2089858483,b0f066a214c2f5e87bad3c948f4d605d) (ScriptedImporter) -> (artifact id: 'ccc3b87bfd6f1299ccf187183af8a0c0') in 0.0068066 seconds
Number of updated asset objects reloaded before import = 0Number of asset objects unloaded after import = 0

========================================================================
Received Import Request.
  Time since last request: 0.000061 seconds.
  path: Packages/com.unity.test-framework/UnityEngine.TestRunner/NUnitExtensions/Commands/EnumerableSetUpTearDownCommand.cs
  artifactKey: Guid(dd85a35169d313840a0874aea1a28629) Importer(2089858483,b0f066a214c2f5e87bad3c948f4d605d)
Start importing Packages/com.unity.test-framework/UnityEngine.TestRunner/NUnitExtensions/Commands/EnumerableSetUpTearDownCommand.cs using Guid(dd85a35169d313840a0874aea1a28629) Importer(2089858483,b0f066a214c2f5e87bad3c948f4d605d) (ScriptedImporter) -> (artifact id: '9355e5610d175a032ccb9a49a8d5674f') in 0.0063303 seconds
Number of updated asset objects reloaded before import = 0Number of asset objects unloaded after import = 0

========================================================================
Received Import Request.
  Time since last request: 0.000117 seconds.
  path: Packages/com.unity.test-framework/UnityEditor.TestRunner/NUnitExtension/Attributes/ITestPlayerBuildModifier.cs
  artifactKey: Guid(6d2f47eae5f447748892c46848956d5f) Importer(2089858483,b0f066a214c2f5e87bad3c948f4d605d)
Start importing Packages/com.unity.test-framework/UnityEditor.TestRunner/NUnitExtension/Attributes/ITestPlayerBuildModifier.cs using Guid(6d2f47eae5f447748892c46848956d5f) Importer(2089858483,b0f066a214c2f5e87bad3c948f4d605d) (ScriptedImporter) -> (artifact id: '6ab4c34583f4ef78d0e3c1ec5ef3d16b') in 0.0068973 seconds
Number of updated asset objects reloaded before import = 0Number of asset objects unloaded after import = 0

========================================================================
Received Import Request.
  Time since last request: 0.000119 seconds.
  path: Packages/com.unity.testtools.codecoverage/Editor/CoverageFormats/OpenCover/Model/Summary.cs
  artifactKey: Guid(f84724c9beb0444b0b1a7166317d7262) Importer(2089858483,b0f066a214c2f5e87bad3c948f4d605d)
Start importing Packages/com.unity.testtools.codecoverage/Editor/CoverageFormats/OpenCover/Model/Summary.cs using Guid(f84724c9beb0444b0b1a7166317d7262) Importer(2089858483,b0f066a214c2f5e87bad3c948f4d605d) (ScriptedImporter) -> (artifact id: '2fa09adcbf67a8fc6067c9aa4051f17a') in 0.0054429 seconds
Number of updated asset objects reloaded before import = 0Number of asset objects unloaded after import = 0

========================================================================
Received Import Request.
  Time since last request: 0.000134 seconds.
  path: Packages/com.unity.test-framework/Tests/TestNewCustomAssembly/NewPlayModeTest.cs
  artifactKey: Guid(74e0dd7cd2eda394aafc22c5859b35c8) Importer(2089858483,b0f066a214c2f5e87bad3c948f4d605d)
Start importing Packages/com.unity.test-framework/Tests/TestNewCustomAssembly/NewPlayModeTest.cs using Guid(74e0dd7cd2eda394aafc22c5859b35c8) Importer(2089858483,b0f066a214c2f5e87bad3c948f4d605d) (ScriptedImporter) -> (artifact id: '09d2227e14ae54485bb964d4b854aa2b') in 0.0061485 seconds
Number of updated asset objects reloaded before import = 0Number of asset objects unloaded after import = 0

========================================================================
Received Import Request.
  Time since last request: 0.000084 seconds.
  path: Packages/com.unity.test-framework/UnityEngine.TestRunner/NUnitExtensions/Runner/PlaymodeWorkItemFactory.cs
  artifactKey: Guid(7ef6801a8b664544aa9f2ab1bc1f8b60) Importer(2089858483,b0f066a214c2f5e87bad3c948f4d605d)
Start importing Packages/com.unity.test-framework/UnityEngine.TestRunner/NUnitExtensions/Runner/PlaymodeWorkItemFactory.cs using Guid(7ef6801a8b664544aa9f2ab1bc1f8b60) Importer(2089858483,b0f066a214c2f5e87bad3c948f4d605d) (ScriptedImporter) -> (artifact id: '06cf4948924fdc00a8227b4b8f8aabc4') in 0.0070656 seconds
Number of updated asset objects reloaded before import = 0Number of asset objects unloaded after import = 0

========================================================================
Received Import Request.
  Time since last request: 0.000107 seconds.
  path: Packages/com.unity.test-framework/UnityEditor.TestRunner/TestRun/TestJobRunner.cs
  artifactKey: Guid(0b677ddfd54046c498a20446baa4f932) Importer(2089858483,b0f066a214c2f5e87bad3c948f4d605d)
Start importing Packages/com.unity.test-framework/UnityEditor.TestRunner/TestRun/TestJobRunner.cs using Guid(0b677ddfd54046c498a20446baa4f932) Importer(2089858483,b0f066a214c2f5e87bad3c948f4d605d) (ScriptedImporter) -> (artifact id: '0a93e728c863e1c517296e35209e7e2f') in 0.0070479 seconds
Number of updated asset objects reloaded before import = 0Number of asset objects unloaded after import = 0

========================================================================
Received Import Request.
  Time since last request: 0.000041 seconds.
  path: Packages/com.unity.testtools.codecoverage/Editor/CoveragePreferences.cs
  artifactKey: Guid(c7c2d38a2adaf4e098760a3da9d5b6da) Importer(2089858483,b0f066a214c2f5e87bad3c948f4d605d)
Start importing Packages/com.unity.testtools.codecoverage/Editor/CoveragePreferences.cs using Guid(c7c2d38a2adaf4e098760a3da9d5b6da) Importer(2089858483,b0f066a214c2f5e87bad3c948f4d605d) (ScriptedImporter) -> (artifact id: '699eeb6767330ee8220dbf536a90dca9') in 0.0068371 seconds
Number of updated asset objects reloaded before import = 0Number of asset objects unloaded after import = 0

========================================================================
Received Import Request.
  Time since last request: 0.000123 seconds.
  path: Packages/com.unity.test-framework/UnityEditor.TestRunner/TestRun/Tasks/Events/RunStartedInvocationEvent.cs
  artifactKey: Guid(59267e29055f657429098a57e13debe1) Importer(2089858483,b0f066a214c2f5e87bad3c948f4d605d)
Start importing Packages/com.unity.test-framework/UnityEditor.TestRunner/TestRun/Tasks/Events/RunStartedInvocationEvent.cs using Guid(59267e29055f657429098a57e13debe1) Importer(2089858483,b0f066a214c2f5e87bad3c948f4d605d) (ScriptedImporter) -> (artifact id: 'db754ca7f5fbb265bbba81a72064e622') in 0.0071722 seconds
Number of updated asset objects reloaded before import = 0Number of asset objects unloaded after import = 0

========================================================================
Received Import Request.
  Time since last request: 0.000133 seconds.
  path: Packages/com.unity.test-framework/UnityEditor.TestRunner/TestLaunchers/Helpers/DelayedCallback.cs
  artifactKey: Guid(b9d121df8c444236a5b38ccfadfdd1a7) Importer(2089858483,b0f066a214c2f5e87bad3c948f4d605d)
Start importing Packages/com.unity.test-framework/UnityEditor.TestRunner/TestLaunchers/Helpers/DelayedCallback.cs using Guid(b9d121df8c444236a5b38ccfadfdd1a7) Importer(2089858483,b0f066a214c2f5e87bad3c948f4d605d) (ScriptedImporter) -> (artifact id: '8458fbe319b63d7ec50a4b18a37bf230') in 0.0083316 seconds
Number of updated asset objects reloaded before import = 0Number of asset objects unloaded after import = 0

========================================================================
Received Import Request.
  Time since last request: 0.000064 seconds.
  path: Packages/com.unity.test-framework/UnityEditor.TestRunner/GUI/TestListBuilder/TestTreeViewBuilder.cs
  artifactKey: Guid(e17c88b021c2a4c409b3f15b0d80ac62) Importer(2089858483,b0f066a214c2f5e87bad3c948f4d605d)
Start importing Packages/com.unity.test-framework/UnityEditor.TestRunner/GUI/TestListBuilder/TestTreeViewBuilder.cs using Guid(e17c88b021c2a4c409b3f15b0d80ac62) Importer(2089858483,b0f066a214c2f5e87bad3c948f4d605d) (ScriptedImporter) -> (artifact id: '063ee83aebba13830d92fd7fc2d25c26') in 0.0071383 seconds
Number of updated asset objects reloaded before import = 0Number of asset objects unloaded after import = 0

========================================================================
Received Import Request.
  Time since last request: 0.000097 seconds.
  path: Packages/com.unity.test-framework/UnityEditor.TestRunner/GUI/TestAssets/CustomScriptAssemblyMappingFinder.cs
  artifactKey: Guid(f03c073fcc564ab582ac38999beb4b6d) Importer(2089858483,b0f066a214c2f5e87bad3c948f4d605d)
Start importing Packages/com.unity.test-framework/UnityEditor.TestRunner/GUI/TestAssets/CustomScriptAssemblyMappingFinder.cs using Guid(f03c073fcc564ab582ac38999beb4b6d) Importer(2089858483,b0f066a214c2f5e87bad3c948f4d605d) (ScriptedImporter) -> (artifact id: '588a62519770603ddf84a12037c3f4c8') in 0.0085033 seconds
Number of updated asset objects reloaded before import = 0Number of asset objects unloaded after import = 0

========================================================================
Received Import Request.
  Time since last request: 0.000071 seconds.
  path: Packages/com.unity.testtools.codecoverage/Editor/CoverageFormats/OpenCover/Model/HelperExtensions.cs
  artifactKey: Guid(0a74e938125304007a53cf9733cd1208) Importer(2089858483,b0f066a214c2f5e87bad3c948f4d605d)
Start importing Packages/com.unity.testtools.codecoverage/Editor/CoverageFormats/OpenCover/Model/HelperExtensions.cs using Guid(0a74e938125304007a53cf9733cd1208) Importer(2089858483,b0f066a214c2f5e87bad3c948f4d605d) (ScriptedImporter) -> (artifact id: '52ad9a9c686635cde4d2f599d35c0fc5') in 0.0062534 seconds
Number of updated asset objects reloaded before import = 0Number of asset objects unloaded after import = 0

========================================================================
Received Import Request.
  Time since last request: 0.000103 seconds.
  path: Packages/com.unity.testtools.codecoverage/Editor/Compatibility/CompatibilityInitializer.cs
  artifactKey: Guid(ae5c3e58418ef514eba4fc6ade0ec75b) Importer(2089858483,b0f066a214c2f5e87bad3c948f4d605d)
Start importing Packages/com.unity.testtools.codecoverage/Editor/Compatibility/CompatibilityInitializer.cs using Guid(ae5c3e58418ef514eba4fc6ade0ec75b) Importer(2089858483,b0f066a214c2f5e87bad3c948f4d605d) (ScriptedImporter) -> (artifact id: '562dc08f6b6c5df041d3c092f14e7b93') in 0.0060433 seconds
Number of updated asset objects reloaded before import = 0Number of asset objects unloaded after import = 0

========================================================================
Received Import Request.
  Time since last request: 0.000131 seconds.
  path: Packages/com.unity.test-framework/UnityEngine.TestRunner/NUnitExtensions/Attributes/UnitySetUpAttribute.cs
  artifactKey: Guid(cc6401f13df54ba44bfd7cdc93c7d64d) Importer(2089858483,b0f066a214c2f5e87bad3c948f4d605d)
Start importing Packages/com.unity.test-framework/UnityEngine.TestRunner/NUnitExtensions/Attributes/UnitySetUpAttribute.cs using Guid(cc6401f13df54ba44bfd7cdc93c7d64d) Importer(2089858483,b0f066a214c2f5e87bad3c948f4d605d) (ScriptedImporter) -> (artifact id: '7127f63d03bfcce831420cb740d7dfde') in 0.0066874 seconds
Number of updated asset objects reloaded before import = 0Number of asset objects unloaded after import = 0

========================================================================
Received Import Request.
  Time since last request: 0.000122 seconds.
  path: Packages/com.unity.modules.physics/package.ModuleCompilationTrigger
  artifactKey: Guid(5c1ee4056d0ac7ad3c5a16597fcaa38a) Importer(2089858483,b0f066a214c2f5e87bad3c948f4d605d)
Start importing Packages/com.unity.modules.physics/package.ModuleCompilationTrigger using Guid(5c1ee4056d0ac7ad3c5a16597fcaa38a) Importer(2089858483,b0f066a214c2f5e87bad3c948f4d605d) (ScriptedImporter) -> (artifact id: 'be68acd11ce72b92203845d4f9d0f191') in 0.0058505 seconds
Number of updated asset objects reloaded before import = 0Number of asset objects unloaded after import = 1

========================================================================
Received Import Request.
  Time since last request: 0.000072 seconds.
  path: Packages/com.unity.test-framework/UnityEditor.TestRunner/RequireApiProfileAttribute.cs
  artifactKey: Guid(a667f6654ad7a9548b8c8e68b51c8895) Importer(2089858483,b0f066a214c2f5e87bad3c948f4d605d)
Start importing Packages/com.unity.test-framework/UnityEditor.TestRunner/RequireApiProfileAttribute.cs using Guid(a667f6654ad7a9548b8c8e68b51c8895) Importer(2089858483,b0f066a214c2f5e87bad3c948f4d605d) (ScriptedImporter) -> (artifact id: '9be5d32aa365665d7959d03847a098a6') in 0.006315 seconds
Number of updated asset objects reloaded before import = 0Number of asset objects unloaded after import = 0

========================================================================
Received Import Request.
  Time since last request: 0.000153 seconds.
  path: Packages/com.unity.test-framework/UnityEngine.TestRunner/Assertions/OutOfOrderExpectedLogMessageException.cs
  artifactKey: Guid(2fcdb9402e0a4427bd5bd01f71ecf6d5) Importer(2089858483,b0f066a214c2f5e87bad3c948f4d605d)
Start importing Packages/com.unity.test-framework/UnityEngine.TestRunner/Assertions/OutOfOrderExpectedLogMessageException.cs using Guid(2fcdb9402e0a4427bd5bd01f71ecf6d5) Importer(2089858483,b0f066a214c2f5e87bad3c948f4d605d) (ScriptedImporter) -> (artifact id: 'efa3fb99cfc4f6a496ee7758c5a6d81e') in 0.008756 seconds
Number of updated asset objects reloaded before import = 0Number of asset objects unloaded after import = 0

========================================================================
Received Import Request.
  Time since last request: 0.000047 seconds.
  path: Packages/com.unity.test-framework/UnityEngine.TestRunner/TestRunner/SynchronousFilter.cs
  artifactKey: Guid(b9aec9d3b0a86466ab4647d01e8fc87d) Importer(2089858483,b0f066a214c2f5e87bad3c948f4d605d)
Start importing Packages/com.unity.test-framework/UnityEngine.TestRunner/TestRunner/SynchronousFilter.cs using Guid(b9aec9d3b0a86466ab4647d01e8fc87d) Importer(2089858483,b0f066a214c2f5e87bad3c948f4d605d) (ScriptedImporter) -> (artifact id: 'be9e2a3e4640b7446807c7f32f226f4a') in 0.0070538 seconds
Number of updated asset objects reloaded before import = 0Number of asset objects unloaded after import = 0

========================================================================
Received Import Request.
  Time since last request: 0.000137 seconds.
  path: Packages/com.unity.test-framework/UnityEditor.TestRunner/UnityTestProtocol/Messages/PlayerSettingsMessage.cs
  artifactKey: Guid(aa5e75ed0aae4030a1720d08f7a5322e) Importer(2089858483,b0f066a214c2f5e87bad3c948f4d605d)
Start importing Packages/com.unity.test-framework/UnityEditor.TestRunner/UnityTestProtocol/Messages/PlayerSettingsMessage.cs using Guid(aa5e75ed0aae4030a1720d08f7a5322e) Importer(2089858483,b0f066a214c2f5e87bad3c948f4d605d) (ScriptedImporter) -> (artifact id: 'd0354ddb8348cca4eb0e2fe5cf1906a2') in 0.0075289 seconds
Number of updated asset objects reloaded before import = 0Number of asset objects unloaded after import = 0

========================================================================
Received Import Request.
  Time since last request: 0.000093 seconds.
  path: Packages/com.unity.testtools.codecoverage/Editor/Filtering/AssemblyFiltering.cs
  artifactKey: Guid(63228051c023f5648a54800d29fdc6c1) Importer(2089858483,b0f066a214c2f5e87bad3c948f4d605d)
Start importing Packages/com.unity.testtools.codecoverage/Editor/Filtering/AssemblyFiltering.cs using Guid(63228051c023f5648a54800d29fdc6c1) Importer(2089858483,b0f066a214c2f5e87bad3c948f4d605d) (ScriptedImporter) -> (artifact id: 'a43f5d7caba96a41994018c022acf6b6') in 0.0068853 seconds
Number of updated asset objects reloaded before import = 0Number of asset objects unloaded after import = 0

========================================================================
Received Import Request.
  Time since last request: 0.000063 seconds.
  path: Packages/com.unity.test-framework/UnityEngine.TestRunner/NUnitExtensions/Commands/TestCommandPcHelper.cs
  artifactKey: Guid(33e6b78c96bb0694e96383e3c56b7b54) Importer(2089858483,b0f066a214c2f5e87bad3c948f4d605d)
Start importing Packages/com.unity.test-framework/UnityEngine.TestRunner/NUnitExtensions/Commands/TestCommandPcHelper.cs using Guid(33e6b78c96bb0694e96383e3c56b7b54) Importer(2089858483,b0f066a214c2f5e87bad3c948f4d605d) (ScriptedImporter) -> (artifact id: '7bbee74be27a57b25e9a6335a5065568') in 0.0077708 seconds
Number of updated asset objects reloaded before import = 0Number of asset objects unloaded after import = 0

========================================================================
Received Import Request.
  Time since last request: 0.000116 seconds.
  path: Packages/com.unity.test-framework/UnityEngine.TestRunner/Assertions/LogScope/LogMatch.cs
  artifactKey: Guid(9945ffed4692c6044b6d3acf81efd694) Importer(2089858483,b0f066a214c2f5e87bad3c948f4d605d)
Start importing Packages/com.unity.test-framework/UnityEngine.TestRunner/Assertions/LogScope/LogMatch.cs using Guid(9945ffed4692c6044b6d3acf81efd694) Importer(2089858483,b0f066a214c2f5e87bad3c948f4d605d) (ScriptedImporter) -> (artifact id: '1555bdd42f3da616359dae49f434f3d9') in 0.0069578 seconds
Number of updated asset objects reloaded before import = 0Number of asset objects unloaded after import = 0

========================================================================
Received Import Request.
  Time since last request: 0.000129 seconds.
  path: Packages/com.unity.test-framework/UnityEngine.TestRunner/NUnitExtensions/ITestSuiteModifier.cs
  artifactKey: Guid(4c006cc4132f4e2d8b3e7208af3e208c) Importer(2089858483,b0f066a214c2f5e87bad3c948f4d605d)
Start importing Packages/com.unity.test-framework/UnityEngine.TestRunner/NUnitExtensions/ITestSuiteModifier.cs using Guid(4c006cc4132f4e2d8b3e7208af3e208c) Importer(2089858483,b0f066a214c2f5e87bad3c948f4d605d) (ScriptedImporter) -> (artifact id: 'ff77a87232b4bf5354289564528d4983') in 0.007782 seconds
Number of updated asset objects reloaded before import = 0Number of asset objects unloaded after import = 0

========================================================================
Received Import Request.
  Time since last request: 0.000110 seconds.
  path: Packages/com.unity.test-framework/UnityEditor.TestRunner/TestLaunchers/PlatformSetup/GameCorePlatformSetup.cs
  artifactKey: Guid(465c1d388f96ba143b216a9bbef88340) Importer(2089858483,b0f066a214c2f5e87bad3c948f4d605d)
Start importing Packages/com.unity.test-framework/UnityEditor.TestRunner/TestLaunchers/PlatformSetup/GameCorePlatformSetup.cs using Guid(465c1d388f96ba143b216a9bbef88340) Importer(2089858483,b0f066a214c2f5e87bad3c948f4d605d) (ScriptedImporter) -> (artifact id: 'ed0e8f16b4df9c0e2dac451e0164160f') in 0.0090173 seconds
Number of updated asset objects reloaded before import = 0Number of asset objects unloaded after import = 0

========================================================================
Received Import Request.
  Time since last request: 0.000159 seconds.
  path: Packages/com.unity.test-framework/UnityEditor.TestRunner/TestRun/Data/RunProgress.cs
  artifactKey: Guid(19bb2cdbf1454aae9b90c628fb83ad9b) Importer(2089858483,b0f066a214c2f5e87bad3c948f4d605d)
Start importing Packages/com.unity.test-framework/UnityEditor.TestRunner/TestRun/Data/RunProgress.cs using Guid(19bb2cdbf1454aae9b90c628fb83ad9b) Importer(2089858483,b0f066a214c2f5e87bad3c948f4d605d) (ScriptedImporter) -> (artifact id: '62bf018f6cac17adf9a2b3e372c3c17a') in 0.0073066 seconds
Number of updated asset objects reloaded before import = 0Number of asset objects unloaded after import = 0

========================================================================
Received Import Request.
  Time since last request: 0.000115 seconds.
  path: Packages/com.unity.test-framework/UnityEngine.TestRunner/Assertions/LogScope/LogScope.cs
  artifactKey: Guid(4bbc17b35884fdf468e4b52ae4222882) Importer(2089858483,b0f066a214c2f5e87bad3c948f4d605d)
Start importing Packages/com.unity.test-framework/UnityEngine.TestRunner/Assertions/LogScope/LogScope.cs using Guid(4bbc17b35884fdf468e4b52ae4222882) Importer(2089858483,b0f066a214c2f5e87bad3c948f4d605d) (ScriptedImporter) -> (artifact id: 'c934a06f5550cbb0f60e3c388e9e1245') in 0.0072059 seconds
Number of updated asset objects reloaded before import = 0Number of asset objects unloaded after import = 0

========================================================================
Received Import Request.
  Time since last request: 0.000143 seconds.
  path: Packages/com.unity.test-framework/UnityEngine.TestRunner/NUnitExtensions/Runner/DefaultTestWorkItem.cs
  artifactKey: Guid(c7cfda246e604b945b12b7afedb094ce) Importer(2089858483,b0f066a214c2f5e87bad3c948f4d605d)
Start importing Packages/com.unity.test-framework/UnityEngine.TestRunner/NUnitExtensions/Runner/DefaultTestWorkItem.cs using Guid(c7cfda246e604b945b12b7afedb094ce) Importer(2089858483,b0f066a214c2f5e87bad3c948f4d605d) (ScriptedImporter) -> (artifact id: '4e033cf72ee6accb3dfdddbb173b40e1') in 0.0070128 seconds
Number of updated asset objects reloaded before import = 0Number of asset objects unloaded after import = 0

========================================================================
Received Import Request.
  Time since last request: 0.000085 seconds.
  path: Packages/com.unity.test-framework/UnityEngine.TestRunner/NUnitExtensions/Commands/EnumerableTestMethodCommand.cs
  artifactKey: Guid(19a6f000f81e24c4a826c1abd43e77c7) Importer(2089858483,b0f066a214c2f5e87bad3c948f4d605d)
Start importing Packages/com.unity.test-framework/UnityEngine.TestRunner/NUnitExtensions/Commands/EnumerableTestMethodCommand.cs using Guid(19a6f000f81e24c4a826c1abd43e77c7) Importer(2089858483,b0f066a214c2f5e87bad3c948f4d605d) (ScriptedImporter) -> (artifact id: 'db6cb3967f0a3800dde5c4a78eabb3b6') in 0.0084291 seconds
Number of updated asset objects reloaded before import = 0Number of asset objects unloaded after import = 0

========================================================================
Received Import Request.
  Time since last request: 0.000140 seconds.
  path: Packages/com.unity.test-framework/UnityEditor.TestRunner/CommandLineParser/CommandLineOption.cs
  artifactKey: Guid(a3529368f4cd0424a89aa51080a16b06) Importer(2089858483,b0f066a214c2f5e87bad3c948f4d605d)
Start importing Packages/com.unity.test-framework/UnityEditor.TestRunner/CommandLineParser/CommandLineOption.cs using Guid(a3529368f4cd0424a89aa51080a16b06) Importer(2089858483,b0f066a214c2f5e87bad3c948f4d605d) (ScriptedImporter) -> (artifact id: 'e54a2a9d13b85c3d9ebf673a437b8535') in 0.007232 seconds
Number of updated asset objects reloaded before import = 0Number of asset objects unloaded after import = 0

========================================================================
Received Import Request.
  Time since last request: 0.000100 seconds.
  path: Packages/com.unity.test-framework/UnityEditor.TestRunner/TestLaunchers/Helpers/PostbuildCleanupAttributeFinder.cs
  artifactKey: Guid(2c2dfcbbb77359547bcaa7cdabd47ebb) Importer(2089858483,b0f066a214c2f5e87bad3c948f4d605d)
Start importing Packages/com.unity.test-framework/UnityEditor.TestRunner/TestLaunchers/Helpers/PostbuildCleanupAttributeFinder.cs using Guid(2c2dfcbbb77359547bcaa7cdabd47ebb) Importer(2089858483,b0f066a214c2f5e87bad3c948f4d605d) (ScriptedImporter) -> (artifact id: '1c3fd1fc01779ab7a0f64a28edfdc84b') in 0.0081462 seconds
Number of updated asset objects reloaded before import = 0Number of asset objects unloaded after import = 0

========================================================================
Received Import Request.
  Time since last request: 0.000105 seconds.
  path: Packages/com.unity.test-framework/UnityEngine.TestRunner/Utils/IPrebuildSetup.cs
  artifactKey: Guid(acc16f0c684508f44813662a300c574b) Importer(2089858483,b0f066a214c2f5e87bad3c948f4d605d)
Start importing Packages/com.unity.test-framework/UnityEngine.TestRunner/Utils/IPrebuildSetup.cs using Guid(acc16f0c684508f44813662a300c574b) Importer(2089858483,b0f066a214c2f5e87bad3c948f4d605d) (ScriptedImporter) -> (artifact id: '4045e60801e0517ed9cb02ff6ed9056a') in 0.0071811 seconds
Number of updated asset objects reloaded before import = 0Number of asset objects unloaded after import = 0

========================================================================
Received Import Request.
  Time since last request: 0.000076 seconds.
  path: Packages/com.unity.test-framework/UnityEditor.TestRunner/TestLaunchers/EditModeLauncherContextSettings.cs
  artifactKey: Guid(a582090813554df479fb9ca03e9857d3) Importer(2089858483,b0f066a214c2f5e87bad3c948f4d605d)
Start importing Packages/com.unity.test-framework/UnityEditor.TestRunner/TestLaunchers/EditModeLauncherContextSettings.cs using Guid(a582090813554df479fb9ca03e9857d3) Importer(2089858483,b0f066a214c2f5e87bad3c948f4d605d) (ScriptedImporter) -> (artifact id: '2914233a03850a0d0ce6b14e7a17e02e') in 0.0066923 seconds
Number of updated asset objects reloaded before import = 0Number of asset objects unloaded after import = 0

========================================================================
Received Import Request.
  Time since last request: 0.000054 seconds.
  path: Packages/com.unity.test-framework/UnityEngine.TestRunner/NUnitExtensions/Attributes/UnityCombinatorialStrategy.cs
  artifactKey: Guid(7af6ac3e6b51b8d4aab04adc85b8de2f) Importer(2089858483,b0f066a214c2f5e87bad3c948f4d605d)
Start importing Packages/com.unity.test-framework/UnityEngine.TestRunner/NUnitExtensions/Attributes/UnityCombinatorialStrategy.cs using Guid(7af6ac3e6b51b8d4aab04adc85b8de2f) Importer(2089858483,b0f066a214c2f5e87bad3c948f4d605d) (ScriptedImporter) -> (artifact id: 'ba342bde74b948f176ee09b99227d1d8') in 0.0075187 seconds
Number of updated asset objects reloaded before import = 0Number of asset objects unloaded after import = 0

========================================================================
Received Import Request.
  Time since last request: 0.000143 seconds.
  path: Packages/com.unity.test-framework/UnityEngine.TestRunner/TestRunner/TestEnumeratorWrapper.cs
  artifactKey: Guid(9ad0b0c865b01af4ca1b414689e71259) Importer(2089858483,b0f066a214c2f5e87bad3c948f4d605d)
Start importing Packages/com.unity.test-framework/UnityEngine.TestRunner/TestRunner/TestEnumeratorWrapper.cs using Guid(9ad0b0c865b01af4ca1b414689e71259) Importer(2089858483,b0f066a214c2f5e87bad3c948f4d605d) (ScriptedImporter) -> (artifact id: '048bd4c11bbf88489957451df04e230a') in 0.0082033 seconds
Number of updated asset objects reloaded before import = 0Number of asset objects unloaded after import = 0

========================================================================
Received Import Request.
  Time since last request: 0.000203 seconds.
  path: Packages/com.unity.test-framework/UnityEditor.TestRunner/TestRunner/Utils/TestListCacheData.cs
  artifactKey: Guid(f1b6399349763114d9361bc6dfcd025b) Importer(2089858483,b0f066a214c2f5e87bad3c948f4d605d)
Start importing Packages/com.unity.test-framework/UnityEditor.TestRunner/TestRunner/Utils/TestListCacheData.cs using Guid(f1b6399349763114d9361bc6dfcd025b) Importer(2089858483,b0f066a214c2f5e87bad3c948f4d605d) (ScriptedImporter) -> (artifact id: '477eb0cc3b6ee58cf6ffc1d07452c955') in 0.0068015 seconds
Number of updated asset objects reloaded before import = 0Number of asset objects unloaded after import = 0

========================================================================
Received Import Request.
  Time since last request: 0.000132 seconds.
  path: Packages/com.unity.test-framework/UnityEditor.TestRunner/Api/TestResultAdaptor.cs
  artifactKey: Guid(d061ada5d3169454daf54243390b5fdb) Importer(2089858483,b0f066a214c2f5e87bad3c948f4d605d)
Start importing Packages/com.unity.test-framework/UnityEditor.TestRunner/Api/TestResultAdaptor.cs using Guid(d061ada5d3169454daf54243390b5fdb) Importer(2089858483,b0f066a214c2f5e87bad3c948f4d605d) (ScriptedImporter) -> (artifact id: '2518e56760d8657fcf82d3da8ea2cea4') in 0.0076262 seconds
Number of updated asset objects reloaded before import = 0Number of asset objects unloaded after import = 0

========================================================================
Received Import Request.
  Time since last request: 0.000277 seconds.
  path: Packages/com.unity.test-framework/UnityEditor.TestRunner/TestLaunchers/PlatformSetup/PlatformSpecificSetup.cs
  artifactKey: Guid(6cccd50ebf7384242bda4d7bcb282ebf) Importer(2089858483,b0f066a214c2f5e87bad3c948f4d605d)
Start importing Packages/com.unity.test-framework/UnityEditor.TestRunner/TestLaunchers/PlatformSetup/PlatformSpecificSetup.cs using Guid(6cccd50ebf7384242bda4d7bcb282ebf) Importer(2089858483,b0f066a214c2f5e87bad3c948f4d605d) (ScriptedImporter) -> (artifact id: '17b9947e31d6e1359583e4d55ebc7aa0') in 0.0062927 seconds
Number of updated asset objects reloaded before import = 0Number of asset objects unloaded after import = 0

========================================================================
Received Import Request.
  Time since last request: 0.000132 seconds.
  path: Packages/com.unity.test-framework/UnityEditor.TestRunner/NUnitExtension/Attributes/TestPlayerBuildModifierAttribute.cs
  artifactKey: Guid(dd57b1176859fc84e93586103d3b5f73) Importer(2089858483,b0f066a214c2f5e87bad3c948f4d605d)
Start importing Packages/com.unity.test-framework/UnityEditor.TestRunner/NUnitExtension/Attributes/TestPlayerBuildModifierAttribute.cs using Guid(dd57b1176859fc84e93586103d3b5f73) Importer(2089858483,b0f066a214c2f5e87bad3c948f4d605d) (ScriptedImporter) -> (artifact id: '9e5a81e73e35055423518aaceae5ac34') in 0.0078113 seconds
Number of updated asset objects reloaded before import = 0Number of asset objects unloaded after import = 0

========================================================================
Received Import Request.
  Time since last request: 0.000125 seconds.
  path: Packages/com.unity.test-framework/UnityEngine.TestRunner/Utils/CoroutineRunner.cs
  artifactKey: Guid(24a158219395ebf44a60547b97784ddc) Importer(2089858483,b0f066a214c2f5e87bad3c948f4d605d)
Start importing Packages/com.unity.test-framework/UnityEngine.TestRunner/Utils/CoroutineRunner.cs using Guid(24a158219395ebf44a60547b97784ddc) Importer(2089858483,b0f066a214c2f5e87bad3c948f4d605d) (ScriptedImporter) -> (artifact id: '0d3bef4f52a6c55789c9fa6d07f00e24') in 0.0063669 seconds
Number of updated asset objects reloaded before import = 0Number of asset objects unloaded after import = 0

========================================================================
Received Import Request.
  Time since last request: 0.000028 seconds.
  path: Packages/com.unity.test-framework/UnityEngine.TestRunner/NUnitExtensions/Filters/NonExplicitFilter.cs
  artifactKey: Guid(e948790d8b7e42e2abef6c45c5bc4c76) Importer(2089858483,b0f066a214c2f5e87bad3c948f4d605d)
Start importing Packages/com.unity.test-framework/UnityEngine.TestRunner/NUnitExtensions/Filters/NonExplicitFilter.cs using Guid(e948790d8b7e42e2abef6c45c5bc4c76) Importer(2089858483,b0f066a214c2f5e87bad3c948f4d605d) (ScriptedImporter) -> (artifact id: '5e0d54ab4de7818a8deb7870bbcf1dcb') in 0.0090093 seconds
Number of updated asset objects reloaded before import = 0Number of asset objects unloaded after import = 0

========================================================================
Received Import Request.
  Time since last request: 0.000186 seconds.
  path: Packages/com.unity.test-framework/UnityEngine.TestRunner/NUnitExtensions/Commands/TestActionCommand.cs
  artifactKey: Guid(2de8ba3b840049641897e0da7ce1d5cd) Importer(2089858483,b0f066a214c2f5e87bad3c948f4d605d)
Start importing Packages/com.unity.test-framework/UnityEngine.TestRunner/NUnitExtensions/Commands/TestActionCommand.cs using Guid(2de8ba3b840049641897e0da7ce1d5cd) Importer(2089858483,b0f066a214c2f5e87bad3c948f4d605d) (ScriptedImporter) -> (artifact id: 'ebf5a2abf4df995a56318305709d36dd') in 0.0084587 seconds
Number of updated asset objects reloaded before import = 0Number of asset objects unloaded after import = 0

========================================================================
Received Import Request.
  Time since last request: 0.000107 seconds.
  path: Packages/com.unity.test-framework/UnityEditor.TestRunner/TestRunner/Callbacks/WindowResultUpdater.cs
  artifactKey: Guid(6d468ee3657be7a43a2ef2178ec14239) Importer(2089858483,b0f066a214c2f5e87bad3c948f4d605d)
Start importing Packages/com.unity.test-framework/UnityEditor.TestRunner/TestRunner/Callbacks/WindowResultUpdater.cs using Guid(6d468ee3657be7a43a2ef2178ec14239) Importer(2089858483,b0f066a214c2f5e87bad3c948f4d605d) (ScriptedImporter) -> (artifact id: '7c63c1e336905f35d20a3308f2f083c9') in 0.0081291 seconds
Number of updated asset objects reloaded before import = 0Number of asset objects unloaded after import = 0

========================================================================
Received Import Request.
  Time since last request: 0.000051 seconds.
  path: Packages/com.unity.testtools.codecoverage/Editor/CoverageWindow/IncludedAssembliesPopupWindow.cs
  artifactKey: Guid(b706bbc1f4c2d0c4d8c44630579b20cb) Importer(2089858483,b0f066a214c2f5e87bad3c948f4d605d)
Start importing Packages/com.unity.testtools.codecoverage/Editor/CoverageWindow/IncludedAssembliesPopupWindow.cs using Guid(b706bbc1f4c2d0c4d8c44630579b20cb) Importer(2089858483,b0f066a214c2f5e87bad3c948f4d605d) (ScriptedImporter) -> (artifact id: '61ab8b7a8b36ad9d48d4c7a23fb57768') in 0.007481 seconds
Number of updated asset objects reloaded before import = 0Number of asset objects unloaded after import = 0

========================================================================
Received Import Request.
  Time since last request: 0.000077 seconds.
  path: Packages/com.unity.testtools.codecoverage/Editor/CoverageWindow/PathFilterType.cs
  artifactKey: Guid(6e885c435119d8f4ebb060111a1fa3d8) Importer(2089858483,b0f066a214c2f5e87bad3c948f4d605d)
Start importing Packages/com.unity.testtools.codecoverage/Editor/CoverageWindow/PathFilterType.cs using Guid(6e885c435119d8f4ebb060111a1fa3d8) Importer(2089858483,b0f066a214c2f5e87bad3c948f4d605d) (ScriptedImporter) -> (artifact id: '55c79932412fc5ed552511004ab52a95') in 0.007035 seconds
Number of updated asset objects reloaded before import = 0Number of asset objects unloaded after import = 0

========================================================================
Received Import Request.
  Time since last request: 0.000125 seconds.
  path: Packages/com.unity.test-framework/UnityEditor.TestRunner/Api/ExecutionSettings.cs
  artifactKey: Guid(eea34a28297f9bc4c9f4c573bc8d5d1c) Importer(2089858483,b0f066a214c2f5e87bad3c948f4d605d)
Start importing Packages/com.unity.test-framework/UnityEditor.TestRunner/Api/ExecutionSettings.cs using Guid(eea34a28297f9bc4c9f4c573bc8d5d1c) Importer(2089858483,b0f066a214c2f5e87bad3c948f4d605d) (ScriptedImporter) -> (artifact id: 'ea63bb6a14798030e21b22eb51ac107b') in 0.0072618 seconds
Number of updated asset objects reloaded before import = 0Number of asset objects unloaded after import = 0

========================================================================
Received Import Request.
  Time since last request: 0.000090 seconds.
  path: Packages/com.unity.testtools.codecoverage/Editor/CoverageWindow/FolderType.cs
  artifactKey: Guid(1f4b403c98301c44da49e4df4c5cb5b4) Importer(2089858483,b0f066a214c2f5e87bad3c948f4d605d)
Start importing Packages/com.unity.testtools.codecoverage/Editor/CoverageWindow/FolderType.cs using Guid(1f4b403c98301c44da49e4df4c5cb5b4) Importer(2089858483,b0f066a214c2f5e87bad3c948f4d605d) (ScriptedImporter) -> (artifact id: 'a6b4bafa8d83ebdb4ccb5e7ccee9b995') in 0.0079581 seconds
Number of updated asset objects reloaded before import = 0Number of asset objects unloaded after import = 0

========================================================================
Received Import Request.
  Time since last request: 0.000091 seconds.
  path: Packages/com.unity.test-framework/UnityEditor.TestRunner/TestLaunchers/PlaymodeLauncher.cs
  artifactKey: Guid(d3217d58bbd1d2b4aaee933e2e8b9195) Importer(2089858483,b0f066a214c2f5e87bad3c948f4d605d)
Start importing Packages/com.unity.test-framework/UnityEditor.TestRunner/TestLaunchers/PlaymodeLauncher.cs using Guid(d3217d58bbd1d2b4aaee933e2e8b9195) Importer(2089858483,b0f066a214c2f5e87bad3c948f4d605d) (ScriptedImporter) -> (artifact id: 'fb559984bda93710574c6a862652320a') in 0.0072717 seconds
Number of updated asset objects reloaded before import = 0Number of asset objects unloaded after import = 0

========================================================================
Received Import Request.
  Time since last request: 0.000079 seconds.
  path: Packages/com.unity.testtools.codecoverage/Editor/CoverageFormats/OpenCover/Model/File.cs
  artifactKey: Guid(4ea0122a5084b4beca6bbb008fea821e) Importer(2089858483,b0f066a214c2f5e87bad3c948f4d605d)
Start importing Packages/com.unity.testtools.codecoverage/Editor/CoverageFormats/OpenCover/Model/File.cs using Guid(4ea0122a5084b4beca6bbb008fea821e) Importer(2089858483,b0f066a214c2f5e87bad3c948f4d605d) (ScriptedImporter) -> (artifact id: 'dd08a1ce67f7308d00798b3605b37ff0') in 0.0069644 seconds
Number of updated asset objects reloaded before import = 0Number of asset objects unloaded after import = 0

========================================================================
Received Import Request.
  Time since last request: 0.000026 seconds.
  path: Packages/com.unity.test-framework/UnityEditor.TestRunner/TestLaunchers/RemotePlayerLogController.cs
  artifactKey: Guid(edd2a1fe1acbbde43aad39862bb3f4a8) Importer(2089858483,b0f066a214c2f5e87bad3c948f4d605d)
Start importing Packages/com.unity.test-framework/UnityEditor.TestRunner/TestLaunchers/RemotePlayerLogController.cs using Guid(edd2a1fe1acbbde43aad39862bb3f4a8) Importer(2089858483,b0f066a214c2f5e87bad3c948f4d605d) (ScriptedImporter) -> (artifact id: '7f80cb2b61e7293435a22dafa367cd78') in 0.0064674 seconds
Number of updated asset objects reloaded before import = 0Number of asset objects unloaded after import = 0

========================================================================
Received Import Request.
  Time since last request: 0.000139 seconds.
  path: Packages/com.unity.test-framework/UnityEditor.TestRunner/Api/ICallbacks.cs
  artifactKey: Guid(93eea84e53d0226479c9a584f19427b5) Importer(2089858483,b0f066a214c2f5e87bad3c948f4d605d)
Start importing Packages/com.unity.test-framework/UnityEditor.TestRunner/Api/ICallbacks.cs using Guid(93eea84e53d0226479c9a584f19427b5) Importer(2089858483,b0f066a214c2f5e87bad3c948f4d605d) (ScriptedImporter) -> (artifact id: '48ff8455b99ab9c3ecc29f7dd488ac11') in 0.0076259 seconds
Number of updated asset objects reloaded before import = 0Number of asset objects unloaded after import = 0

========================================================================
Received Import Request.
  Time since last request: 0.000072 seconds.
  path: Packages/com.unity.test-framework/UnityEngine.TestRunner/NUnitExtensions/Commands/EnumerableOneTimeSetUpTearDownCommand.cs
  artifactKey: Guid(df537bdce04d7964193fffe1cc99a343) Importer(2089858483,b0f066a214c2f5e87bad3c948f4d605d)
Start importing Packages/com.unity.test-framework/UnityEngine.TestRunner/NUnitExtensions/Commands/EnumerableOneTimeSetUpTearDownCommand.cs using Guid(df537bdce04d7964193fffe1cc99a343) Importer(2089858483,b0f066a214c2f5e87bad3c948f4d605d) (ScriptedImporter) -> (artifact id: '5939c171b401460cdc7db497d010411a') in 0.0070826 seconds
Number of updated asset objects reloaded before import = 0Number of asset objects unloaded after import = 0

========================================================================
Received Import Request.
  Time since last request: 0.000059 seconds.
  path: Packages/com.unity.test-framework/UnityEditor.TestRunner/Api/IErrorCallbacks.cs
  artifactKey: Guid(1a06c562b0c5eb046bcb876a29f93c98) Importer(2089858483,b0f066a214c2f5e87bad3c948f4d605d)
Start importing Packages/com.unity.test-framework/UnityEditor.TestRunner/Api/IErrorCallbacks.cs using Guid(1a06c562b0c5eb046bcb876a29f93c98) Importer(2089858483,b0f066a214c2f5e87bad3c948f4d605d) (ScriptedImporter) -> (artifact id: '9afa769dfaa174d4f49d16b598185703') in 0.0072565 seconds
Number of updated asset objects reloaded before import = 0Number of asset objects unloaded after import = 0

========================================================================
Received Import Request.
  Time since last request: 0.000148 seconds.
  path: Packages/com.unity.test-framework/UnityEngine.TestRunner/Assertions/UnexpectedLogMessageException.cs
  artifactKey: Guid(5b2eeca598284bd4abb4a15c30df1576) Importer(2089858483,b0f066a214c2f5e87bad3c948f4d605d)
Start importing Packages/com.unity.test-framework/UnityEngine.TestRunner/Assertions/UnexpectedLogMessageException.cs using Guid(5b2eeca598284bd4abb4a15c30df1576) Importer(2089858483,b0f066a214c2f5e87bad3c948f4d605d) (ScriptedImporter) -> (artifact id: 'b233f3c6325e8c1f9ee1741e658a8cc4') in 0.007417 seconds
Number of updated asset objects reloaded before import = 0Number of asset objects unloaded after import = 0

========================================================================
Received Import Request.
  Time since last request: 0.000084 seconds.
  path: Packages/com.unity.test-framework/UnityEngine.TestRunner/Utils/TestRunCallbackAttribute.cs
  artifactKey: Guid(76b3a3296de548f48b0c3d088fb4b490) Importer(2089858483,b0f066a214c2f5e87bad3c948f4d605d)
Start importing Packages/com.unity.test-framework/UnityEngine.TestRunner/Utils/TestRunCallbackAttribute.cs using Guid(76b3a3296de548f48b0c3d088fb4b490) Importer(2089858483,b0f066a214c2f5e87bad3c948f4d605d) (ScriptedImporter) -> (artifact id: '2d490cc00a604117dbba01257008ad7d') in 0.0075879 seconds
Number of updated asset objects reloaded before import = 0Number of asset objects unloaded after import = 0

========================================================================
Received Import Request.
  Time since last request: 0.000093 seconds.
  path: Packages/com.unity.test-framework/UnityEngine.TestRunner/NUnitExtensions/Commands/IgnoreTest.cs
  artifactKey: Guid(9bbdc426fc0a48e1b66deaac7ea8f64c) Importer(2089858483,b0f066a214c2f5e87bad3c948f4d605d)
Start importing Packages/com.unity.test-framework/UnityEngine.TestRunner/NUnitExtensions/Commands/IgnoreTest.cs using Guid(9bbdc426fc0a48e1b66deaac7ea8f64c) Importer(2089858483,b0f066a214c2f5e87bad3c948f4d605d) (ScriptedImporter) -> (artifact id: '2ba9e2c69d4600020acd01e77ce6f90e') in 0.0075976 seconds
Number of updated asset objects reloaded before import = 0Number of asset objects unloaded after import = 0

========================================================================
Received Import Request.
  Time since last request: 0.000106 seconds.
  path: Packages/com.unity.test-framework/UnityEditor.TestRunner/GUI/TestAssets/ActiveFolderTemplateAssetCreator.cs
  artifactKey: Guid(f47c66e80010e4020b6803b930eb432c) Importer(2089858483,b0f066a214c2f5e87bad3c948f4d605d)
Start importing Packages/com.unity.test-framework/UnityEditor.TestRunner/GUI/TestAssets/ActiveFolderTemplateAssetCreator.cs using Guid(f47c66e80010e4020b6803b930eb432c) Importer(2089858483,b0f066a214c2f5e87bad3c948f4d605d) (ScriptedImporter) -> (artifact id: '5f46a269ce99418fc8705062a85ed03f') in 0.008911 seconds
Number of updated asset objects reloaded before import = 0Number of asset objects unloaded after import = 0

========================================================================
Received Import Request.
  Time since last request: 0.000115 seconds.
  path: Packages/com.unity.test-framework/UnityEngine.TestRunner/NUnitExtensions/Runner/UnityTestExecutionContext.cs
  artifactKey: Guid(59ff995fabb3bac45afa0f96f333e5dc) Importer(2089858483,b0f066a214c2f5e87bad3c948f4d605d)
Start importing Packages/com.unity.test-framework/UnityEngine.TestRunner/NUnitExtensions/Runner/UnityTestExecutionContext.cs using Guid(59ff995fabb3bac45afa0f96f333e5dc) Importer(2089858483,b0f066a214c2f5e87bad3c948f4d605d) (ScriptedImporter) -> (artifact id: '5d63766ef8f94d9008e420221b58698e') in 0.0077937 seconds
Number of updated asset objects reloaded before import = 0Number of asset objects unloaded after import = 0

========================================================================
Received Import Request.
  Time since last request: 0.000081 seconds.
  path: Packages/com.unity.test-framework/UnityEditor.TestRunner/TestRunner/Utils/TestListJob.cs
  artifactKey: Guid(dec9066d4afefe444be0dad3f137730d) Importer(2089858483,b0f066a214c2f5e87bad3c948f4d605d)
Start importing Packages/com.unity.test-framework/UnityEditor.TestRunner/TestRunner/Utils/TestListJob.cs using Guid(dec9066d4afefe444be0dad3f137730d) Importer(2089858483,b0f066a214c2f5e87bad3c948f4d605d) (ScriptedImporter) -> (artifact id: 'a8cb527e2c1eedd3f9f8ba20ffc44676') in 0.0083926 seconds
Number of updated asset objects reloaded before import = 0Number of asset objects unloaded after import = 0

========================================================================
Received Import Request.
  Time since last request: 0.000120 seconds.
  path: Packages/com.unity.test-framework/UnityEngine.TestRunner/TestRunner/Callbacks/TestResultRenderer.cs
  artifactKey: Guid(5ebb87899ca30b743bb4274bc00c02b4) Importer(2089858483,b0f066a214c2f5e87bad3c948f4d605d)
Start importing Packages/com.unity.test-framework/UnityEngine.TestRunner/TestRunner/Callbacks/TestResultRenderer.cs using Guid(5ebb87899ca30b743bb4274bc00c02b4) Importer(2089858483,b0f066a214c2f5e87bad3c948f4d605d) (ScriptedImporter) -> (artifact id: '62a6f15031281f87f82b6982f26dfbad') in 0.0086038 seconds
Number of updated asset objects reloaded before import = 0Number of asset objects unloaded after import = 0

========================================================================
Received Import Request.
  Time since last request: 0.000192 seconds.
  path: Packages/com.unity.testtools.codecoverage/Editor/Events/SessionMode.cs
  artifactKey: Guid(2e527bb4ce87bf945b91e3d46cc73202) Importer(2089858483,b0f066a214c2f5e87bad3c948f4d605d)
Start importing Packages/com.unity.testtools.codecoverage/Editor/Events/SessionMode.cs using Guid(2e527bb4ce87bf945b91e3d46cc73202) Importer(2089858483,b0f066a214c2f5e87bad3c948f4d605d) (ScriptedImporter) -> (artifact id: 'be5f2e4739b80363fc6313a492a79c98') in 0.0071748 seconds
Number of updated asset objects reloaded before import = 0Number of asset objects unloaded after import = 0

========================================================================
Received Import Request.
  Time since last request: 0.000056 seconds.
  path: Packages/com.unity.testtools.codecoverage/Editor/CoverageReporterManager.cs
  artifactKey: Guid(6dea3ceed709149e5969d3c20ad1898d) Importer(2089858483,b0f066a214c2f5e87bad3c948f4d605d)
Start importing Packages/com.unity.testtools.codecoverage/Editor/CoverageReporterManager.cs using Guid(6dea3ceed709149e5969d3c20ad1898d) Importer(2089858483,b0f066a214c2f5e87bad3c948f4d605d) (ScriptedImporter) -> (artifact id: '4945a8bd24a1f29e7b8c87bd17d5e911') in 0.0071783 seconds
Number of updated asset objects reloaded before import = 0Number of asset objects unloaded after import = 0

========================================================================
Received Import Request.
  Time since last request: 0.000114 seconds.
  path: Packages/com.unity.testtools.codecoverage/Editor/CoverageResultWriterBase.cs
  artifactKey: Guid(028ecea1ebd36984e97fff009115e547) Importer(2089858483,b0f066a214c2f5e87bad3c948f4d605d)
Start importing Packages/com.unity.testtools.codecoverage/Editor/CoverageResultWriterBase.cs using Guid(028ecea1ebd36984e97fff009115e547) Importer(2089858483,b0f066a214c2f5e87bad3c948f4d605d) (ScriptedImporter) -> (artifact id: 'a71681eac4a10a064d1f30548d6a3094') in 0.0076605 seconds
Number of updated asset objects reloaded before import = 0Number of asset objects unloaded after import = 0

========================================================================
Received Import Request.
  Time since last request: 0.000043 seconds.
  path: Packages/com.unity.test-framework/UnityEngine.TestRunner/TestRunner/TestListenerWrapper.cs
  artifactKey: Guid(73deb9b8722aa284eab27c4dc90956c6) Importer(2089858483,b0f066a214c2f5e87bad3c948f4d605d)
Start importing Packages/com.unity.test-framework/UnityEngine.TestRunner/TestRunner/TestListenerWrapper.cs using Guid(73deb9b8722aa284eab27c4dc90956c6) Importer(2089858483,b0f066a214c2f5e87bad3c948f4d605d) (ScriptedImporter) -> (artifact id: '62efd65b1275c0b313efc26d3c4d6275') in 0.0203387 seconds
Number of updated asset objects reloaded before import = 0Number of asset objects unloaded after import = 0

========================================================================
Received Import Request.
  Time since last request: 0.000156 seconds.
  path: Packages/com.unity.test-framework/UnityEditor.TestRunner/Api/ITestResultAdaptor.cs
  artifactKey: Guid(4f90cfe4bf5cfb44f84a5b11387f2a42) Importer(2089858483,b0f066a214c2f5e87bad3c948f4d605d)
Start importing Packages/com.unity.test-framework/UnityEditor.TestRunner/Api/ITestResultAdaptor.cs using Guid(4f90cfe4bf5cfb44f84a5b11387f2a42) Importer(2089858483,b0f066a214c2f5e87bad3c948f4d605d) (ScriptedImporter) -> (artifact id: '1d4e1a416a59d916065c174440778798') in 0.0070675 seconds
Number of updated asset objects reloaded before import = 0Number of asset objects unloaded after import = 0

========================================================================
Received Import Request.
  Time since last request: 0.000119 seconds.
  path: Packages/com.unity.test-framework/UnityEditor.TestRunner/UnityTestProtocol/UtpMessageBuilder.cs
  artifactKey: Guid(319fe8cda376431bb7987d94f916819b) Importer(2089858483,b0f066a214c2f5e87bad3c948f4d605d)
Start importing Packages/com.unity.test-framework/UnityEditor.TestRunner/UnityTestProtocol/UtpMessageBuilder.cs using Guid(319fe8cda376431bb7987d94f916819b) Importer(2089858483,b0f066a214c2f5e87bad3c948f4d605d) (ScriptedImporter) -> (artifact id: '7c2379645df965ae7b49c02e12c73139') in 0.0075847 seconds
Number of updated asset objects reloaded before import = 0Number of asset objects unloaded after import = 0

========================================================================
Received Import Request.
  Time since last request: 0.000118 seconds.
  path: Packages/com.unity.test-framework/UnityEditor.TestRunner/GUI/Controls/MultiValueContentProvider.cs
  artifactKey: Guid(fb736ed47b6da4b499431bf9c6de5890) Importer(2089858483,b0f066a214c2f5e87bad3c948f4d605d)
Start importing Packages/com.unity.test-framework/UnityEditor.TestRunner/GUI/Controls/MultiValueContentProvider.cs using Guid(fb736ed47b6da4b499431bf9c6de5890) Importer(2089858483,b0f066a214c2f5e87bad3c948f4d605d) (ScriptedImporter) -> (artifact id: '0187a49927a151a5a41a10130ffac569') in 0.0070687 seconds
Number of updated asset objects reloaded before import = 0Number of asset objects unloaded after import = 0

========================================================================
Received Import Request.
  Time since last request: 0.000061 seconds.
  path: Packages/com.unity.testtools.codecoverage/Editor/CodeCoverage.cs
  artifactKey: Guid(baf0187acde1d4a4d8183adbd25f4941) Importer(2089858483,b0f066a214c2f5e87bad3c948f4d605d)
Start importing Packages/com.unity.testtools.codecoverage/Editor/CodeCoverage.cs using Guid(baf0187acde1d4a4d8183adbd25f4941) Importer(2089858483,b0f066a214c2f5e87bad3c948f4d605d) (ScriptedImporter) -> (artifact id: '16725c488f8bfefc606b28652384c698') in 0.0082557 seconds
Number of updated asset objects reloaded before import = 0Number of asset objects unloaded after import = 0

========================================================================
Received Import Request.
  Time since last request: 0.000105 seconds.
  path: Packages/com.unity.test-framework/UnityEngine.TestRunner/NUnitExtensions/Runner/UnityLogCheckDelegatingCommand.cs
  artifactKey: Guid(48230e4e90fb4d14a9d56bddea898413) Importer(2089858483,b0f066a214c2f5e87bad3c948f4d605d)
Start importing Packages/com.unity.test-framework/UnityEngine.TestRunner/NUnitExtensions/Runner/UnityLogCheckDelegatingCommand.cs using Guid(48230e4e90fb4d14a9d56bddea898413) Importer(2089858483,b0f066a214c2f5e87bad3c948f4d605d) (ScriptedImporter) -> (artifact id: '7eb12d8a9433072b0d444f383d97aa59') in 0.008191 seconds
Number of updated asset objects reloaded before import = 0Number of asset objects unloaded after import = 0

========================================================================
Received Import Request.
  Time since last request: 0.000208 seconds.
  path: Packages/com.unity.test-framework/UnityEngine.TestRunner/NUnitExtensions/UnityTestAssemblyBuilder.cs
  artifactKey: Guid(98ba0396e4b4ee8498a8f097affcfddf) Importer(2089858483,b0f066a214c2f5e87bad3c948f4d605d)
Start importing Packages/com.unity.test-framework/UnityEngine.TestRunner/NUnitExtensions/UnityTestAssemblyBuilder.cs using Guid(98ba0396e4b4ee8498a8f097affcfddf) Importer(2089858483,b0f066a214c2f5e87bad3c948f4d605d) (ScriptedImporter) -> (artifact id: '4446231a97c307ded37ba6b903811fdc') in 0.0082982 seconds
Number of updated asset objects reloaded before import = 0Number of asset objects unloaded after import = 0

========================================================================
Received Import Request.
  Time since last request: 0.000057 seconds.
  path: Packages/com.unity.test-framework/UnityEditor.TestRunner/TestRun/Tasks/CleanUpContext.cs
  artifactKey: Guid(1c97cd557b334b27bc325649466d1872) Importer(2089858483,b0f066a214c2f5e87bad3c948f4d605d)
Start importing Packages/com.unity.test-framework/UnityEditor.TestRunner/TestRun/Tasks/CleanUpContext.cs using Guid(1c97cd557b334b27bc325649466d1872) Importer(2089858483,b0f066a214c2f5e87bad3c948f4d605d) (ScriptedImporter) -> (artifact id: 'c48546a7a3c7d1fe433ed4afde1b8917') in 0.0073911 seconds
Number of updated asset objects reloaded before import = 0Number of asset objects unloaded after import = 0

========================================================================
Received Import Request.
  Time since last request: 0.000125 seconds.
  path: Packages/com.unity.test-framework/UnityEngine.TestRunner/TestRunner/RemoteHelpers/IRemoteTestResultDataFactory.cs
  artifactKey: Guid(874c0713cdc44f549b0161750b48d2c2) Importer(2089858483,b0f066a214c2f5e87bad3c948f4d605d)
Start importing Packages/com.unity.test-framework/UnityEngine.TestRunner/TestRunner/RemoteHelpers/IRemoteTestResultDataFactory.cs using Guid(874c0713cdc44f549b0161750b48d2c2) Importer(2089858483,b0f066a214c2f5e87bad3c948f4d605d) (ScriptedImporter) -> (artifact id: '85f13cec0fbbfb352d03dea7088165d0') in 0.0083132 seconds
Number of updated asset objects reloaded before import = 0Number of asset objects unloaded after import = 0

========================================================================
Received Import Request.
  Time since last request: 0.000025 seconds.
  path: Packages/com.unity.test-framework/UnityEditor.TestRunner/TestRun/Tasks/RestoreProjectSettingsTask.cs
  artifactKey: Guid(0f691f67e4ca49a386e31761b0ff8238) Importer(2089858483,b0f066a214c2f5e87bad3c948f4d605d)
Start importing Packages/com.unity.test-framework/UnityEditor.TestRunner/TestRun/Tasks/RestoreProjectSettingsTask.cs using Guid(0f691f67e4ca49a386e31761b0ff8238) Importer(2089858483,b0f066a214c2f5e87bad3c948f4d605d) (ScriptedImporter) -> (artifact id: '33902078417cffd3a33855196b97543b') in 0.009676 seconds
Number of updated asset objects reloaded before import = 0Number of asset objects unloaded after import = 0

========================================================================
Received Import Request.
  Time since last request: 0.000156 seconds.
  path: Packages/com.unity.test-framework/UnityEditor.TestRunner/TestRun/ITestJobRunner.cs
  artifactKey: Guid(8173ba5b162e4e5882521d173c36acec) Importer(2089858483,b0f066a214c2f5e87bad3c948f4d605d)
Start importing Packages/com.unity.test-framework/UnityEditor.TestRunner/TestRun/ITestJobRunner.cs using Guid(8173ba5b162e4e5882521d173c36acec) Importer(2089858483,b0f066a214c2f5e87bad3c948f4d605d) (ScriptedImporter) -> (artifact id: 'bfb2d181c62f84981e9d6f8c16da8216') in 0.0071458 seconds
Number of updated asset objects reloaded before import = 0Number of asset objects unloaded after import = 0

========================================================================
Received Import Request.
  Time since last request: 0.000107 seconds.
  path: Packages/com.unity.test-framework/UnityEditor.TestRunner/TestRunner/Utils/EditorAssembliesProxy.cs
  artifactKey: Guid(f96d0ea807c081145a1170ed1b6d71e0) Importer(2089858483,b0f066a214c2f5e87bad3c948f4d605d)
Start importing Packages/com.unity.test-framework/UnityEditor.TestRunner/TestRunner/Utils/EditorAssembliesProxy.cs using Guid(f96d0ea807c081145a1170ed1b6d71e0) Importer(2089858483,b0f066a214c2f5e87bad3c948f4d605d) (ScriptedImporter) -> (artifact id: '8fd12de781a07f4f6c69cc42ed5d8c1e') in 0.0072255 seconds
Number of updated asset objects reloaded before import = 0Number of asset objects unloaded after import = 0

========================================================================
Received Import Request.
  Time since last request: 0.000091 seconds.
  path: Packages/com.unity.testtools.codecoverage/Editor/Analytics/CoverageAnalyticsEnums.cs
  artifactKey: Guid(8c48d8f720c034b76b1b35677c05170e) Importer(2089858483,b0f066a214c2f5e87bad3c948f4d605d)
Start importing Packages/com.unity.testtools.codecoverage/Editor/Analytics/CoverageAnalyticsEnums.cs using Guid(8c48d8f720c034b76b1b35677c05170e) Importer(2089858483,b0f066a214c2f5e87bad3c948f4d605d) (ScriptedImporter) -> (artifact id: '8e71f0a782ea451a70f80a37de607fa5') in 0.0070468 seconds
Number of updated asset objects reloaded before import = 0Number of asset objects unloaded after import = 0

========================================================================
Received Import Request.
  Time since last request: 0.000044 seconds.
  path: Packages/com.unity.test-framework/UnityEditor.TestRunner/GUI/TestAssets/FolderPathTestCompilationContextProvider.cs
  artifactKey: Guid(3d92c578e28043ef95d4b703e008be64) Importer(2089858483,b0f066a214c2f5e87bad3c948f4d605d)
Start importing Packages/com.unity.test-framework/UnityEditor.TestRunner/GUI/TestAssets/FolderPathTestCompilationContextProvider.cs using Guid(3d92c578e28043ef95d4b703e008be64) Importer(2089858483,b0f066a214c2f5e87bad3c948f4d605d) (ScriptedImporter) -> (artifact id: '0735870b03162995e92fde4159049571') in 0.0073388 seconds
Number of updated asset objects reloaded before import = 0Number of asset objects unloaded after import = 0

========================================================================
Received Import Request.
  Time since last request: 0.000023 seconds.
  path: Packages/com.unity.test-framework/UnityEditor.TestRunner/CommandLineTest/RunData.cs
  artifactKey: Guid(3f8c1075884df0249b80e23a0598f9c1) Importer(2089858483,b0f066a214c2f5e87bad3c948f4d605d)
Start importing Packages/com.unity.test-framework/UnityEditor.TestRunner/CommandLineTest/RunData.cs using Guid(3f8c1075884df0249b80e23a0598f9c1) Importer(2089858483,b0f066a214c2f5e87bad3c948f4d605d) (ScriptedImporter) -> (artifact id: '66b406fa0f52628e77e9db80e1481027') in 0.0068903 seconds
Number of updated asset objects reloaded before import = 0Number of asset objects unloaded after import = 0

========================================================================
Received Import Request.
  Time since last request: 0.000083 seconds.
  path: Packages/com.unity.test-framework/UnityEditor.TestRunner/TestRun/Tasks/EnableTestOutLoggerTask.cs
  artifactKey: Guid(1a9f3fcee3bd2334593373b00d7b5ca2) Importer(2089858483,b0f066a214c2f5e87bad3c948f4d605d)
Start importing Packages/com.unity.test-framework/UnityEditor.TestRunner/TestRun/Tasks/EnableTestOutLoggerTask.cs using Guid(1a9f3fcee3bd2334593373b00d7b5ca2) Importer(2089858483,b0f066a214c2f5e87bad3c948f4d605d) (ScriptedImporter) -> (artifact id: '1d31157ff9398689606ca9ed505707f0') in 0.0072404 seconds
Number of updated asset objects reloaded before import = 0Number of asset objects unloaded after import = 0

========================================================================
Received Import Request.
  Time since last request: 0.000108 seconds.
  path: Packages/com.unity.testtools.codecoverage/Editor/CoverageFormats/OpenCover/OpenCoverReporter.cs
  artifactKey: Guid(258e29582df66a741937fe410463ad97) Importer(2089858483,b0f066a214c2f5e87bad3c948f4d605d)
Start importing Packages/com.unity.testtools.codecoverage/Editor/CoverageFormats/OpenCover/OpenCoverReporter.cs using Guid(258e29582df66a741937fe410463ad97) Importer(2089858483,b0f066a214c2f5e87bad3c948f4d605d) (ScriptedImporter) -> (artifact id: 'b7406000bd0568d3100783f3235e9b8f') in 0.0090759 seconds
Number of updated asset objects reloaded before import = 0Number of asset objects unloaded after import = 0

========================================================================
Received Import Request.
  Time since last request: 0.000128 seconds.
  path: Packages/com.unity.test-framework/UnityEngine.TestRunner/TestRunner/RemoteHelpers/RemoteTestData.cs
  artifactKey: Guid(b135ec222fdcd11468014c90d11d6821) Importer(2089858483,b0f066a214c2f5e87bad3c948f4d605d)
Start importing Packages/com.unity.test-framework/UnityEngine.TestRunner/TestRunner/RemoteHelpers/RemoteTestData.cs using Guid(b135ec222fdcd11468014c90d11d6821) Importer(2089858483,b0f066a214c2f5e87bad3c948f4d605d) (ScriptedImporter) -> (artifact id: '45d1701c403ac513ed0bc0cc30261b92') in 0.0079774 seconds
Number of updated asset objects reloaded before import = 0Number of asset objects unloaded after import = 0

========================================================================
Received Import Request.
  Time since last request: 0.000145 seconds.
  path: Packages/com.unity.test-framework/UnityEditor.TestRunner/TestLaunchers/PlatformSetup/StadiaPlatformSetup.cs
  artifactKey: Guid(fa19b42bd3dc35e40a618448bd330270) Importer(2089858483,b0f066a214c2f5e87bad3c948f4d605d)
Start importing Packages/com.unity.test-framework/UnityEditor.TestRunner/TestLaunchers/PlatformSetup/StadiaPlatformSetup.cs using Guid(fa19b42bd3dc35e40a618448bd330270) Importer(2089858483,b0f066a214c2f5e87bad3c948f4d605d) (ScriptedImporter) -> (artifact id: '5077be83c9c151ddbe82f38cb3fca445') in 0.0082795 seconds
Number of updated asset objects reloaded before import = 0Number of asset objects unloaded after import = 0

========================================================================
Received Import Request.
  Time since last request: 0.000143 seconds.
  path: Packages/com.unity.test-framework/UnityEditor.TestRunner/CommandLineParser/ICommandLineOption.cs
  artifactKey: Guid(f445ca0c614a846449fcd8ae648c24e2) Importer(2089858483,b0f066a214c2f5e87bad3c948f4d605d)
Start importing Packages/com.unity.test-framework/UnityEditor.TestRunner/CommandLineParser/ICommandLineOption.cs using Guid(f445ca0c614a846449fcd8ae648c24e2) Importer(2089858483,b0f066a214c2f5e87bad3c948f4d605d) (ScriptedImporter) -> (artifact id: '51ec3dc8e7b403fb8210a1ebeae04e1b') in 0.0077675 seconds
Number of updated asset objects reloaded before import = 0Number of asset objects unloaded after import = 0

========================================================================
Received Import Request.
  Time since last request: 0.000095 seconds.
  path: Packages/com.unity.testtools.codecoverage/Editor/CoverageWindow/FolderDropDownMenu.cs
  artifactKey: Guid(efa0ff6842a348049864f8312e42ec4b) Importer(2089858483,b0f066a214c2f5e87bad3c948f4d605d)
Start importing Packages/com.unity.testtools.codecoverage/Editor/CoverageWindow/FolderDropDownMenu.cs using Guid(efa0ff6842a348049864f8312e42ec4b) Importer(2089858483,b0f066a214c2f5e87bad3c948f4d605d) (ScriptedImporter) -> (artifact id: '74b593d5811ae1917ec04f9aa53e0da8') in 0.007324 seconds
Number of updated asset objects reloaded before import = 0Number of asset objects unloaded after import = 0

========================================================================
Received Import Request.
  Time since last request: 0.000098 seconds.
  path: Packages/com.unity.test-framework/UnityEditor.TestRunner/TestRun/Tasks/CleanupConstructDelegatorTask.cs
  artifactKey: Guid(a155fee568ce42a4b561ee3a27d88532) Importer(2089858483,b0f066a214c2f5e87bad3c948f4d605d)
Start importing Packages/com.unity.test-framework/UnityEditor.TestRunner/TestRun/Tasks/CleanupConstructDelegatorTask.cs using Guid(a155fee568ce42a4b561ee3a27d88532) Importer(2089858483,b0f066a214c2f5e87bad3c948f4d605d) (ScriptedImporter) -> (artifact id: '25b03bcc0daff9755b9ac974c0cec849') in 0.0089899 seconds
Number of updated asset objects reloaded before import = 0Number of asset objects unloaded after import = 0

========================================================================
Received Import Request.
  Time since last request: 0.000113 seconds.
  path: Packages/com.unity.test-framework/UnityEngine.TestRunner/Utils/TestMode.cs
  artifactKey: Guid(d1bd8de22dbd64d6ea3e35a46217cb9b) Importer(2089858483,b0f066a214c2f5e87bad3c948f4d605d)
Start importing Packages/com.unity.test-framework/UnityEngine.TestRunner/Utils/TestMode.cs using Guid(d1bd8de22dbd64d6ea3e35a46217cb9b) Importer(2089858483,b0f066a214c2f5e87bad3c948f4d605d) (ScriptedImporter) -> (artifact id: '628e41b265f4f98b5528d696e9f0b611') in 0.0067303 seconds
Number of updated asset objects reloaded before import = 0Number of asset objects unloaded after import = 0

========================================================================
Received Import Request.
  Time since last request: 0.000110 seconds.
  path: Packages/com.unity.testtools.codecoverage/Editor/CommandLineParser/CommandLineOption.cs
  artifactKey: Guid(b33e1d48774f68f479218e97f4ca4a8e) Importer(2089858483,b0f066a214c2f5e87bad3c948f4d605d)
Start importing Packages/com.unity.testtools.codecoverage/Editor/CommandLineParser/CommandLineOption.cs using Guid(b33e1d48774f68f479218e97f4ca4a8e) Importer(2089858483,b0f066a214c2f5e87bad3c948f4d605d) (ScriptedImporter) -> (artifact id: 'b1a904040276faad2602603d7168cf33') in 0.0068681 seconds
Number of updated asset objects reloaded before import = 0Number of asset objects unloaded after import = 0

========================================================================
Received Import Request.
  Time since last request: 0.000037 seconds.
  path: Packages/com.unity.ugui/Runtime/UGUI/UI/Core/VertexModifiers/Shadow.cs
  artifactKey: Guid(cfabb0440166ab443bba8876756fdfa9) Importer(2089858483,b0f066a214c2f5e87bad3c948f4d605d)
Start importing Packages/com.unity.ugui/Runtime/UGUI/UI/Core/VertexModifiers/Shadow.cs using Guid(cfabb0440166ab443bba8876756fdfa9) Importer(2089858483,b0f066a214c2f5e87bad3c948f4d605d) (ScriptedImporter) -> (artifact id: '780b4db5c2642be70b2aff682a23ec19') in 0.0079965 seconds
Number of updated asset objects reloaded before import = 0Number of asset objects unloaded after import = 0

========================================================================
Received Import Request.
  Time since last request: 0.000072 seconds.
  path: Packages/com.unity.testtools.codecoverage/Editor/Icons/d_FolderOpened@2x.png
  artifactKey: Guid(327ac160fa4588b4ab06124fe53fdbd1) Importer(2089858483,b0f066a214c2f5e87bad3c948f4d605d)
Start importing Packages/com.unity.testtools.codecoverage/Editor/Icons/d_FolderOpened@2x.png using Guid(327ac160fa4588b4ab06124fe53fdbd1) Importer(2089858483,b0f066a214c2f5e87bad3c948f4d605d) (ScriptedImporter) -> (artifact id: 'c69bfe092d736de38dfbd03eeb4bf3b5') in 0.0164459 seconds
Number of updated asset objects reloaded before import = 0Number of asset objects unloaded after import = 1

========================================================================
Received Import Request.
  Time since last request: 0.000046 seconds.
  path: Packages/com.unity.test-framework/UnityEditor.TestRunner/Api/CallbacksDelegator.cs
  artifactKey: Guid(0de03ebd74e2b474fa23d05ab42d0cd8) Importer(2089858483,b0f066a214c2f5e87bad3c948f4d605d)
Start importing Packages/com.unity.test-framework/UnityEditor.TestRunner/Api/CallbacksDelegator.cs using Guid(0de03ebd74e2b474fa23d05ab42d0cd8) Importer(2089858483,b0f066a214c2f5e87bad3c948f4d605d) (ScriptedImporter) -> (artifact id: 'd57b9c5c581fc0c9cb002e3bf0c390b9') in 0.0078546 seconds
Number of updated asset objects reloaded before import = 0Number of asset objects unloaded after import = 0

========================================================================
Received Import Request.
  Time since last request: 0.000067 seconds.
  path: Packages/com.unity.test-framework/UnityEngine.TestRunner/NUnitExtensions/Commands/TimeoutCommand.cs
  artifactKey: Guid(7d2d4145ec6c42dabb2d7af8e58224db) Importer(2089858483,b0f066a214c2f5e87bad3c948f4d605d)
Start importing Packages/com.unity.test-framework/UnityEngine.TestRunner/NUnitExtensions/Commands/TimeoutCommand.cs using Guid(7d2d4145ec6c42dabb2d7af8e58224db) Importer(2089858483,b0f066a214c2f5e87bad3c948f4d605d) (ScriptedImporter) -> (artifact id: 'cddff18612971f3efb92877f36d5027a') in 0.0080769 seconds
Number of updated asset objects reloaded before import = 0Number of asset objects unloaded after import = 0

========================================================================
Received Import Request.
  Time since last request: 0.000102 seconds.
  path: Packages/com.unity.test-framework/UnityEditor.TestRunner/TestRunner/Messages/EnterPlayMode.cs
  artifactKey: Guid(9bd5a110ed89025499ddee8c7e73778e) Importer(2089858483,b0f066a214c2f5e87bad3c948f4d605d)
Start importing Packages/com.unity.test-framework/UnityEditor.TestRunner/TestRunner/Messages/EnterPlayMode.cs using Guid(9bd5a110ed89025499ddee8c7e73778e) Importer(2089858483,b0f066a214c2f5e87bad3c948f4d605d) (ScriptedImporter) -> (artifact id: '1e72e23d6eea5d5cbf48f068b2163761') in 0.0084678 seconds
Number of updated asset objects reloaded before import = 0Number of asset objects unloaded after import = 0

========================================================================
Received Import Request.
  Time since last request: 0.000089 seconds.
  path: Packages/com.unity.test-framework/UnityEditor.TestRunner/TestRun/ITestJobDataHolder.cs
  artifactKey: Guid(7d0a7ea6062a4f42bcea6cb642817537) Importer(2089858483,b0f066a214c2f5e87bad3c948f4d605d)
Start importing Packages/com.unity.test-framework/UnityEditor.TestRunner/TestRun/ITestJobDataHolder.cs using Guid(7d0a7ea6062a4f42bcea6cb642817537) Importer(2089858483,b0f066a214c2f5e87bad3c948f4d605d) (ScriptedImporter) -> (artifact id: '943cc6436267bf7b0c4d614c86b37230') in 0.0083258 seconds
Number of updated asset objects reloaded before import = 0Number of asset objects unloaded after import = 0

========================================================================
Received Import Request.
  Time since last request: 0.000087 seconds.
  path: Packages/com.unity.test-framework/UnityEngine.TestRunner/AssemblyInfo.cs
  artifactKey: Guid(cc22cc13b69c1094c85e176c008b9ef8) Importer(2089858483,b0f066a214c2f5e87bad3c948f4d605d)
Start importing Packages/com.unity.test-framework/UnityEngine.TestRunner/AssemblyInfo.cs using Guid(cc22cc13b69c1094c85e176c008b9ef8) Importer(2089858483,b0f066a214c2f5e87bad3c948f4d605d) (ScriptedImporter) -> (artifact id: '95f1b85b64b72e7fcfa82e4442d23fa5') in 0.0078366 seconds
Number of updated asset objects reloaded before import = 0Number of asset objects unloaded after import = 0

========================================================================
Received Import Request.
  Time since last request: 0.000090 seconds.
  path: Packages/com.unity.test-framework/UnityEngine.TestRunner/TestRunner/RemoteHelpers/RemoteTestResultDataFactory.cs
  artifactKey: Guid(826b6becaef90fb458eedebe4c2f3664) Importer(2089858483,b0f066a214c2f5e87bad3c948f4d605d)
Start importing Packages/com.unity.test-framework/UnityEngine.TestRunner/TestRunner/RemoteHelpers/RemoteTestResultDataFactory.cs using Guid(826b6becaef90fb458eedebe4c2f3664) Importer(2089858483,b0f066a214c2f5e87bad3c948f4d605d) (ScriptedImporter) -> (artifact id: '4b1a83eaf8e503b14584c111f2e7602e') in 0.0068511 seconds
Number of updated asset objects reloaded before import = 0Number of asset objects unloaded after import = 0

========================================================================
Received Import Request.
  Time since last request: 0.000096 seconds.
  path: Packages/com.unity.test-framework/UnityEditor.TestRunner/TestRunner/EnumeratorStepHelper.cs
  artifactKey: Guid(901b761c5c1e22d4e8a3ba7d95bc1f5d) Importer(2089858483,b0f066a214c2f5e87bad3c948f4d605d)
Start importing Packages/com.unity.test-framework/UnityEditor.TestRunner/TestRunner/EnumeratorStepHelper.cs using Guid(901b761c5c1e22d4e8a3ba7d95bc1f5d) Importer(2089858483,b0f066a214c2f5e87bad3c948f4d605d) (ScriptedImporter) -> (artifact id: '07b9f398878a1a4a8dab348ef0ab67ee') in 0.0073668 seconds
Number of updated asset objects reloaded before import = 0Number of asset objects unloaded after import = 0

========================================================================
Received Import Request.
  Time since last request: 0.000054 seconds.
  path: Packages/com.unity.testtools.codecoverage/Editor/Icons/FolderOpened.png
  artifactKey: Guid(1935829ae7024da448814ef05b31e6c4) Importer(2089858483,b0f066a214c2f5e87bad3c948f4d605d)
Start importing Packages/com.unity.testtools.codecoverage/Editor/Icons/FolderOpened.png using Guid(1935829ae7024da448814ef05b31e6c4) Importer(2089858483,b0f066a214c2f5e87bad3c948f4d605d) (ScriptedImporter) -> (artifact id: '31ed7740b26abdc4628a2e61f6eb0c77') in 0.0157562 seconds
Number of updated asset objects reloaded before import = 0Number of asset objects unloaded after import = 1

========================================================================
Received Import Request.
  Time since last request: 0.000053 seconds.
  path: Packages/com.unity.testtools.codecoverage/Editor/CoverageWindow/IncludedAssembliesTreeView.cs
  artifactKey: Guid(c5a93638351266e418ccf0b46460a46e) Importer(2089858483,b0f066a214c2f5e87bad3c948f4d605d)
Start importing Packages/com.unity.testtools.codecoverage/Editor/CoverageWindow/IncludedAssembliesTreeView.cs using Guid(c5a93638351266e418ccf0b46460a46e) Importer(2089858483,b0f066a214c2f5e87bad3c948f4d605d) (ScriptedImporter) -> (artifact id: '96c75d233dd502986ff2fef3404a132a') in 0.0073292 seconds
Number of updated asset objects reloaded before import = 0Number of asset objects unloaded after import = 0

========================================================================
Received Import Request.
  Time since last request: 0.000105 seconds.
  path: Packages/com.unity.test-framework/UnityEngine.TestRunner/Assertions/LogScope/LogEvent.cs
  artifactKey: Guid(0c56471f08a0f6846afc792f0b4205b9) Importer(2089858483,b0f066a214c2f5e87bad3c948f4d605d)
Start importing Packages/com.unity.test-framework/UnityEngine.TestRunner/Assertions/LogScope/LogEvent.cs using Guid(0c56471f08a0f6846afc792f0b4205b9) Importer(2089858483,b0f066a214c2f5e87bad3c948f4d605d) (ScriptedImporter) -> (artifact id: 'e3eed02d3a6ba027be2addecac082b01') in 0.0080148 seconds
Number of updated asset objects reloaded before import = 0Number of asset objects unloaded after import = 0

========================================================================
Received Import Request.
  Time since last request: 0.000096 seconds.
  path: Packages/com.unity.ugui/Tests/Runtime/UGUI/EventSystem/InputModuleTests/MouseUpdate.cs
  artifactKey: Guid(19c6f364c1e81cb4f829a057824639ad) Importer(2089858483,b0f066a214c2f5e87bad3c948f4d605d)
Start importing Packages/com.unity.ugui/Tests/Runtime/UGUI/EventSystem/InputModuleTests/MouseUpdate.cs using Guid(19c6f364c1e81cb4f829a057824639ad) Importer(2089858483,b0f066a214c2f5e87bad3c948f4d605d) (ScriptedImporter) -> (artifact id: 'abd1697c5080c6e0552bb01123d83240') in 0.0075403 seconds
Number of updated asset objects reloaded before import = 0Number of asset objects unloaded after import = 0

========================================================================
Received Import Request.
  Time since last request: 0.000162 seconds.
  path: Packages/com.unity.test-framework/UnityEditor.TestRunner/TestRun/TaskList.cs
  artifactKey: Guid(b1516a46a16d458e8debc6b459b107ea) Importer(2089858483,b0f066a214c2f5e87bad3c948f4d605d)
Start importing Packages/com.unity.test-framework/UnityEditor.TestRunner/TestRun/TaskList.cs using Guid(b1516a46a16d458e8debc6b459b107ea) Importer(2089858483,b0f066a214c2f5e87bad3c948f4d605d) (ScriptedImporter) -> (artifact id: '1423edd6c21cb0afba55734002f2d3be') in 0.0071849 seconds
Number of updated asset objects reloaded before import = 0Number of asset objects unloaded after import = 0

========================================================================
Received Import Request.
  Time since last request: 0.000258 seconds.
  path: Packages/com.unity.test-framework/UnityEngine.TestRunner/Utils/PostBuildCleanupWithTestDataAttribute.cs
  artifactKey: Guid(e440d63dae5d049ca83c823c9f246b17) Importer(2089858483,b0f066a214c2f5e87bad3c948f4d605d)
Start importing Packages/com.unity.test-framework/UnityEngine.TestRunner/Utils/PostBuildCleanupWithTestDataAttribute.cs using Guid(e440d63dae5d049ca83c823c9f246b17) Importer(2089858483,b0f066a214c2f5e87bad3c948f4d605d) (ScriptedImporter) -> (artifact id: '79b94e6dcea2cb7d2216cdf9f1c97495') in 0.0068495 seconds
Number of updated asset objects reloaded before import = 0Number of asset objects unloaded after import = 0

========================================================================
Received Import Request.
  Time since last request: 0.000116 seconds.
  path: Packages/com.unity.test-framework/UnityEngine.TestRunner/NUnitExtensions/Commands/BeforeAfterTestCommandBase.cs
  artifactKey: Guid(cbbca1d8a0434be4bbc7f165523763ac) Importer(2089858483,b0f066a214c2f5e87bad3c948f4d605d)
Start importing Packages/com.unity.test-framework/UnityEngine.TestRunner/NUnitExtensions/Commands/BeforeAfterTestCommandBase.cs using Guid(cbbca1d8a0434be4bbc7f165523763ac) Importer(2089858483,b0f066a214c2f5e87bad3c948f4d605d) (ScriptedImporter) -> (artifact id: '3e3d8ca5fd182bf86636baaa51fdf3dd') in 0.0079771 seconds
Number of updated asset objects reloaded before import = 0Number of asset objects unloaded after import = 0

========================================================================
Received Import Request.
  Time since last request: 0.000074 seconds.
  path: Packages/com.unity.testtools.codecoverage/Editor/Events/CoverageEventData.cs
  artifactKey: Guid(cc233d649a6d0ea479f4e4fd4af4e4a9) Importer(2089858483,b0f066a214c2f5e87bad3c948f4d605d)
Start importing Packages/com.unity.testtools.codecoverage/Editor/Events/CoverageEventData.cs using Guid(cc233d649a6d0ea479f4e4fd4af4e4a9) Importer(2089858483,b0f066a214c2f5e87bad3c948f4d605d) (ScriptedImporter) -> (artifact id: '050321ac2acd900562b36ea94e5cc4cc') in 0.0085591 seconds
Number of updated asset objects reloaded before import = 0Number of asset objects unloaded after import = 0

========================================================================
Received Import Request.
  Time since last request: 0.000111 seconds.
  path: Packages/com.unity.test-framework/UnityEngine.TestRunner/NUnitExtensions/Filters/FullNameFilter.cs
  artifactKey: Guid(f07fb40f4e944ebeb84eb8f8a6bb5b13) Importer(2089858483,b0f066a214c2f5e87bad3c948f4d605d)
Start importing Packages/com.unity.test-framework/UnityEngine.TestRunner/NUnitExtensions/Filters/FullNameFilter.cs using Guid(f07fb40f4e944ebeb84eb8f8a6bb5b13) Importer(2089858483,b0f066a214c2f5e87bad3c948f4d605d) (ScriptedImporter) -> (artifact id: '120a319341c14ed5255fb07b72238728') in 0.0074093 seconds
Number of updated asset objects reloaded before import = 0Number of asset objects unloaded after import = 0

========================================================================
Received Import Request.
  Time since last request: 0.000104 seconds.
  path: Packages/com.unity.test-framework/UnityEngine.TestRunner/Assertions/UnhandledLogMessageException.cs
  artifactKey: Guid(a8ed4063f2beecd41a234a582202f3c4) Importer(2089858483,b0f066a214c2f5e87bad3c948f4d605d)
Start importing Packages/com.unity.test-framework/UnityEngine.TestRunner/Assertions/UnhandledLogMessageException.cs using Guid(a8ed4063f2beecd41a234a582202f3c4) Importer(2089858483,b0f066a214c2f5e87bad3c948f4d605d) (ScriptedImporter) -> (artifact id: '40b54cfd7dbd485ce4140b3fe92e7385') in 0.0071575 seconds
Number of updated asset objects reloaded before import = 0Number of asset objects unloaded after import = 0

========================================================================
Received Import Request.
  Time since last request: 0.000106 seconds.
  path: Packages/com.unity.test-framework/UnityEngine.TestRunner/TestRunner/RemoteHelpers/RemoteTestResultDataWithTestData.cs
  artifactKey: Guid(475e3699f219c854f8581a9838135002) Importer(2089858483,b0f066a214c2f5e87bad3c948f4d605d)
Start importing Packages/com.unity.test-framework/UnityEngine.TestRunner/TestRunner/RemoteHelpers/RemoteTestResultDataWithTestData.cs using Guid(475e3699f219c854f8581a9838135002) Importer(2089858483,b0f066a214c2f5e87bad3c948f4d605d) (ScriptedImporter) -> (artifact id: '2f11fa47b1de79dd89dc1126f8fabd16') in 0.0066867 seconds
Number of updated asset objects reloaded before import = 0Number of asset objects unloaded after import = 0

========================================================================
Received Import Request.
  Time since last request: 0.000107 seconds.
  path: Packages/com.unity.test-framework/UnityEditor.TestRunner/TestRun/TestJobDataHolder.cs
  artifactKey: Guid(612b00d793cac3c49808ab3ee5428f16) Importer(2089858483,b0f066a214c2f5e87bad3c948f4d605d)
Start importing Packages/com.unity.test-framework/UnityEditor.TestRunner/TestRun/TestJobDataHolder.cs using Guid(612b00d793cac3c49808ab3ee5428f16) Importer(2089858483,b0f066a214c2f5e87bad3c948f4d605d) (ScriptedImporter) -> (artifact id: '4198f015d947240e9aaa9ff3bab55454') in 0.0075246 seconds
Number of updated asset objects reloaded before import = 0Number of asset objects unloaded after import = 0

========================================================================
Received Import Request.
  Time since last request: 0.000099 seconds.
  path: Packages/com.unity.testtools.codecoverage/Editor/CoverageFormats/OpenCover/OpenCoverReporterFilter.cs
  artifactKey: Guid(04c157fc0c43e40708bcbe2aa8738140) Importer(2089858483,b0f066a214c2f5e87bad3c948f4d605d)
Start importing Packages/com.unity.testtools.codecoverage/Editor/CoverageFormats/OpenCover/OpenCoverReporterFilter.cs using Guid(04c157fc0c43e40708bcbe2aa8738140) Importer(2089858483,b0f066a214c2f5e87bad3c948f4d605d) (ScriptedImporter) -> (artifact id: '5ade9449d80e9bf0578cbb2c8e74b041') in 0.0063468 seconds
Number of updated asset objects reloaded before import = 0Number of asset objects unloaded after import = 0

========================================================================
Received Import Request.
  Time since last request: 0.000088 seconds.
  path: Packages/com.unity.test-framework/UnityEditor.TestRunner/TestLaunchers/Helpers/FilePathMetaInfo.cs
  artifactKey: Guid(759855a435cd4b22ade51836cc8b00d6) Importer(2089858483,b0f066a214c2f5e87bad3c948f4d605d)
Start importing Packages/com.unity.test-framework/UnityEditor.TestRunner/TestLaunchers/Helpers/FilePathMetaInfo.cs using Guid(759855a435cd4b22ade51836cc8b00d6) Importer(2089858483,b0f066a214c2f5e87bad3c948f4d605d) (ScriptedImporter) -> (artifact id: '0cde968a7bf981938bbf8ea737259b22') in 0.0070124 seconds
Number of updated asset objects reloaded before import = 0Number of asset objects unloaded after import = 0

========================================================================
Received Import Request.
  Time since last request: 0.000097 seconds.
  path: Packages/com.unity.test-framework/UnityEngine.TestRunner/UnityTestProtocol/TestStartedMessage.cs
  artifactKey: Guid(db9a20ff62f649c7b64172ebec68370c) Importer(2089858483,b0f066a214c2f5e87bad3c948f4d605d)
Start importing Packages/com.unity.test-framework/UnityEngine.TestRunner/UnityTestProtocol/TestStartedMessage.cs using Guid(db9a20ff62f649c7b64172ebec68370c) Importer(2089858483,b0f066a214c2f5e87bad3c948f4d605d) (ScriptedImporter) -> (artifact id: '537413b0605493a6e18f6321d68db230') in 0.0068078 seconds
Number of updated asset objects reloaded before import = 0Number of asset objects unloaded after import = 0

========================================================================
Received Import Request.
  Time since last request: 0.000053 seconds.
  path: Packages/com.unity.test-framework/UnityEngine.TestRunner/NUnitExtensions/Runner/FeatureFlags.cs
  artifactKey: Guid(b97961a82e5e4e66b8f6fa0ce8b5b9e2) Importer(2089858483,b0f066a214c2f5e87bad3c948f4d605d)
Start importing Packages/com.unity.test-framework/UnityEngine.TestRunner/NUnitExtensions/Runner/FeatureFlags.cs using Guid(b97961a82e5e4e66b8f6fa0ce8b5b9e2) Importer(2089858483,b0f066a214c2f5e87bad3c948f4d605d) (ScriptedImporter) -> (artifact id: '91944409be91b0fc521bdcdae0ba79a3') in 0.0078833 seconds
Number of updated asset objects reloaded before import = 0Number of asset objects unloaded after import = 0

========================================================================
Received Import Request.
  Time since last request: 0.000082 seconds.
  path: Packages/com.unity.test-framework/UnityEngine.TestRunner/Utils/Vector3ComparerWithEqualsOperator.cs
  artifactKey: Guid(5b994928117e3db418da69c821da7e19) Importer(2089858483,b0f066a214c2f5e87bad3c948f4d605d)
Start importing Packages/com.unity.test-framework/UnityEngine.TestRunner/Utils/Vector3ComparerWithEqualsOperator.cs using Guid(5b994928117e3db418da69c821da7e19) Importer(2089858483,b0f066a214c2f5e87bad3c948f4d605d) (ScriptedImporter) -> (artifact id: '5cc9b926c62dc9327e3172274e31e119') in 0.0077363 seconds
Number of updated asset objects reloaded before import = 0Number of asset objects unloaded after import = 0

========================================================================
Received Import Request.
  Time since last request: 0.000071 seconds.
  path: Packages/com.unity.test-framework/UnityEditor.TestRunner/TestRunner/EditModeRunner.cs
  artifactKey: Guid(c9219e99d466b7741a057132d1994f35) Importer(2089858483,b0f066a214c2f5e87bad3c948f4d605d)
Start importing Packages/com.unity.test-framework/UnityEditor.TestRunner/TestRunner/EditModeRunner.cs using Guid(c9219e99d466b7741a057132d1994f35) Importer(2089858483,b0f066a214c2f5e87bad3c948f4d605d) (ScriptedImporter) -> (artifact id: 'adc257a10b89431990477bd4575e2a78') in 0.0070783 seconds
Number of updated asset objects reloaded before import = 0Number of asset objects unloaded after import = 0

========================================================================
Received Import Request.
  Time since last request: 0.000028 seconds.
  path: Packages/com.unity.test-framework/UnityEditor.TestRunner/TestRun/Tasks/TestTaskBase.cs
  artifactKey: Guid(342d9ef4da0a19b49877f576c2deec14) Importer(2089858483,b0f066a214c2f5e87bad3c948f4d605d)
Start importing Packages/com.unity.test-framework/UnityEditor.TestRunner/TestRun/Tasks/TestTaskBase.cs using Guid(342d9ef4da0a19b49877f576c2deec14) Importer(2089858483,b0f066a214c2f5e87bad3c948f4d605d) (ScriptedImporter) -> (artifact id: '9bcdb6c3b1f5f432a625b783d99638af') in 0.0073201 seconds
Number of updated asset objects reloaded before import = 0Number of asset objects unloaded after import = 0

========================================================================
Received Import Request.
  Time since last request: 0.000086 seconds.
  path: Packages/com.unity.test-framework/package.json
  artifactKey: Guid(d6a2e6e4803de7b43baacdc355fc144d) Importer(2089858483,b0f066a214c2f5e87bad3c948f4d605d)
Start importing Packages/com.unity.test-framework/package.json using Guid(d6a2e6e4803de7b43baacdc355fc144d) Importer(2089858483,b0f066a214c2f5e87bad3c948f4d605d) (ScriptedImporter) -> (artifact id: 'b9215239ecee97a3c0790117a9481944') in 0.006533 seconds
Number of updated asset objects reloaded before import = 0Number of asset objects unloaded after import = 1

========================================================================
Received Import Request.
  Time since last request: 0.000026 seconds.
  path: Packages/com.unity.test-framework/UnityEngine.TestRunner/NUnitExtensions/Attributes/UnityPlatformAttribute.cs
  artifactKey: Guid(5440c1153b397e14c9c7b1d6eb83b9f9) Importer(2089858483,b0f066a214c2f5e87bad3c948f4d605d)
Start importing Packages/com.unity.test-framework/UnityEngine.TestRunner/NUnitExtensions/Attributes/UnityPlatformAttribute.cs using Guid(5440c1153b397e14c9c7b1d6eb83b9f9) Importer(2089858483,b0f066a214c2f5e87bad3c948f4d605d) (ScriptedImporter) -> (artifact id: '4ca6480a3efc09d461f51efbb5306b54') in 0.0071518 seconds
Number of updated asset objects reloaded before import = 0Number of asset objects unloaded after import = 0

========================================================================
Received Import Request.
  Time since last request: 1.947377 seconds.
  path: Packages/com.unity.test-framework/UnityEditor.TestRunner/TestRun/Tasks/Events/UpdateTestProgressTask.cs
  artifactKey: Guid(c5c78f2ef0d32a948bbb93266ef69a6a) Importer(2089858483,b0f066a214c2f5e87bad3c948f4d605d)
Start importing Packages/com.unity.test-framework/UnityEditor.TestRunner/TestRun/Tasks/Events/UpdateTestProgressTask.cs using Guid(c5c78f2ef0d32a948bbb93266ef69a6a) Importer(2089858483,b0f066a214c2f5e87bad3c948f4d605d) (ScriptedImporter) -> (artifact id: 'b9f74d837a535d7d7168357a85fe45fc') in 0.0064474 seconds
Number of updated asset objects reloaded before import = 0Number of asset objects unloaded after import = 0

========================================================================
Received Import Request.
  Time since last request: 0.000062 seconds.
  path: Packages/com.unity.editorcoroutines/Editor/EditorCoroutineUtility.cs
  artifactKey: Guid(a672678b43d60c542ad9d861eba67c99) Importer(2089858483,b0f066a214c2f5e87bad3c948f4d605d)
Start importing Packages/com.unity.editorcoroutines/Editor/EditorCoroutineUtility.cs using Guid(a672678b43d60c542ad9d861eba67c99) Importer(2089858483,b0f066a214c2f5e87bad3c948f4d605d) (ScriptedImporter) -> (artifact id: '78689f8c728d1c7a76e3ab6b0df9cd61') in 0.0046871 seconds
Number of updated asset objects reloaded before import = 0Number of asset objects unloaded after import = 0

========================================================================
Received Import Request.
  Time since last request: 0.000144 seconds.
  path: Packages/com.unity.modules.video/package.ModuleCompilationTrigger
  artifactKey: Guid(f62135e79edb837b2d2ee3c524da864c) Importer(2089858483,b0f066a214c2f5e87bad3c948f4d605d)
Start importing Packages/com.unity.modules.video/package.ModuleCompilationTrigger using Guid(f62135e79edb837b2d2ee3c524da864c) Importer(2089858483,b0f066a214c2f5e87bad3c948f4d605d) (ScriptedImporter) -> (artifact id: 'c7d981a2ee5d186f7c5d2bbbd683f2c7') in 0.0045811 seconds
Number of updated asset objects reloaded before import = 0Number of asset objects unloaded after import = 1

========================================================================
Received Import Request.
  Time since last request: 0.000018 seconds.
  path: Packages/com.unity.inputsystem/InputSystem/Controls/IntegerControl.cs
  artifactKey: Guid(7009ea2cce278c14d852537c8f40c8a0) Importer(2089858483,b0f066a214c2f5e87bad3c948f4d605d)
Start importing Packages/com.unity.inputsystem/InputSystem/Controls/IntegerControl.cs using Guid(7009ea2cce278c14d852537c8f40c8a0) Importer(2089858483,b0f066a214c2f5e87bad3c948f4d605d) (ScriptedImporter) -> (artifact id: '7666b6128134bfed0d761202f7fc2694') in 0.0046766 seconds
Number of updated asset objects reloaded before import = 0Number of asset objects unloaded after import = 0

========================================================================
Received Import Request.
  Time since last request: 0.000134 seconds.
  path: Packages/com.unity.inputsystem/InputSystem/Editor/Debugger/InputDebuggerWindow.cs
  artifactKey: Guid(c3f24f77c633a444893b75d39ae4fa3c) Importer(2089858483,b0f066a214c2f5e87bad3c948f4d605d)
Start importing Packages/com.unity.inputsystem/InputSystem/Editor/Debugger/InputDebuggerWindow.cs using Guid(c3f24f77c633a444893b75d39ae4fa3c) Importer(2089858483,b0f066a214c2f5e87bad3c948f4d605d) (ScriptedImporter) -> (artifact id: 'e704e8ed07edbdb9b1a7e12c856570c6') in 0.005058 seconds
Number of updated asset objects reloaded before import = 0Number of asset objects unloaded after import = 0

========================================================================
Received Import Request.
  Time since last request: 0.000037 seconds.
  path: Packages/com.unity.inputsystem/InputSystem/Editor/Icons/d_Interactive Binding.png
  artifactKey: Guid(eb28fd64eacfa495c97193108f1cdf03) Importer(2089858483,b0f066a214c2f5e87bad3c948f4d605d)
Start importing Packages/com.unity.inputsystem/InputSystem/Editor/Icons/d_Interactive Binding.png using Guid(eb28fd64eacfa495c97193108f1cdf03) Importer(2089858483,b0f066a214c2f5e87bad3c948f4d605d) (ScriptedImporter) -> (artifact id: '5695759b4ee84a96e1bc0d7abe328eca') in 0.0160498 seconds
Number of updated asset objects reloaded before import = 0Number of asset objects unloaded after import = 1

========================================================================
Received Import Request.
  Time since last request: 0.000037 seconds.
  path: Packages/com.unity.test-framework/UnityEditor.TestRunner/TestRun/Tasks/Scene/SaveModifiedSceneTask.cs
  artifactKey: Guid(881143a1a3652e343bdcc07166d6f6f6) Importer(2089858483,b0f066a214c2f5e87bad3c948f4d605d)
Start importing Packages/com.unity.test-framework/UnityEditor.TestRunner/TestRun/Tasks/Scene/SaveModifiedSceneTask.cs using Guid(881143a1a3652e343bdcc07166d6f6f6) Importer(2089858483,b0f066a214c2f5e87bad3c948f4d605d) (ScriptedImporter) -> (artifact id: '4496770e61a28f8c00ab59fdc556fafe') in 0.0064258 seconds
Number of updated asset objects reloaded before import = 0Number of asset objects unloaded after import = 0

========================================================================
Received Import Request.
  Time since last request: 0.000084 seconds.
  path: Packages/com.unity.inputsystem/InputSystem/Editor/Icons/d_Orientation@3x.png
  artifactKey: Guid(424bff4d3ea64400e9b384cb8bebfb96) Importer(2089858483,b0f066a214c2f5e87bad3c948f4d605d)
Start importing Packages/com.unity.inputsystem/InputSystem/Editor/Icons/d_Orientation@3x.png using Guid(424bff4d3ea64400e9b384cb8bebfb96) Importer(2089858483,b0f066a214c2f5e87bad3c948f4d605d) (ScriptedImporter) -> (artifact id: '783f710754b1f07a7a57691aabc67009') in 0.0130416 seconds
Number of updated asset objects reloaded before import = 0Number of asset objects unloaded after import = 1

========================================================================
Received Import Request.
  Time since last request: 0.000102 seconds.
  path: Packages/com.unity.inputsystem/InputSystem/Editor/Icons/d_Joystick@3x.png
  artifactKey: Guid(fcaa0d99df7c74f52afaa17a375dd393) Importer(2089858483,b0f066a214c2f5e87bad3c948f4d605d)
Start importing Packages/com.unity.inputsystem/InputSystem/Editor/Icons/d_Joystick@3x.png using Guid(fcaa0d99df7c74f52afaa17a375dd393) Importer(2089858483,b0f066a214c2f5e87bad3c948f4d605d) (ScriptedImporter) -> (artifact id: '55cae40e7c3e2032925ea88a2272a88d') in 0.0127269 seconds
Number of updated asset objects reloaded before import = 0Number of asset objects unloaded after import = 1

========================================================================
Received Import Request.
  Time since last request: 0.000023 seconds.
  path: Packages/com.unity.inputsystem/InputSystem/Editor/PropertyDrawers/InputActionAssetSearchProvider.cs
  artifactKey: Guid(15ce6d517ffb81e44bc72545abacdc9c) Importer(2089858483,b0f066a214c2f5e87bad3c948f4d605d)
Start importing Packages/com.unity.inputsystem/InputSystem/Editor/PropertyDrawers/InputActionAssetSearchProvider.cs using Guid(15ce6d517ffb81e44bc72545abacdc9c) Importer(2089858483,b0f066a214c2f5e87bad3c948f4d605d) (ScriptedImporter) -> (artifact id: '18e85c3286df1b0448f565bd3c23e53a') in 0.0067587 seconds
Number of updated asset objects reloaded before import = 0Number of asset objects unloaded after import = 0

========================================================================
Received Import Request.
  Time since last request: 0.000151 seconds.
  path: Packages/com.unity.inputsystem/InputSystem/Plugins/EnhancedTouch/Touch.cs
  artifactKey: Guid(6261dd2a83757498188548c57e2492bf) Importer(2089858483,b0f066a214c2f5e87bad3c948f4d605d)
Start importing Packages/com.unity.inputsystem/InputSystem/Plugins/EnhancedTouch/Touch.cs using Guid(6261dd2a83757498188548c57e2492bf) Importer(2089858483,b0f066a214c2f5e87bad3c948f4d605d) (ScriptedImporter) -> (artifact id: '1ea9569380bdfd5a26aecbaa19e03b68') in 0.0067768 seconds
Number of updated asset objects reloaded before import = 0Number of asset objects unloaded after import = 0

========================================================================
Received Import Request.
  Time since last request: 0.000039 seconds.
  path: Packages/com.unity.inputsystem/InputSystem/InputUpdateType.cs
  artifactKey: Guid(decf522e52f74f9e80b4dc87986cca70) Importer(2089858483,b0f066a214c2f5e87bad3c948f4d605d)
Start importing Packages/com.unity.inputsystem/InputSystem/InputUpdateType.cs using Guid(decf522e52f74f9e80b4dc87986cca70) Importer(2089858483,b0f066a214c2f5e87bad3c948f4d605d) (ScriptedImporter) -> (artifact id: '15642155d438b7478cadac38fd8502a3') in 0.0061802 seconds
Number of updated asset objects reloaded before import = 0Number of asset objects unloaded after import = 0

========================================================================
Received Import Request.
  Time since last request: 0.000125 seconds.
  path: Packages/com.unity.inputsystem/InputSystem/State/InputStateHistory.cs
  artifactKey: Guid(ccdc5c2ae66744782ab7e326c053ad0a) Importer(2089858483,b0f066a214c2f5e87bad3c948f4d605d)
Start importing Packages/com.unity.inputsystem/InputSystem/State/InputStateHistory.cs using Guid(ccdc5c2ae66744782ab7e326c053ad0a) Importer(2089858483,b0f066a214c2f5e87bad3c948f4d605d) (ScriptedImporter) -> (artifact id: '900a4feb341afb2e17d92288ac90b100') in 0.0059612 seconds
Number of updated asset objects reloaded before import = 0Number of asset objects unloaded after import = 0

========================================================================
Received Import Request.
  Time since last request: 0.000077 seconds.
  path: Packages/com.unity.inputsystem/InputSystem/Devices/Haptics/IDualMotorRumble.cs
  artifactKey: Guid(6982a6ffcdbf47a6aa68fd4418622395) Importer(2089858483,b0f066a214c2f5e87bad3c948f4d605d)
Start importing Packages/com.unity.inputsystem/InputSystem/Devices/Haptics/IDualMotorRumble.cs using Guid(6982a6ffcdbf47a6aa68fd4418622395) Importer(2089858483,b0f066a214c2f5e87bad3c948f4d605d) (ScriptedImporter) -> (artifact id: '6d6e0edf7859643fdebaec092f0770b2') in 0.0074294 seconds
Number of updated asset objects reloaded before import = 0Number of asset objects unloaded after import = 0

========================================================================
Received Import Request.
  Time since last request: 0.000114 seconds.
  path: Packages/com.unity.inputsystem/InputSystem/Editor/Icons/d_Touch@2x.png
  artifactKey: Guid(ceaa885da02f84da195f87de12535da6) Importer(2089858483,b0f066a214c2f5e87bad3c948f4d605d)
Start importing Packages/com.unity.inputsystem/InputSystem/Editor/Icons/d_Touch@2x.png using Guid(ceaa885da02f84da195f87de12535da6) Importer(2089858483,b0f066a214c2f5e87bad3c948f4d605d) (ScriptedImporter) -> (artifact id: 'b008b6d3613ffd924377a89b726a5734') in 0.0156434 seconds
Number of updated asset objects reloaded before import = 0Number of asset objects unloaded after import = 1

========================================================================
Received Import Request.
  Time since last request: 0.000089 seconds.
  path: Packages/com.unity.inputsystem/InputSystem/Plugins/Android/AndroidGameController.cs
  artifactKey: Guid(a7c6472eb810ba445be34c69325e4fea) Importer(2089858483,b0f066a214c2f5e87bad3c948f4d605d)
Start importing Packages/com.unity.inputsystem/InputSystem/Plugins/Android/AndroidGameController.cs using Guid(a7c6472eb810ba445be34c69325e4fea) Importer(2089858483,b0f066a214c2f5e87bad3c948f4d605d) (ScriptedImporter) -> (artifact id: '2a90521e7f52452f961aa1838fb492bb') in 0.0066489 seconds
Number of updated asset objects reloaded before import = 0Number of asset objects unloaded after import = 0

========================================================================
Received Import Request.
  Time since last request: 0.000122 seconds.
  path: Packages/com.unity.inputsystem/InputSystem/Events/InputEventHandledPolicy.cs
  artifactKey: Guid(7c9443eaca924751a528ee833d503cb0) Importer(2089858483,b0f066a214c2f5e87bad3c948f4d605d)
Start importing Packages/com.unity.inputsystem/InputSystem/Events/InputEventHandledPolicy.cs using Guid(7c9443eaca924751a528ee833d503cb0) Importer(2089858483,b0f066a214c2f5e87bad3c948f4d605d) (ScriptedImporter) -> (artifact id: '19b952e4dcd99b0e6a6c5541e8b0b2e3') in 0.0061941 seconds
Number of updated asset objects reloaded before import = 0Number of asset objects unloaded after import = 0

========================================================================
Received Import Request.
  Time since last request: 0.000067 seconds.
  path: Packages/com.unity.inputsystem/InputSystem/Editor/Icons/d_Pen@4x.png
  artifactKey: Guid(0aec7c7bf99354f66bc2a1d18bd0b4d2) Importer(2089858483,b0f066a214c2f5e87bad3c948f4d605d)
Start importing Packages/com.unity.inputsystem/InputSystem/Editor/Icons/d_Pen@4x.png using Guid(0aec7c7bf99354f66bc2a1d18bd0b4d2) Importer(2089858483,b0f066a214c2f5e87bad3c948f4d605d) (ScriptedImporter) -> (artifact id: '9cc1346e6a8f564efa63d8aadf1180de') in 0.0151092 seconds
Number of updated asset objects reloaded before import = 0Number of asset objects unloaded after import = 1

========================================================================
Received Import Request.
  Time since last request: 0.000021 seconds.
  path: Packages/com.unity.inputsystem/InputSystem/Devices/Commands/QueryEnabledStateCommand.cs
  artifactKey: Guid(6e6d0cbdd012f434392878fdc293f974) Importer(2089858483,b0f066a214c2f5e87bad3c948f4d605d)
Start importing Packages/com.unity.inputsystem/InputSystem/Devices/Commands/QueryEnabledStateCommand.cs using Guid(6e6d0cbdd012f434392878fdc293f974) Importer(2089858483,b0f066a214c2f5e87bad3c948f4d605d) (ScriptedImporter) -> (artifact id: '7c752e1d74120d5d17cfb6e27711f36f') in 0.0069487 seconds
Number of updated asset objects reloaded before import = 0Number of asset objects unloaded after import = 0

========================================================================
Received Import Request.
  Time since last request: 0.000151 seconds.
  path: Packages/com.unity.multiplayer.center/Editor/MultiplayerCenterWindow/UI/Icons/PackageManager.png
  artifactKey: Guid(679f9999c6f8f497e806a2d5d0511879) Importer(2089858483,b0f066a214c2f5e87bad3c948f4d605d)
Start importing Packages/com.unity.multiplayer.center/Editor/MultiplayerCenterWindow/UI/Icons/PackageManager.png using Guid(679f9999c6f8f497e806a2d5d0511879) Importer(2089858483,b0f066a214c2f5e87bad3c948f4d605d) (ScriptedImporter) -> (artifact id: '44f4048fbf092bfde6088eb9e695e814') in 0.0132874 seconds
Number of updated asset objects reloaded before import = 0Number of asset objects unloaded after import = 1

========================================================================
Received Import Request.
  Time since last request: 0.000082 seconds.
  path: Packages/com.unity.multiplayer.center/Editor/MultiplayerCenterWindow/UI/StyleClasses.cs
  artifactKey: Guid(1c3db2c484234a94a19c3acdc2539575) Importer(2089858483,b0f066a214c2f5e87bad3c948f4d605d)
Start importing Packages/com.unity.multiplayer.center/Editor/MultiplayerCenterWindow/UI/StyleClasses.cs using Guid(1c3db2c484234a94a19c3acdc2539575) Importer(2089858483,b0f066a214c2f5e87bad3c948f4d605d) (ScriptedImporter) -> (artifact id: 'e1e15443c3b411590e28b473370388f7') in 0.0072531 seconds
Number of updated asset objects reloaded before import = 0Number of asset objects unloaded after import = 0

========================================================================
Received Import Request.
  Time since last request: 0.000125 seconds.
  path: Packages/com.unity.inputsystem/InputSystem/Editor/Icons/Keyboard@3x.png
  artifactKey: Guid(6191a40940a3e46899ecf82fa8389d01) Importer(2089858483,b0f066a214c2f5e87bad3c948f4d605d)
Start importing Packages/com.unity.inputsystem/InputSystem/Editor/Icons/Keyboard@3x.png using Guid(6191a40940a3e46899ecf82fa8389d01) Importer(2089858483,b0f066a214c2f5e87bad3c948f4d605d) (ScriptedImporter) -> (artifact id: '71c28a794cb9b5dbfbfb026bee7be048') in 0.014389 seconds
Number of updated asset objects reloaded before import = 0Number of asset objects unloaded after import = 1

========================================================================
Received Import Request.
  Time since last request: 0.000073 seconds.
  path: Packages/com.unity.inputsystem/InputSystem/Editor/Analytics/VirtualMouseInputEditorAnalytic.cs
  artifactKey: Guid(183f7887e5104e1593ce980b9d0159e3) Importer(2089858483,b0f066a214c2f5e87bad3c948f4d605d)
Start importing Packages/com.unity.inputsystem/InputSystem/Editor/Analytics/VirtualMouseInputEditorAnalytic.cs using Guid(183f7887e5104e1593ce980b9d0159e3) Importer(2089858483,b0f066a214c2f5e87bad3c948f4d605d) (ScriptedImporter) -> (artifact id: '9d7152a0087b0042b69149035ccc1d8d') in 0.0065169 seconds
Number of updated asset objects reloaded before import = 0Number of asset objects unloaded after import = 0

========================================================================
Received Import Request.
  Time since last request: 0.000098 seconds.
  path: Packages/com.unity.inputsystem/InputSystem/Controls/InputProcessor.cs
  artifactKey: Guid(c79fd316c31a2402692c908865404608) Importer(2089858483,b0f066a214c2f5e87bad3c948f4d605d)
Start importing Packages/com.unity.inputsystem/InputSystem/Controls/InputProcessor.cs using Guid(c79fd316c31a2402692c908865404608) Importer(2089858483,b0f066a214c2f5e87bad3c948f4d605d) (ScriptedImporter) -> (artifact id: '1b638659ed2b9c48a0c58d00c7c77b73') in 0.0083974 seconds
Number of updated asset objects reloaded before import = 0Number of asset objects unloaded after import = 0

========================================================================
Received Import Request.
  Time since last request: 0.000123 seconds.
  path: Packages/com.unity.multiplayer.center/Common/StyleConstants.cs
  artifactKey: Guid(50d5ff9fe4ab4477b7ea648da183e9d1) Importer(2089858483,b0f066a214c2f5e87bad3c948f4d605d)
Start importing Packages/com.unity.multiplayer.center/Common/StyleConstants.cs using Guid(50d5ff9fe4ab4477b7ea648da183e9d1) Importer(2089858483,b0f066a214c2f5e87bad3c948f4d605d) (ScriptedImporter) -> (artifact id: '8b0d49f61199960356686d8bd3a8467b') in 0.0076083 seconds
Number of updated asset objects reloaded before import = 0Number of asset objects unloaded after import = 0

========================================================================
Received Import Request.
  Time since last request: 0.000063 seconds.
  path: Packages/com.unity.inputsystem/InputSystem/Editor/Icons/ChevronDown@2x.png
  artifactKey: Guid(153c8e15f7f6c452ca50f6795813ed39) Importer(2089858483,b0f066a214c2f5e87bad3c948f4d605d)
Start importing Packages/com.unity.inputsystem/InputSystem/Editor/Icons/ChevronDown@2x.png using Guid(153c8e15f7f6c452ca50f6795813ed39) Importer(2089858483,b0f066a214c2f5e87bad3c948f4d605d) (ScriptedImporter) -> (artifact id: 'a460feec85453c6f182d6c53aa21d1e6') in 0.0146986 seconds
Number of updated asset objects reloaded before import = 0Number of asset objects unloaded after import = 1

========================================================================
Received Import Request.
  Time since last request: 0.000140 seconds.
  path: Packages/com.unity.inputsystem/InputSystem/Devices/Commands/QueryDimensionsCommand.cs
  artifactKey: Guid(d8ce1fd8f845226439f6b4ee991c9f78) Importer(2089858483,b0f066a214c2f5e87bad3c948f4d605d)
Start importing Packages/com.unity.inputsystem/InputSystem/Devices/Commands/QueryDimensionsCommand.cs using Guid(d8ce1fd8f845226439f6b4ee991c9f78) Importer(2089858483,b0f066a214c2f5e87bad3c948f4d605d) (ScriptedImporter) -> (artifact id: 'b6a0e0e1da9cc59d754dd91de1b9f908') in 0.0069828 seconds
Number of updated asset objects reloaded before import = 0Number of asset objects unloaded after import = 0

========================================================================
Received Import Request.
  Time since last request: 0.000087 seconds.
  path: Packages/com.unity.inputsystem/InputSystem/Editor/Icons/Touch@2x.png
  artifactKey: Guid(82073a8bfd6b8488a89b8796d500d12d) Importer(2089858483,b0f066a214c2f5e87bad3c948f4d605d)
Start importing Packages/com.unity.inputsystem/InputSystem/Editor/Icons/Touch@2x.png using Guid(82073a8bfd6b8488a89b8796d500d12d) Importer(2089858483,b0f066a214c2f5e87bad3c948f4d605d) (ScriptedImporter) -> (artifact id: '298516f27205affddcffcf0b157bca46') in 0.0143052 seconds
Number of updated asset objects reloaded before import = 0Number of asset objects unloaded after import = 1

========================================================================
Received Import Request.
  Time since last request: 0.000112 seconds.
  path: Packages/com.unity.multiplayer.center/Editor/MultiplayerCenterWindow/UI/light.uss
  artifactKey: Guid(f1ac2efb1bcd4dfd95dc196ed3c11367) Importer(2089858483,b0f066a214c2f5e87bad3c948f4d605d)
Start importing Packages/com.unity.multiplayer.center/Editor/MultiplayerCenterWindow/UI/light.uss using Guid(f1ac2efb1bcd4dfd95dc196ed3c11367) Importer(2089858483,b0f066a214c2f5e87bad3c948f4d605d) (ScriptedImporter) -> (artifact id: '021dce2e65d22f91e4d7556e97062887') in 0.0171787 seconds
Number of updated asset objects reloaded before import = 0Number of asset objects unloaded after import = 9

========================================================================
Received Import Request.
  Time since last request: 0.000026 seconds.
  path: Packages/com.unity.inputsystem/InputSystem/Devices/InputDeviceMatcher.cs
  artifactKey: Guid(6bb362cb9a8353d44997049a67efe591) Importer(2089858483,b0f066a214c2f5e87bad3c948f4d605d)
Start importing Packages/com.unity.inputsystem/InputSystem/Devices/InputDeviceMatcher.cs using Guid(6bb362cb9a8353d44997049a67efe591) Importer(2089858483,b0f066a214c2f5e87bad3c948f4d605d) (ScriptedImporter) -> (artifact id: 'b65c293179a661aa6e3248e3046f8d45') in 0.00784 seconds
Number of updated asset objects reloaded before import = 0Number of asset objects unloaded after import = 0

========================================================================
Received Import Request.
  Time since last request: 0.000220 seconds.
  path: Packages/com.unity.inputsystem/InputSystem/Editor/Icons/d_Axis@4x.png
  artifactKey: Guid(e01ab4b854c6d4fa3a8d869b67ecd643) Importer(2089858483,b0f066a214c2f5e87bad3c948f4d605d)
Start importing Packages/com.unity.inputsystem/InputSystem/Editor/Icons/d_Axis@4x.png using Guid(e01ab4b854c6d4fa3a8d869b67ecd643) Importer(2089858483,b0f066a214c2f5e87bad3c948f4d605d) (ScriptedImporter) -> (artifact id: '0c60b551824236bcc6c21c659daa43ae') in 0.0142685 seconds
Number of updated asset objects reloaded before import = 0Number of asset objects unloaded after import = 1

========================================================================
Received Import Request.
  Time since last request: 0.000065 seconds.
  path: Packages/com.unity.inputsystem/InputSystem/Devices/Commands/QueryCanRunInBackground.cs
  artifactKey: Guid(a10a64abdfd8f6340a5b6b54bf28812a) Importer(2089858483,b0f066a214c2f5e87bad3c948f4d605d)
Start importing Packages/com.unity.inputsystem/InputSystem/Devices/Commands/QueryCanRunInBackground.cs using Guid(a10a64abdfd8f6340a5b6b54bf28812a) Importer(2089858483,b0f066a214c2f5e87bad3c948f4d605d) (ScriptedImporter) -> (artifact id: '63d7b9a01b814d73a92f508e6bcca537') in 0.0063965 seconds
Number of updated asset objects reloaded before import = 0Number of asset objects unloaded after import = 0

========================================================================
Received Import Request.
  Time since last request: 0.000068 seconds.
  path: Packages/com.unity.inputsystem/InputSystem/Editor/Icons/Gamepad@2x.png
  artifactKey: Guid(4defb5292901c41f29313d9c9c87a7eb) Importer(2089858483,b0f066a214c2f5e87bad3c948f4d605d)
Start importing Packages/com.unity.inputsystem/InputSystem/Editor/Icons/Gamepad@2x.png using Guid(4defb5292901c41f29313d9c9c87a7eb) Importer(2089858483,b0f066a214c2f5e87bad3c948f4d605d) (ScriptedImporter) -> (artifact id: 'ee768f0ddf6b2cdee614fe2020c4f7ee') in 0.015792 seconds
Number of updated asset objects reloaded before import = 0Number of asset objects unloaded after import = 1

========================================================================
Received Import Request.
  Time since last request: 0.000199 seconds.
  path: Packages/com.unity.inputsystem/Tests/TestFixture/InputTestFixture.cs
  artifactKey: Guid(81128cc364d234170845119461c41970) Importer(2089858483,b0f066a214c2f5e87bad3c948f4d605d)
Start importing Packages/com.unity.inputsystem/Tests/TestFixture/InputTestFixture.cs using Guid(81128cc364d234170845119461c41970) Importer(2089858483,b0f066a214c2f5e87bad3c948f4d605d) (ScriptedImporter) -> (artifact id: '8ab7727b274dae1e300f52b3bac837be') in 0.0072072 seconds
Number of updated asset objects reloaded before import = 0Number of asset objects unloaded after import = 0

========================================================================
Received Import Request.
  Time since last request: 0.000125 seconds.
  path: Packages/com.unity.multiplayer.center/Editor/MultiplayerCenterWindow/UI/Icons/PackageInstalled@2x.png
  artifactKey: Guid(0423146d9f51c4563a0f2a8200b6cd38) Importer(2089858483,b0f066a214c2f5e87bad3c948f4d605d)
Start importing Packages/com.unity.multiplayer.center/Editor/MultiplayerCenterWindow/UI/Icons/PackageInstalled@2x.png using Guid(0423146d9f51c4563a0f2a8200b6cd38) Importer(2089858483,b0f066a214c2f5e87bad3c948f4d605d) (ScriptedImporter) -> (artifact id: '4d04420fd427bfd6e72d0cb1645dc32d') in 0.0130366 seconds
Number of updated asset objects reloaded before import = 0Number of asset objects unloaded after import = 1

========================================================================
Received Import Request.
  Time since last request: 0.000044 seconds.
  path: Packages/com.unity.inputsystem/InputSystem/Utilities/InlinedArray.cs
  artifactKey: Guid(98a0df93c82e4369b500b62affa160db) Importer(2089858483,b0f066a214c2f5e87bad3c948f4d605d)
Start importing Packages/com.unity.inputsystem/InputSystem/Utilities/InlinedArray.cs using Guid(98a0df93c82e4369b500b62affa160db) Importer(2089858483,b0f066a214c2f5e87bad3c948f4d605d) (ScriptedImporter) -> (artifact id: '1338acda944dac450485390eb87d5a3d') in 0.0065608 seconds
Number of updated asset objects reloaded before import = 0Number of asset objects unloaded after import = 0

========================================================================
Received Import Request.
  Time since last request: 0.000086 seconds.
  path: Packages/com.unity.inputsystem/InputSystem/Plugins/DualShock/IDualShockHaptics.cs
  artifactKey: Guid(0e235e01f7e6408f87e899ac373c85d1) Importer(2089858483,b0f066a214c2f5e87bad3c948f4d605d)
Start importing Packages/com.unity.inputsystem/InputSystem/Plugins/DualShock/IDualShockHaptics.cs using Guid(0e235e01f7e6408f87e899ac373c85d1) Importer(2089858483,b0f066a214c2f5e87bad3c948f4d605d) (ScriptedImporter) -> (artifact id: 'ef29189c58dba4db2dcbcd13ef498674') in 0.0066018 seconds
Number of updated asset objects reloaded before import = 0Number of asset objects unloaded after import = 0

========================================================================
Received Import Request.
  Time since last request: 0.000093 seconds.
  path: Packages/com.unity.inputsystem/InputSystem/Editor/Icons/Position@2x.png
  artifactKey: Guid(a3fa73829479e4b41965e749fcca7c12) Importer(2089858483,b0f066a214c2f5e87bad3c948f4d605d)
Start importing Packages/com.unity.inputsystem/InputSystem/Editor/Icons/Position@2x.png using Guid(a3fa73829479e4b41965e749fcca7c12) Importer(2089858483,b0f066a214c2f5e87bad3c948f4d605d) (ScriptedImporter) -> (artifact id: '1b3e5a233e6f6708a6a1267df4a69a9f') in 0.0136431 seconds
Number of updated asset objects reloaded before import = 0Number of asset objects unloaded after import = 1

========================================================================
Received Import Request.
  Time since last request: 0.000026 seconds.
  path: Packages/com.unity.multiplayer.center/Editor/MultiplayerCenterWindow/UI/Icons/CustomNetcode@2x.png
  artifactKey: Guid(d7711b0cc806d430b8a95f1e33ec3649) Importer(2089858483,b0f066a214c2f5e87bad3c948f4d605d)
Start importing Packages/com.unity.multiplayer.center/Editor/MultiplayerCenterWindow/UI/Icons/CustomNetcode@2x.png using Guid(d7711b0cc806d430b8a95f1e33ec3649) Importer(2089858483,b0f066a214c2f5e87bad3c948f4d605d) (ScriptedImporter) -> (artifact id: '7767078c70472a02b664657e81623b52') in 0.0173395 seconds
Number of updated asset objects reloaded before import = 0Number of asset objects unloaded after import = 1

========================================================================
Received Import Request.
  Time since last request: 0.000062 seconds.
  path: Packages/com.unity.multiplayer.center/Editor/Features/PackageManagement.cs
  artifactKey: Guid(676a3852811f4199813ce7f6dbac6880) Importer(2089858483,b0f066a214c2f5e87bad3c948f4d605d)
Start importing Packages/com.unity.multiplayer.center/Editor/Features/PackageManagement.cs using Guid(676a3852811f4199813ce7f6dbac6880) Importer(2089858483,b0f066a214c2f5e87bad3c948f4d605d) (ScriptedImporter) -> (artifact id: '3b7f2c75f721b786bd92d7d8039bdd5a') in 0.0069841 seconds
Number of updated asset objects reloaded before import = 0Number of asset objects unloaded after import = 0

========================================================================
Received Import Request.
  Time since last request: 0.000119 seconds.
  path: Packages/com.unity.settings-manager/Tests/Editor/FileRepositoryTests.cs
  artifactKey: Guid(11aab40bae0d491c94ca2df97f155bac) Importer(2089858483,b0f066a214c2f5e87bad3c948f4d605d)
Start importing Packages/com.unity.settings-manager/Tests/Editor/FileRepositoryTests.cs using Guid(11aab40bae0d491c94ca2df97f155bac) Importer(2089858483,b0f066a214c2f5e87bad3c948f4d605d) (ScriptedImporter) -> (artifact id: 'd6dcdef24d382d7ebda84c3f6648fd12') in 0.0065713 seconds
Number of updated asset objects reloaded before import = 0Number of asset objects unloaded after import = 0

========================================================================
Received Import Request.
  Time since last request: 0.000066 seconds.
  path: Packages/com.unity.inputsystem/InputSystem/Editor/Icons/d_Pen@2x.png
  artifactKey: Guid(96f7582a52a6843c09e0c71617e94f2d) Importer(2089858483,b0f066a214c2f5e87bad3c948f4d605d)
Start importing Packages/com.unity.inputsystem/InputSystem/Editor/Icons/d_Pen@2x.png using Guid(96f7582a52a6843c09e0c71617e94f2d) Importer(2089858483,b0f066a214c2f5e87bad3c948f4d605d) (ScriptedImporter) -> (artifact id: 'de5e2c3252bb8607156f6a1483d2da5d') in 0.0155865 seconds
Number of updated asset objects reloaded before import = 0Number of asset objects unloaded after import = 1

========================================================================
Received Import Request.
  Time since last request: 0.000025 seconds.
  path: Packages/com.unity.multiplayer.center/Tests/Editor/AnalyticsUtilsTests.cs
  artifactKey: Guid(c2c1cf24bea5410ea530b2c8a875b293) Importer(2089858483,b0f066a214c2f5e87bad3c948f4d605d)
Start importing Packages/com.unity.multiplayer.center/Tests/Editor/AnalyticsUtilsTests.cs using Guid(c2c1cf24bea5410ea530b2c8a875b293) Importer(2089858483,b0f066a214c2f5e87bad3c948f4d605d) (ScriptedImporter) -> (artifact id: '56891d3e71fe5691b307733cd4b73437') in 0.0076707 seconds
Number of updated asset objects reloaded before import = 0Number of asset objects unloaded after import = 0

========================================================================
Received Import Request.
  Time since last request: 0.000110 seconds.
  path: Packages/com.unity.multiplayer.center/Editor/MultiplayerCenterWindow/UI/ViewUtils.cs
  artifactKey: Guid(0d9328c739784454ad03d404f395a0ab) Importer(2089858483,b0f066a214c2f5e87bad3c948f4d605d)
Start importing Packages/com.unity.multiplayer.center/Editor/MultiplayerCenterWindow/UI/ViewUtils.cs using Guid(0d9328c739784454ad03d404f395a0ab) Importer(2089858483,b0f066a214c2f5e87bad3c948f4d605d) (ScriptedImporter) -> (artifact id: '636c334e1dcc49e1f324dd3ff156c38b') in 0.0062135 seconds
Number of updated asset objects reloaded before import = 0Number of asset objects unloaded after import = 0

========================================================================
Received Import Request.
  Time since last request: 0.000077 seconds.
  path: Packages/com.unity.inputsystem/InputSystem/Editor/Icons/InputAction.png
  artifactKey: Guid(40265a896a0f341bb956e90c59025a29) Importer(2089858483,b0f066a214c2f5e87bad3c948f4d605d)
Start importing Packages/com.unity.inputsystem/InputSystem/Editor/Icons/InputAction.png using Guid(40265a896a0f341bb956e90c59025a29) Importer(2089858483,b0f066a214c2f5e87bad3c948f4d605d) (ScriptedImporter) -> (artifact id: '4ab181d908ded268b0ff6ddb0c4fb000') in 0.014726 seconds
Number of updated asset objects reloaded before import = 0Number of asset objects unloaded after import = 1

========================================================================
Received Import Request.
  Time since last request: 0.000077 seconds.
  path: Packages/com.unity.inputsystem/DocCodeSamples.Tests/DocCodeSamples.asmdef
  artifactKey: Guid(41b01d3964f844d8b43923c18b3a9a6f) Importer(2089858483,b0f066a214c2f5e87bad3c948f4d605d)
Start importing Packages/com.unity.inputsystem/DocCodeSamples.Tests/DocCodeSamples.asmdef using Guid(41b01d3964f844d8b43923c18b3a9a6f) Importer(2089858483,b0f066a214c2f5e87bad3c948f4d605d) (ScriptedImporter) -> (artifact id: '073ed1fea3d27003a294fc550a2219d7') in 0.0062278 seconds
Number of updated asset objects reloaded before import = 0Number of asset objects unloaded after import = 1

========================================================================
Received Import Request.
  Time since last request: 0.000101 seconds.
  path: Packages/com.unity.inputsystem/InputSystem/Editor/Icons/d_Touch.png
  artifactKey: Guid(94fa2e214a138425e8afbbe1329e0b55) Importer(2089858483,b0f066a214c2f5e87bad3c948f4d605d)
Start importing Packages/com.unity.inputsystem/InputSystem/Editor/Icons/d_Touch.png using Guid(94fa2e214a138425e8afbbe1329e0b55) Importer(2089858483,b0f066a214c2f5e87bad3c948f4d605d) (ScriptedImporter) -> (artifact id: 'ae917ceee5aff917b78869f8bc4ea064') in 0.0114463 seconds
Number of updated asset objects reloaded before import = 0Number of asset objects unloaded after import = 1

========================================================================
Received Import Request.
  Time since last request: 0.000061 seconds.
  path: Packages/com.unity.settings-manager/LICENSE.md
  artifactKey: Guid(27264456a8bbc094d9479c5d5f9b0aa5) Importer(2089858483,b0f066a214c2f5e87bad3c948f4d605d)
Start importing Packages/com.unity.settings-manager/LICENSE.md using Guid(27264456a8bbc094d9479c5d5f9b0aa5) Importer(2089858483,b0f066a214c2f5e87bad3c948f4d605d) (ScriptedImporter) -> (artifact id: '549d7cfa8847aee9ce1028858dfee723') in 0.0066285 seconds
Number of updated asset objects reloaded before import = 0Number of asset objects unloaded after import = 1

========================================================================
Received Import Request.
  Time since last request: 0.000095 seconds.
  path: Packages/com.unity.multiplayer.center/Editor/MultiplayerCenterWindow/UI/Icons/d_PackageManager.png
  artifactKey: Guid(1b4c88814ec6241eb8e327515399c006) Importer(2089858483,b0f066a214c2f5e87bad3c948f4d605d)
Start importing Packages/com.unity.multiplayer.center/Editor/MultiplayerCenterWindow/UI/Icons/d_PackageManager.png using Guid(1b4c88814ec6241eb8e327515399c006) Importer(2089858483,b0f066a214c2f5e87bad3c948f4d605d) (ScriptedImporter) -> (artifact id: '8a57291b247f5b0d1a77371328c99487') in 0.015546 seconds
Number of updated asset objects reloaded before import = 0Number of asset objects unloaded after import = 1

========================================================================
Received Import Request.
  Time since last request: 0.000028 seconds.
  path: Packages/com.unity.inputsystem/README.md
  artifactKey: Guid(f747a892239fb40f9a9b9e2acf9929ee) Importer(2089858483,b0f066a214c2f5e87bad3c948f4d605d)
Start importing Packages/com.unity.inputsystem/README.md using Guid(f747a892239fb40f9a9b9e2acf9929ee) Importer(2089858483,b0f066a214c2f5e87bad3c948f4d605d) (ScriptedImporter) -> (artifact id: '4799c9046a7fc19e4751a226e4ef765f') in 0.0069381 seconds
Number of updated asset objects reloaded before import = 0Number of asset objects unloaded after import = 1

========================================================================
Received Import Request.
  Time since last request: 0.000109 seconds.
  path: Packages/com.unity.inputsystem/InputSystem/Controls/QuaternionControl.cs
  artifactKey: Guid(3e9857b4032c493aa79e61db86f9e09b) Importer(2089858483,b0f066a214c2f5e87bad3c948f4d605d)
Start importing Packages/com.unity.inputsystem/InputSystem/Controls/QuaternionControl.cs using Guid(3e9857b4032c493aa79e61db86f9e09b) Importer(2089858483,b0f066a214c2f5e87bad3c948f4d605d) (ScriptedImporter) -> (artifact id: '64dd2ff9a4a94dc6242bfb5c6cf84784') in 0.0058355 seconds
Number of updated asset objects reloaded before import = 0Number of asset objects unloaded after import = 0

========================================================================
Received Import Request.
  Time since last request: 0.000089 seconds.
  path: Packages/com.unity.inputsystem/InputSystem/Plugins/OSX/OSXSupport.cs
  artifactKey: Guid(ec5b5d14e5b51f44abf18ab8f288cdb5) Importer(2089858483,b0f066a214c2f5e87bad3c948f4d605d)
Start importing Packages/com.unity.inputsystem/InputSystem/Plugins/OSX/OSXSupport.cs using Guid(ec5b5d14e5b51f44abf18ab8f288cdb5) Importer(2089858483,b0f066a214c2f5e87bad3c948f4d605d) (ScriptedImporter) -> (artifact id: 'e82ad671aecb9540ea908042ce2755ab') in 0.0057537 seconds
Number of updated asset objects reloaded before import = 0Number of asset objects unloaded after import = 0

========================================================================
Received Import Request.
  Time since last request: 0.000125 seconds.
  path: Packages/com.unity.performance.profile-analyzer/Tests/Editor/ProfileAnalyzerAPITests.cs
  artifactKey: Guid(96b02e3d30e7c4599bf30551388c053b) Importer(2089858483,b0f066a214c2f5e87bad3c948f4d605d)
Start importing Packages/com.unity.performance.profile-analyzer/Tests/Editor/ProfileAnalyzerAPITests.cs using Guid(96b02e3d30e7c4599bf30551388c053b) Importer(2089858483,b0f066a214c2f5e87bad3c948f4d605d) (ScriptedImporter) -> (artifact id: '031f8c168276ef469089075fca503caa') in 0.0059506 seconds
Number of updated asset objects reloaded before import = 0Number of asset objects unloaded after import = 0

========================================================================
Received Import Request.
  Time since last request: 0.000058 seconds.
  path: Packages/com.unity.inputsystem/Tests/IntegrationTests/Unity.InputSystem.IntegrationTests.asmdef
  artifactKey: Guid(3ae5734e49d646442ad24f37762ebdd2) Importer(2089858483,b0f066a214c2f5e87bad3c948f4d605d)
Start importing Packages/com.unity.inputsystem/Tests/IntegrationTests/Unity.InputSystem.IntegrationTests.asmdef using Guid(3ae5734e49d646442ad24f37762ebdd2) Importer(2089858483,b0f066a214c2f5e87bad3c948f4d605d) (ScriptedImporter) -> (artifact id: 'bd56c0211dc59f88db5572da37f027ca') in 0.0065136 seconds
Number of updated asset objects reloaded before import = 0Number of asset objects unloaded after import = 1

========================================================================
Received Import Request.
  Time since last request: 0.000095 seconds.
  path: Packages/com.unity.inputsystem/InputSystem/Editor/Dialog.cs
  artifactKey: Guid(c213b206af9a4bef8c43f8f0f60cc31e) Importer(2089858483,b0f066a214c2f5e87bad3c948f4d605d)
Start importing Packages/com.unity.inputsystem/InputSystem/Editor/Dialog.cs using Guid(c213b206af9a4bef8c43f8f0f60cc31e) Importer(2089858483,b0f066a214c2f5e87bad3c948f4d605d) (ScriptedImporter) -> (artifact id: '85b661844e72427dab315724eaeed998') in 0.0052512 seconds
Number of updated asset objects reloaded before import = 0Number of asset objects unloaded after import = 0

========================================================================
Received Import Request.
  Time since last request: 0.000050 seconds.
  path: Packages/com.unity.settings-manager/Tests/Editor/MultipleProjectSettings.cs
  artifactKey: Guid(018f1adb8258a4133b73805294498947) Importer(2089858483,b0f066a214c2f5e87bad3c948f4d605d)
Start importing Packages/com.unity.settings-manager/Tests/Editor/MultipleProjectSettings.cs using Guid(018f1adb8258a4133b73805294498947) Importer(2089858483,b0f066a214c2f5e87bad3c948f4d605d) (ScriptedImporter) -> (artifact id: '61ee4e83d19171e5400f7f0d7a4bed2c') in 0.0065923 seconds
Number of updated asset objects reloaded before import = 0Number of asset objects unloaded after import = 0

========================================================================
Received Import Request.
  Time since last request: 0.000109 seconds.
  path: Packages/com.unity.inputsystem/InputSystem/Events/InputEventStream.cs
  artifactKey: Guid(8ccfc0b2d0da54246a3a9a3938b52fa4) Importer(2089858483,b0f066a214c2f5e87bad3c948f4d605d)
Start importing Packages/com.unity.inputsystem/InputSystem/Events/InputEventStream.cs using Guid(8ccfc0b2d0da54246a3a9a3938b52fa4) Importer(2089858483,b0f066a214c2f5e87bad3c948f4d605d) (ScriptedImporter) -> (artifact id: '2beb5c8a51ddaf0ae2a1f4262e35edf0') in 0.0056757 seconds
Number of updated asset objects reloaded before import = 0Number of asset objects unloaded after import = 0

========================================================================
Received Import Request.
  Time since last request: 0.000099 seconds.
  path: Packages/com.unity.inputsystem/InputSystem/Editor/Icons/d_ChevronUp@2x.png
  artifactKey: Guid(a89bfcdeffde84e7ebf930d44b695435) Importer(2089858483,b0f066a214c2f5e87bad3c948f4d605d)
Start importing Packages/com.unity.inputsystem/InputSystem/Editor/Icons/d_ChevronUp@2x.png using Guid(a89bfcdeffde84e7ebf930d44b695435) Importer(2089858483,b0f066a214c2f5e87bad3c948f4d605d) (ScriptedImporter) -> (artifact id: 'fcee3b6075bd0dccc061549e8314763a') in 0.0140638 seconds
Number of updated asset objects reloaded before import = 0Number of asset objects unloaded after import = 1

========================================================================
Received Import Request.
  Time since last request: 0.000051 seconds.
  path: Packages/com.unity.inputsystem/InputSystem/Controls/InputControlList.cs
  artifactKey: Guid(543792e79adf14478b4a00527bbefce1) Importer(2089858483,b0f066a214c2f5e87bad3c948f4d605d)
Start importing Packages/com.unity.inputsystem/InputSystem/Controls/InputControlList.cs using Guid(543792e79adf14478b4a00527bbefce1) Importer(2089858483,b0f066a214c2f5e87bad3c948f4d605d) (ScriptedImporter) -> (artifact id: '5c29502f4930f31f1aeae43c585f0b06') in 0.0072504 seconds
Number of updated asset objects reloaded before import = 0Number of asset objects unloaded after import = 0

========================================================================
Received Import Request.
  Time since last request: 0.000122 seconds.
  path: Packages/com.unity.inputsystem/InputSystem/Editor/Icons/Touch@3x.png
  artifactKey: Guid(9ad5d5b6a25b749e78b4950eae0a8ec2) Importer(2089858483,b0f066a214c2f5e87bad3c948f4d605d)
Start importing Packages/com.unity.inputsystem/InputSystem/Editor/Icons/Touch@3x.png using Guid(9ad5d5b6a25b749e78b4950eae0a8ec2) Importer(2089858483,b0f066a214c2f5e87bad3c948f4d605d) (ScriptedImporter) -> (artifact id: '13c0545ed85ee0c6dbba16e77e6885a8') in 0.0131588 seconds
Number of updated asset objects reloaded before import = 0Number of asset objects unloaded after import = 1

========================================================================
Received Import Request.
  Time since last request: 0.000066 seconds.
  path: Packages/com.unity.inputsystem/InputSystem/Devices/IEventMerger.cs
  artifactKey: Guid(7522ce067dfd4acf8e9e136fc7a0ab64) Importer(2089858483,b0f066a214c2f5e87bad3c948f4d605d)
Start importing Packages/com.unity.inputsystem/InputSystem/Devices/IEventMerger.cs using Guid(7522ce067dfd4acf8e9e136fc7a0ab64) Importer(2089858483,b0f066a214c2f5e87bad3c948f4d605d) (ScriptedImporter) -> (artifact id: '638ab96f1e9ee92076c7cfa2746d13ed') in 0.0051844 seconds
Number of updated asset objects reloaded before import = 0Number of asset objects unloaded after import = 0

========================================================================
Received Import Request.
  Time since last request: 0.000052 seconds.
  path: Packages/com.unity.inputsystem/InputSystem/State/IInputStateTypeInfo.cs
  artifactKey: Guid(bdf4b325f88d407f9013b427a6b33c58) Importer(2089858483,b0f066a214c2f5e87bad3c948f4d605d)
Start importing Packages/com.unity.inputsystem/InputSystem/State/IInputStateTypeInfo.cs using Guid(bdf4b325f88d407f9013b427a6b33c58) Importer(2089858483,b0f066a214c2f5e87bad3c948f4d605d) (ScriptedImporter) -> (artifact id: '59e88b1e8beb7d556a96e9bc32e50d26') in 0.0056963 seconds
Number of updated asset objects reloaded before import = 0Number of asset objects unloaded after import = 0

========================================================================
Received Import Request.
  Time since last request: 0.000060 seconds.
  path: Packages/com.unity.inputsystem/InputSystem/Devices/Commands/QueryPairedUserAccountCommand.cs
  artifactKey: Guid(5c6284fecb53e48ee832bc14c64be6fb) Importer(2089858483,b0f066a214c2f5e87bad3c948f4d605d)
Start importing Packages/com.unity.inputsystem/InputSystem/Devices/Commands/QueryPairedUserAccountCommand.cs using Guid(5c6284fecb53e48ee832bc14c64be6fb) Importer(2089858483,b0f066a214c2f5e87bad3c948f4d605d) (ScriptedImporter) -> (artifact id: '05fc41769d263d4f6141315c5cca48b0') in 0.0053682 seconds
Number of updated asset objects reloaded before import = 0Number of asset objects unloaded after import = 0

========================================================================
Received Import Request.
  Time since last request: 0.000113 seconds.
  path: Packages/com.unity.multiplayer.center/Editor/AssemblyInfo.cs
  artifactKey: Guid(51566b3736df4282bbe76645014b0cc5) Importer(2089858483,b0f066a214c2f5e87bad3c948f4d605d)
Start importing Packages/com.unity.multiplayer.center/Editor/AssemblyInfo.cs using Guid(51566b3736df4282bbe76645014b0cc5) Importer(2089858483,b0f066a214c2f5e87bad3c948f4d605d) (ScriptedImporter) -> (artifact id: '268430f59f757d330ee910109fa616ea') in 0.0068311 seconds
Number of updated asset objects reloaded before import = 0Number of asset objects unloaded after import = 0

========================================================================
Received Import Request.
  Time since last request: 0.000019 seconds.
  path: Packages/com.unity.inputsystem/InputSystem/Editor/AssetEditor/NameAndParameterListView.cs
  artifactKey: Guid(da649da79e1b9455791f5ddd31355edc) Importer(2089858483,b0f066a214c2f5e87bad3c948f4d605d)
Start importing Packages/com.unity.inputsystem/InputSystem/Editor/AssetEditor/NameAndParameterListView.cs using Guid(da649da79e1b9455791f5ddd31355edc) Importer(2089858483,b0f066a214c2f5e87bad3c948f4d605d) (ScriptedImporter) -> (artifact id: '7e2b2ff76e13cec7a3b9c72059197928') in 0.0067441 seconds
Number of updated asset objects reloaded before import = 0Number of asset objects unloaded after import = 0

========================================================================
Received Import Request.
  Time since last request: 0.000099 seconds.
  path: Packages/com.unity.inputsystem/InputSystem/Editor/InputLayoutCodeGenerator.cs
  artifactKey: Guid(f2e097e509554eb3ac5f90f972220e3d) Importer(2089858483,b0f066a214c2f5e87bad3c948f4d605d)
Start importing Packages/com.unity.inputsystem/InputSystem/Editor/InputLayoutCodeGenerator.cs using Guid(f2e097e509554eb3ac5f90f972220e3d) Importer(2089858483,b0f066a214c2f5e87bad3c948f4d605d) (ScriptedImporter) -> (artifact id: 'a1cf9c6e37a15595ee8ba1e0b8133862') in 0.0052357 seconds
Number of updated asset objects reloaded before import = 0Number of asset objects unloaded after import = 0

========================================================================
Received Import Request.
  Time since last request: 0.000067 seconds.
  path: Packages/com.unity.performance.profile-analyzer/Editor/AssemblyInfo.cs
  artifactKey: Guid(dcb585fc3518ff949912f2d4fff2e26f) Importer(2089858483,b0f066a214c2f5e87bad3c948f4d605d)
Start importing Packages/com.unity.performance.profile-analyzer/Editor/AssemblyInfo.cs using Guid(dcb585fc3518ff949912f2d4fff2e26f) Importer(2089858483,b0f066a214c2f5e87bad3c948f4d605d) (ScriptedImporter) -> (artifact id: '0c7c7f7c569d380527743d14c2a6847f') in 0.005609 seconds
Number of updated asset objects reloaded before import = 0Number of asset objects unloaded after import = 0

========================================================================
Received Import Request.
  Time since last request: 0.000064 seconds.
  path: Packages/com.unity.inputsystem/InputSystem/Editor/Icons/MultiplayerEventSystem@64.png
  artifactKey: Guid(6a237171e2346e3458db37eb0f90d42b) Importer(2089858483,b0f066a214c2f5e87bad3c948f4d605d)
Start importing Packages/com.unity.inputsystem/InputSystem/Editor/Icons/MultiplayerEventSystem@64.png using Guid(6a237171e2346e3458db37eb0f90d42b) Importer(2089858483,b0f066a214c2f5e87bad3c948f4d605d) (ScriptedImporter) -> (artifact id: 'c366427acc6eda99b91a00cecd5afd4b') in 0.0111783 seconds
Number of updated asset objects reloaded before import = 0Number of asset objects unloaded after import = 1

========================================================================
Received Import Request.
  Time since last request: 0.000048 seconds.
  path: Packages/com.unity.performance.profile-analyzer/Tests/Editor/ProfileDataAPITests.cs
  artifactKey: Guid(542691619c7a540408193902ae073a51) Importer(2089858483,b0f066a214c2f5e87bad3c948f4d605d)
Start importing Packages/com.unity.performance.profile-analyzer/Tests/Editor/ProfileDataAPITests.cs using Guid(542691619c7a540408193902ae073a51) Importer(2089858483,b0f066a214c2f5e87bad3c948f4d605d) (ScriptedImporter) -> (artifact id: 'c6247bbe58d5438ef3c1e9528ffa52d2') in 0.0074618 seconds
Number of updated asset objects reloaded before import = 0Number of asset objects unloaded after import = 0

========================================================================
Received Import Request.
  Time since last request: 0.000105 seconds.
  path: Packages/com.unity.inputsystem/InputSystem/Editor/Icons/d_Pen@3x.png
  artifactKey: Guid(17b3fef87d666459d860ad88452862da) Importer(2089858483,b0f066a214c2f5e87bad3c948f4d605d)
Start importing Packages/com.unity.inputsystem/InputSystem/Editor/Icons/d_Pen@3x.png using Guid(17b3fef87d666459d860ad88452862da) Importer(2089858483,b0f066a214c2f5e87bad3c948f4d605d) (ScriptedImporter) -> (artifact id: '4993f3680391585e66cff2caee1de073') in 0.0129377 seconds
Number of updated asset objects reloaded before import = 0Number of asset objects unloaded after import = 1

========================================================================
Received Import Request.
  Time since last request: 0.000081 seconds.
  path: Packages/com.unity.settings-manager/Editor/SettingsDictionary.cs
  artifactKey: Guid(67c0fca06520e4f78923163f9541ba6c) Importer(2089858483,b0f066a214c2f5e87bad3c948f4d605d)
Start importing Packages/com.unity.settings-manager/Editor/SettingsDictionary.cs using Guid(67c0fca06520e4f78923163f9541ba6c) Importer(2089858483,b0f066a214c2f5e87bad3c948f4d605d) (ScriptedImporter) -> (artifact id: 'bbf99d4f8f657d544f29365d8abec42b') in 0.005844 seconds
Number of updated asset objects reloaded before import = 0Number of asset objects unloaded after import = 0

========================================================================
Received Import Request.
  Time since last request: 0.000094 seconds.
  path: Packages/com.unity.performance.profile-analyzer/Editor/TopMarkerList.cs
  artifactKey: Guid(4e7e7da63135a4cda9b821c5d96c7b4a) Importer(2089858483,b0f066a214c2f5e87bad3c948f4d605d)
Start importing Packages/com.unity.performance.profile-analyzer/Editor/TopMarkerList.cs using Guid(4e7e7da63135a4cda9b821c5d96c7b4a) Importer(2089858483,b0f066a214c2f5e87bad3c948f4d605d) (ScriptedImporter) -> (artifact id: '3200a7c5969fbd1bd24bbf4cf755c501') in 0.0067165 seconds
Number of updated asset objects reloaded before import = 0Number of asset objects unloaded after import = 0

========================================================================
Received Import Request.
  Time since last request: 0.000156 seconds.
  path: Packages/com.unity.inputsystem/LICENSE.md
  artifactKey: Guid(9166eed4756114bdaa498aca2df93e19) Importer(2089858483,b0f066a214c2f5e87bad3c948f4d605d)
Start importing Packages/com.unity.inputsystem/LICENSE.md using Guid(9166eed4756114bdaa498aca2df93e19) Importer(2089858483,b0f066a214c2f5e87bad3c948f4d605d) (ScriptedImporter) -> (artifact id: 'f53cd365a635255e4730b54c9ae88364') in 0.0063862 seconds
Number of updated asset objects reloaded before import = 0Number of asset objects unloaded after import = 1

========================================================================
Received Import Request.
  Time since last request: 0.000158 seconds.
  path: Packages/com.unity.inputsystem/InputSystem/Plugins/Linux/SDLDeviceBuilder.cs
  artifactKey: Guid(2ab54adba6d259742a9022c514b04149) Importer(2089858483,b0f066a214c2f5e87bad3c948f4d605d)
Start importing Packages/com.unity.inputsystem/InputSystem/Plugins/Linux/SDLDeviceBuilder.cs using Guid(2ab54adba6d259742a9022c514b04149) Importer(2089858483,b0f066a214c2f5e87bad3c948f4d605d) (ScriptedImporter) -> (artifact id: '51833f6e02e16a504f133b3bab52dccb') in 0.0058036 seconds
Number of updated asset objects reloaded before import = 0Number of asset objects unloaded after import = 0

========================================================================
Received Import Request.
  Time since last request: 0.000102 seconds.
  path: Packages/com.unity.inputsystem/InputSystem/Editor/ProjectWideActions/ProjectWideActionsTemplate.json
  artifactKey: Guid(8a190d472354bb845973412ac9c5c477) Importer(2089858483,b0f066a214c2f5e87bad3c948f4d605d)
Start importing Packages/com.unity.inputsystem/InputSystem/Editor/ProjectWideActions/ProjectWideActionsTemplate.json using Guid(8a190d472354bb845973412ac9c5c477) Importer(2089858483,b0f066a214c2f5e87bad3c948f4d605d) (ScriptedImporter) -> (artifact id: '499cfe100c698f89847199202e77e4da') in 0.0073426 seconds
Number of updated asset objects reloaded before import = 0Number of asset objects unloaded after import = 1

========================================================================
Received Import Request.
  Time since last request: 0.000056 seconds.
  path: Packages/com.unity.inputsystem/InputSystem/Actions/InputBinding.cs
  artifactKey: Guid(49207568c569440f97a5bfe8b4144a16) Importer(2089858483,b0f066a214c2f5e87bad3c948f4d605d)
Start importing Packages/com.unity.inputsystem/InputSystem/Actions/InputBinding.cs using Guid(49207568c569440f97a5bfe8b4144a16) Importer(2089858483,b0f066a214c2f5e87bad3c948f4d605d) (ScriptedImporter) -> (artifact id: '1dc94f8a23253485139b2c7df231152a') in 0.0066997 seconds
Number of updated asset objects reloaded before import = 0Number of asset objects unloaded after import = 0

========================================================================
Received Import Request.
  Time since last request: 0.000086 seconds.
  path: Packages/com.unity.inputsystem/InputSystem/Editor/Icons/Add Binding@3x.png
  artifactKey: Guid(8be1fbf4b24de44c99840805bdae9e40) Importer(2089858483,b0f066a214c2f5e87bad3c948f4d605d)
Start importing Packages/com.unity.inputsystem/InputSystem/Editor/Icons/Add Binding@3x.png using Guid(8be1fbf4b24de44c99840805bdae9e40) Importer(2089858483,b0f066a214c2f5e87bad3c948f4d605d) (ScriptedImporter) -> (artifact id: '649ccf8524d2b0824061591285378b45') in 0.0145466 seconds
Number of updated asset objects reloaded before import = 0Number of asset objects unloaded after import = 1

========================================================================
Received Import Request.
  Time since last request: 0.000051 seconds.
  path: Packages/com.unity.performance.profile-analyzer/Tests/Editor/ProfileAnalyzerEmptyTests.cs
  artifactKey: Guid(df8088010ce864bf5b2342f7d6a5803c) Importer(2089858483,b0f066a214c2f5e87bad3c948f4d605d)
Start importing Packages/com.unity.performance.profile-analyzer/Tests/Editor/ProfileAnalyzerEmptyTests.cs using Guid(df8088010ce864bf5b2342f7d6a5803c) Importer(2089858483,b0f066a214c2f5e87bad3c948f4d605d) (ScriptedImporter) -> (artifact id: '5500a16084f41769f35996d1b7fc5a43') in 0.0061057 seconds
Number of updated asset objects reloaded before import = 0Number of asset objects unloaded after import = 0

========================================================================
Received Import Request.
  Time since last request: 0.000091 seconds.
  path: Packages/com.unity.inputsystem/ValidationExceptions.json
  artifactKey: Guid(d9fe79419851eee4e8c90f7d0f934859) Importer(2089858483,b0f066a214c2f5e87bad3c948f4d605d)
Start importing Packages/com.unity.inputsystem/ValidationExceptions.json using Guid(d9fe79419851eee4e8c90f7d0f934859) Importer(2089858483,b0f066a214c2f5e87bad3c948f4d605d) (ScriptedImporter) -> (artifact id: 'a115fad84fadf9c88d6471bef44bd6ce') in 0.0072097 seconds
Number of updated asset objects reloaded before import = 0Number of asset objects unloaded after import = 1

========================================================================
Received Import Request.
  Time since last request: 0.000069 seconds.
  path: Packages/com.unity.test-framework/UnityEditor.TestRunner/TestRun/Tasks/Platform/PlatformSpecificSuccessfulBuildTask.cs
  artifactKey: Guid(57e7d752d8e6494b9aca2f2724b98761) Importer(2089858483,b0f066a214c2f5e87bad3c948f4d605d)
Start importing Packages/com.unity.test-framework/UnityEditor.TestRunner/TestRun/Tasks/Platform/PlatformSpecificSuccessfulBuildTask.cs using Guid(57e7d752d8e6494b9aca2f2724b98761) Importer(2089858483,b0f066a214c2f5e87bad3c948f4d605d) (ScriptedImporter) -> (artifact id: 'b9217fd2789ff65dcaacd967c7848342') in 0.0065718 seconds
Number of updated asset objects reloaded before import = 0Number of asset objects unloaded after import = 0

========================================================================
Received Import Request.
  Time since last request: 0.000150 seconds.
  path: Packages/com.unity.inputsystem/InputSystem/Devices/Pointer.cs
  artifactKey: Guid(d806525c0444400588f5a7800297b7b5) Importer(2089858483,b0f066a214c2f5e87bad3c948f4d605d)
Start importing Packages/com.unity.inputsystem/InputSystem/Devices/Pointer.cs using Guid(d806525c0444400588f5a7800297b7b5) Importer(2089858483,b0f066a214c2f5e87bad3c948f4d605d) (ScriptedImporter) -> (artifact id: '79a722dd0b274606090f4c2df5894fba') in 0.0054694 seconds
Number of updated asset objects reloaded before import = 0Number of asset objects unloaded after import = 0

========================================================================
Received Import Request.
  Time since last request: 0.000095 seconds.
  path: Packages/com.unity.inputsystem/InputSystem/Controls/Processors/ScaleVector3Processor.cs
  artifactKey: Guid(681942113a3d6460a90af134a86edb78) Importer(2089858483,b0f066a214c2f5e87bad3c948f4d605d)
Start importing Packages/com.unity.inputsystem/InputSystem/Controls/Processors/ScaleVector3Processor.cs using Guid(681942113a3d6460a90af134a86edb78) Importer(2089858483,b0f066a214c2f5e87bad3c948f4d605d) (ScriptedImporter) -> (artifact id: '3f06cd10e45f16ae31fec68bf50c09dd') in 0.0054035 seconds
Number of updated asset objects reloaded before import = 0Number of asset objects unloaded after import = 0

========================================================================
Received Import Request.
  Time since last request: 0.000083 seconds.
  path: Packages/com.unity.inputsystem/InputSystem/Utilities/ExceptionHelpers.cs
  artifactKey: Guid(d717b0e790ee146dd93d1be641984b6a) Importer(2089858483,b0f066a214c2f5e87bad3c948f4d605d)
Start importing Packages/com.unity.inputsystem/InputSystem/Utilities/ExceptionHelpers.cs using Guid(d717b0e790ee146dd93d1be641984b6a) Importer(2089858483,b0f066a214c2f5e87bad3c948f4d605d) (ScriptedImporter) -> (artifact id: '8cedf6c242b5c7a1fe2ceee82b2d39b9') in 0.0057049 seconds
Number of updated asset objects reloaded before import = 0Number of asset objects unloaded after import = 0

========================================================================
Received Import Request.
  Time since last request: 0.000097 seconds.
  path: Packages/com.unity.inputsystem/InputSystem/Plugins/UI/ExtendedSubmitCancelEventData.cs
  artifactKey: Guid(b7430542eee4694469709e804d36cbbb) Importer(2089858483,b0f066a214c2f5e87bad3c948f4d605d)
Start importing Packages/com.unity.inputsystem/InputSystem/Plugins/UI/ExtendedSubmitCancelEventData.cs using Guid(b7430542eee4694469709e804d36cbbb) Importer(2089858483,b0f066a214c2f5e87bad3c948f4d605d) (ScriptedImporter) -> (artifact id: 'c62939391cc3e65895bdd324d04e24e3') in 0.0059781 seconds
Number of updated asset objects reloaded before import = 0Number of asset objects unloaded after import = 0

========================================================================
Received Import Request.
  Time since last request: 0.000134 seconds.
  path: Packages/com.unity.inputsystem/InputSystem/Editor/PropertyDrawers/GamepadButtonPropertyDrawer.cs
  artifactKey: Guid(5e64ea03a5bf05845977ae0cd2e1dd4f) Importer(2089858483,b0f066a214c2f5e87bad3c948f4d605d)
Start importing Packages/com.unity.inputsystem/InputSystem/Editor/PropertyDrawers/GamepadButtonPropertyDrawer.cs using Guid(5e64ea03a5bf05845977ae0cd2e1dd4f) Importer(2089858483,b0f066a214c2f5e87bad3c948f4d605d) (ScriptedImporter) -> (artifact id: 'fd175726cc8f051eaaf49bbc1782b58c') in 0.0072905 seconds
Number of updated asset objects reloaded before import = 0Number of asset objects unloaded after import = 0

========================================================================
Received Import Request.
  Time since last request: 0.000105 seconds.
  path: Packages/com.unity.inputsystem/InputSystem/Editor/Icons/d_ChevronDown.png
  artifactKey: Guid(06ad495fb07444736b59782982d96250) Importer(2089858483,b0f066a214c2f5e87bad3c948f4d605d)
Start importing Packages/com.unity.inputsystem/InputSystem/Editor/Icons/d_ChevronDown.png using Guid(06ad495fb07444736b59782982d96250) Importer(2089858483,b0f066a214c2f5e87bad3c948f4d605d) (ScriptedImporter) -> (artifact id: '4712df05cd8d1295dfa7b7164803ffd0') in 0.0142795 seconds
Number of updated asset objects reloaded before import = 0Number of asset objects unloaded after import = 1

========================================================================
Received Import Request.
  Time since last request: 0.000021 seconds.
  path: Packages/com.unity.inputsystem/InputSystem/Editor/Icons/d_Dpad@3x.png
  artifactKey: Guid(a1b7d9ffed68a47128c5622c13ba4752) Importer(2089858483,b0f066a214c2f5e87bad3c948f4d605d)
Start importing Packages/com.unity.inputsystem/InputSystem/Editor/Icons/d_Dpad@3x.png using Guid(a1b7d9ffed68a47128c5622c13ba4752) Importer(2089858483,b0f066a214c2f5e87bad3c948f4d605d) (ScriptedImporter) -> (artifact id: '8511f5c694863b80f27c51dc8e7b19c5') in 0.0135863 seconds
Number of updated asset objects reloaded before import = 0Number of asset objects unloaded after import = 1

========================================================================
Received Import Request.
  Time since last request: 0.000055 seconds.
  path: Packages/com.unity.inputsystem/InputSystem/Editor/Settings/InputSettingsProvider.cs
  artifactKey: Guid(e8df62e96c8524c2a89b7af40ee100e9) Importer(2089858483,b0f066a214c2f5e87bad3c948f4d605d)
Start importing Packages/com.unity.inputsystem/InputSystem/Editor/Settings/InputSettingsProvider.cs using Guid(e8df62e96c8524c2a89b7af40ee100e9) Importer(2089858483,b0f066a214c2f5e87bad3c948f4d605d) (ScriptedImporter) -> (artifact id: '3e3a52ffc939fac11f4c81a6a42de4ae') in 0.0056283 seconds
Number of updated asset objects reloaded before import = 0Number of asset objects unloaded after import = 0

========================================================================
Received Import Request.
  Time since last request: 0.000086 seconds.
  path: Packages/com.unity.modules.hierarchycore/package.ModuleCompilationTrigger
  artifactKey: Guid(d104359075a97392b803d3d5aebc77f7) Importer(2089858483,b0f066a214c2f5e87bad3c948f4d605d)
Start importing Packages/com.unity.modules.hierarchycore/package.ModuleCompilationTrigger using Guid(d104359075a97392b803d3d5aebc77f7) Importer(2089858483,b0f066a214c2f5e87bad3c948f4d605d) (ScriptedImporter) -> (artifact id: 'd1dccdea98b7d37010825a5d29199a29') in 0.0056639 seconds
Number of updated asset objects reloaded before import = 0Number of asset objects unloaded after import = 1

========================================================================
Received Import Request.
  Time since last request: 0.000037 seconds.
  path: Packages/com.unity.inputsystem/InputSystem/Editor/Icons/Axis@4x.png
  artifactKey: Guid(a940917cc397643afb071010cb2143d9) Importer(2089858483,b0f066a214c2f5e87bad3c948f4d605d)
Start importing Packages/com.unity.inputsystem/InputSystem/Editor/Icons/Axis@4x.png using Guid(a940917cc397643afb071010cb2143d9) Importer(2089858483,b0f066a214c2f5e87bad3c948f4d605d) (ScriptedImporter) -> (artifact id: '187c7a1401078a24cbad6e7690ea9474') in 0.0138288 seconds
Number of updated asset objects reloaded before import = 0Number of asset objects unloaded after import = 1

========================================================================
Received Import Request.
  Time since last request: 0.000075 seconds.
  path: Packages/com.unity.inputsystem/InputSystem/Devices/Commands/QuerySamplingFrequencyCommand.cs
  artifactKey: Guid(1659bf437d849824999b2b9ae9e1518b) Importer(2089858483,b0f066a214c2f5e87bad3c948f4d605d)
Start importing Packages/com.unity.inputsystem/InputSystem/Devices/Commands/QuerySamplingFrequencyCommand.cs using Guid(1659bf437d849824999b2b9ae9e1518b) Importer(2089858483,b0f066a214c2f5e87bad3c948f4d605d) (ScriptedImporter) -> (artifact id: '1133bf77ed3f15f6db9c76dc4d82f9dc') in 0.0061449 seconds
Number of updated asset objects reloaded before import = 0Number of asset objects unloaded after import = 0

========================================================================
Received Import Request.
  Time since last request: 0.000085 seconds.
  path: Packages/com.unity.inputsystem/InputSystem/Devices/Haptics/IHaptics.cs
  artifactKey: Guid(179e4e4b8003406d97463b101f15eb8b) Importer(2089858483,b0f066a214c2f5e87bad3c948f4d605d)
Start importing Packages/com.unity.inputsystem/InputSystem/Devices/Haptics/IHaptics.cs using Guid(179e4e4b8003406d97463b101f15eb8b) Importer(2089858483,b0f066a214c2f5e87bad3c948f4d605d) (ScriptedImporter) -> (artifact id: '05451e36f677b3cc0db27704949ee0eb') in 0.0051272 seconds
Number of updated asset objects reloaded before import = 0Number of asset objects unloaded after import = 0

========================================================================
Received Import Request.
  Time since last request: 0.000083 seconds.
  path: Packages/com.unity.inputsystem/InputSystem/Utilities/PredictiveParser.cs
  artifactKey: Guid(6e4e169a1433dc94cb99eff69a1c6be8) Importer(2089858483,b0f066a214c2f5e87bad3c948f4d605d)
Start importing Packages/com.unity.inputsystem/InputSystem/Utilities/PredictiveParser.cs using Guid(6e4e169a1433dc94cb99eff69a1c6be8) Importer(2089858483,b0f066a214c2f5e87bad3c948f4d605d) (ScriptedImporter) -> (artifact id: '93ed29b17cf49af85f78628a04833b95') in 0.0060244 seconds
Number of updated asset objects reloaded before import = 0Number of asset objects unloaded after import = 0

========================================================================
Received Import Request.
  Time since last request: 0.000060 seconds.
  path: Packages/com.unity.inputsystem/InputSystem/Editor/Settings/InputSettingsBuildProvider.cs
  artifactKey: Guid(20d24cdc563d241d8a6bbbb9e417d100) Importer(2089858483,b0f066a214c2f5e87bad3c948f4d605d)
Start importing Packages/com.unity.inputsystem/InputSystem/Editor/Settings/InputSettingsBuildProvider.cs using Guid(20d24cdc563d241d8a6bbbb9e417d100) Importer(2089858483,b0f066a214c2f5e87bad3c948f4d605d) (ScriptedImporter) -> (artifact id: 'e7897c9f53dd5023987a803b8b38ff19') in 0.0053831 seconds
Number of updated asset objects reloaded before import = 0Number of asset objects unloaded after import = 0

========================================================================
Received Import Request.
  Time since last request: 0.000094 seconds.
  path: Packages/com.unity.multiplayer.center/Editor/MultiplayerCenterWindow/UI/Icons/PackageInstalled.png
  artifactKey: Guid(4616b2fa4acd1429e931835b80966c2a) Importer(2089858483,b0f066a214c2f5e87bad3c948f4d605d)
Start importing Packages/com.unity.multiplayer.center/Editor/MultiplayerCenterWindow/UI/Icons/PackageInstalled.png using Guid(4616b2fa4acd1429e931835b80966c2a) Importer(2089858483,b0f066a214c2f5e87bad3c948f4d605d) (ScriptedImporter) -> (artifact id: 'a88bfb4810524ff867c7d4e1643a95bd') in 0.0125799 seconds
Number of updated asset objects reloaded before import = 0Number of asset objects unloaded after import = 1

========================================================================
Received Import Request.
  Time since last request: 0.000041 seconds.
  path: Packages/com.unity.inputsystem/InputSystem/Editor/Icons/d_Touch@3x.png
  artifactKey: Guid(e77ee65b5139048949dc0ac5614efeec) Importer(2089858483,b0f066a214c2f5e87bad3c948f4d605d)
Start importing Packages/com.unity.inputsystem/InputSystem/Editor/Icons/d_Touch@3x.png using Guid(e77ee65b5139048949dc0ac5614efeec) Importer(2089858483,b0f066a214c2f5e87bad3c948f4d605d) (ScriptedImporter) -> (artifact id: '0fc0265775a6865be33f65dd1cebca27') in 0.0128541 seconds
Number of updated asset objects reloaded before import = 0Number of asset objects unloaded after import = 1

========================================================================
Received Import Request.
  Time since last request: 0.000055 seconds.
  path: Packages/com.unity.inputsystem/InputSystem/State/IInputStateChangeMonitor.cs
  artifactKey: Guid(ab2c7c4773181604f9b207518e96ca1b) Importer(2089858483,b0f066a214c2f5e87bad3c948f4d605d)
Start importing Packages/com.unity.inputsystem/InputSystem/State/IInputStateChangeMonitor.cs using Guid(ab2c7c4773181604f9b207518e96ca1b) Importer(2089858483,b0f066a214c2f5e87bad3c948f4d605d) (ScriptedImporter) -> (artifact id: 'b887e722fa802de84f1920d3db43932d') in 0.006052 seconds
Number of updated asset objects reloaded before import = 0Number of asset objects unloaded after import = 0

========================================================================
Received Import Request.
  Time since last request: 0.000136 seconds.
  path: Packages/com.unity.editorcoroutines/LICENSE.md
  artifactKey: Guid(7fd8423f910d2394b8580e2705aa247a) Importer(2089858483,b0f066a214c2f5e87bad3c948f4d605d)
Start importing Packages/com.unity.editorcoroutines/LICENSE.md using Guid(7fd8423f910d2394b8580e2705aa247a) Importer(2089858483,b0f066a214c2f5e87bad3c948f4d605d) (ScriptedImporter) -> (artifact id: 'df22915e1c480659b6c14bdd45676a1b') in 0.0064541 seconds
Number of updated asset objects reloaded before import = 0Number of asset objects unloaded after import = 1

========================================================================
Received Import Request.
  Time since last request: 0.000074 seconds.
  path: Packages/com.unity.inputsystem/InputSystem/Actions/InputActionReference.cs
  artifactKey: Guid(fc1515ab76e54f068e2f2207940fab32) Importer(2089858483,b0f066a214c2f5e87bad3c948f4d605d)
Start importing Packages/com.unity.inputsystem/InputSystem/Actions/InputActionReference.cs using Guid(fc1515ab76e54f068e2f2207940fab32) Importer(2089858483,b0f066a214c2f5e87bad3c948f4d605d) (ScriptedImporter) -> (artifact id: '5e9468ecb39882ca20b87083376ab033') in 0.006523 seconds
Number of updated asset objects reloaded before import = 0Number of asset objects unloaded after import = 0

========================================================================
Received Import Request.
  Time since last request: 0.000076 seconds.
  path: Packages/com.unity.inputsystem/InputSystem/Editor/Icons/d_Position@2x.png
  artifactKey: Guid(2552e303d22424da2ad62552efbd06e8) Importer(2089858483,b0f066a214c2f5e87bad3c948f4d605d)
Start importing Packages/com.unity.inputsystem/InputSystem/Editor/Icons/d_Position@2x.png using Guid(2552e303d22424da2ad62552efbd06e8) Importer(2089858483,b0f066a214c2f5e87bad3c948f4d605d) (ScriptedImporter) -> (artifact id: '2fabd21bbe68fea91dcdc3f722ce81ac') in 0.0126395 seconds
Number of updated asset objects reloaded before import = 0Number of asset objects unloaded after import = 1

========================================================================
Received Import Request.
  Time since last request: 0.000060 seconds.
  path: Packages/com.unity.inputsystem/InputSystem/Editor/Icons/d_Mouse@3x.png
  artifactKey: Guid(6164e492ad3164525ab8ecd9968c3a64) Importer(2089858483,b0f066a214c2f5e87bad3c948f4d605d)
Start importing Packages/com.unity.inputsystem/InputSystem/Editor/Icons/d_Mouse@3x.png using Guid(6164e492ad3164525ab8ecd9968c3a64) Importer(2089858483,b0f066a214c2f5e87bad3c948f4d605d) (ScriptedImporter) -> (artifact id: '6d50434847a7c5e356e9bb7d72335ce1') in 0.0123509 seconds
Number of updated asset objects reloaded before import = 0Number of asset objects unloaded after import = 1

========================================================================
Received Import Request.
  Time since last request: 0.000098 seconds.
  path: Packages/com.unity.inputsystem/InputSystem/Editor/Icons/Button@2x.png
  artifactKey: Guid(1c37f00575bd6494ea726be5afee89b9) Importer(2089858483,b0f066a214c2f5e87bad3c948f4d605d)
Start importing Packages/com.unity.inputsystem/InputSystem/Editor/Icons/Button@2x.png using Guid(1c37f00575bd6494ea726be5afee89b9) Importer(2089858483,b0f066a214c2f5e87bad3c948f4d605d) (ScriptedImporter) -> (artifact id: '88b5733e74d0ee318c0b7ae39f534fc6') in 0.0153117 seconds
Number of updated asset objects reloaded before import = 0Number of asset objects unloaded after import = 1

========================================================================
Received Import Request.
  Time since last request: 0.000026 seconds.
  path: Packages/com.unity.modules.audio/package.json
  artifactKey: Guid(e9df95f53f1c1d0c9199e235d6c42b50) Importer(2089858483,b0f066a214c2f5e87bad3c948f4d605d)
Start importing Packages/com.unity.modules.audio/package.json using Guid(e9df95f53f1c1d0c9199e235d6c42b50) Importer(2089858483,b0f066a214c2f5e87bad3c948f4d605d) (ScriptedImporter) -> (artifact id: '6383f9af5d82a9986894c6b92814f2ea') in 0.0096143 seconds
Number of updated asset objects reloaded before import = 0Number of asset objects unloaded after import = 1

========================================================================
Received Import Request.
  Time since last request: 0.000022 seconds.
  path: Packages/com.unity.multiplayer.center/Editor/Recommendations/RecommendationData_6000.0.recommendations
  artifactKey: Guid(b66d076cdcfe3b14388de66307a0e7ff) Importer(2089858483,b0f066a214c2f5e87bad3c948f4d605d)
Start importing Packages/com.unity.multiplayer.center/Editor/Recommendations/RecommendationData_6000.0.recommendations using Guid(b66d076cdcfe3b14388de66307a0e7ff) Importer(2089858483,b0f066a214c2f5e87bad3c948f4d605d) (ScriptedImporter) -> (artifact id: '73fe1ab20e2a3ca541297ba4158027c4') in 0.0078285 seconds
Number of updated asset objects reloaded before import = 0Number of asset objects unloaded after import = 1

========================================================================
Received Import Request.
  Time since last request: 0.000103 seconds.
  path: Packages/com.unity.inputsystem/InputSystem/Utilities/CSharpCodeHelpers.cs
  artifactKey: Guid(7c6a2891083312645a7be416176261c1) Importer(2089858483,b0f066a214c2f5e87bad3c948f4d605d)
Start importing Packages/com.unity.inputsystem/InputSystem/Utilities/CSharpCodeHelpers.cs using Guid(7c6a2891083312645a7be416176261c1) Importer(2089858483,b0f066a214c2f5e87bad3c948f4d605d) (ScriptedImporter) -> (artifact id: '33ea662d5be99f0fce5b71461fcc1c39') in 0.0068293 seconds
Number of updated asset objects reloaded before import = 0Number of asset objects unloaded after import = 0

========================================================================
Received Import Request.
  Time since last request: 0.000061 seconds.
  path: Packages/com.unity.inputsystem/InputSystem/Editor/Icons/Keyboard.png
  artifactKey: Guid(5a5b9538c3aaa4587856e68a93a92a51) Importer(2089858483,b0f066a214c2f5e87bad3c948f4d605d)
Start importing Packages/com.unity.inputsystem/InputSystem/Editor/Icons/Keyboard.png using Guid(5a5b9538c3aaa4587856e68a93a92a51) Importer(2089858483,b0f066a214c2f5e87bad3c948f4d605d) (ScriptedImporter) -> (artifact id: 'a6c403707cef37b5a13dbb35c54533e5') in 0.0146694 seconds
Number of updated asset objects reloaded before import = 0Number of asset objects unloaded after import = 1

========================================================================
Received Import Request.
  Time since last request: 0.000058 seconds.
  path: Packages/com.unity.inputsystem/InputSystem/Controls/Processors/NormalizeVector2Processor.cs
  artifactKey: Guid(6ae082cf4f6634e9d8cdd8526dd816a3) Importer(2089858483,b0f066a214c2f5e87bad3c948f4d605d)
Start importing Packages/com.unity.inputsystem/InputSystem/Controls/Processors/NormalizeVector2Processor.cs using Guid(6ae082cf4f6634e9d8cdd8526dd816a3) Importer(2089858483,b0f066a214c2f5e87bad3c948f4d605d) (ScriptedImporter) -> (artifact id: '358b70c17cd38c93df94b41246c54a01') in 0.0074573 seconds
Number of updated asset objects reloaded before import = 0Number of asset objects unloaded after import = 0

========================================================================
Received Import Request.
  Time since last request: 0.000133 seconds.
  path: Packages/com.unity.inputsystem/InputSystem/Editor/PropertyDrawers/InputActionReferenceSearchProviders.cs
  artifactKey: Guid(baaf1bd005134bc6825c06f3510c6643) Importer(2089858483,b0f066a214c2f5e87bad3c948f4d605d)
Start importing Packages/com.unity.inputsystem/InputSystem/Editor/PropertyDrawers/InputActionReferenceSearchProviders.cs using Guid(baaf1bd005134bc6825c06f3510c6643) Importer(2089858483,b0f066a214c2f5e87bad3c948f4d605d) (ScriptedImporter) -> (artifact id: '0fe89a1cdd87a561a6497ec856764084') in 0.0072976 seconds
Number of updated asset objects reloaded before import = 0Number of asset objects unloaded after import = 0

========================================================================
Received Import Request.
  Time since last request: 0.000106 seconds.
  path: Packages/com.unity.inputsystem/InputSystem/Editor/Icons/d_Keyboard@3x.png
  artifactKey: Guid(9ec4e316700da46b88741a8153b33963) Importer(2089858483,b0f066a214c2f5e87bad3c948f4d605d)
Start importing Packages/com.unity.inputsystem/InputSystem/Editor/Icons/d_Keyboard@3x.png using Guid(9ec4e316700da46b88741a8153b33963) Importer(2089858483,b0f066a214c2f5e87bad3c948f4d605d) (ScriptedImporter) -> (artifact id: '33844da9e58b3d4d7257b909483a3773') in 0.0169653 seconds
Number of updated asset objects reloaded before import = 0Number of asset objects unloaded after import = 1

========================================================================
Received Import Request.
  Time since last request: 0.000021 seconds.
  path: Packages/com.unity.inputsystem/InputSystem/Actions/InputActionState.cs
  artifactKey: Guid(ca5a63bf867c240879f2eb2179771ffb) Importer(2089858483,b0f066a214c2f5e87bad3c948f4d605d)
Start importing Packages/com.unity.inputsystem/InputSystem/Actions/InputActionState.cs using Guid(ca5a63bf867c240879f2eb2179771ffb) Importer(2089858483,b0f066a214c2f5e87bad3c948f4d605d) (ScriptedImporter) -> (artifact id: 'de3004344968a0fe428d8560bc4b7a11') in 0.0076114 seconds
Number of updated asset objects reloaded before import = 0Number of asset objects unloaded after import = 0

========================================================================
Received Import Request.
  Time since last request: 0.000094 seconds.
  path: Packages/com.unity.inputsystem/InputSystem/Devices/Commands/EnableIMECompositionCommand.cs
  artifactKey: Guid(9e0ea5a9f932f6541962b1bf7934f7c3) Importer(2089858483,b0f066a214c2f5e87bad3c948f4d605d)
Start importing Packages/com.unity.inputsystem/InputSystem/Devices/Commands/EnableIMECompositionCommand.cs using Guid(9e0ea5a9f932f6541962b1bf7934f7c3) Importer(2089858483,b0f066a214c2f5e87bad3c948f4d605d) (ScriptedImporter) -> (artifact id: 'd5832459ed9ef24e61cb90d84be26d4c') in 0.0072223 seconds
Number of updated asset objects reloaded before import = 0Number of asset objects unloaded after import = 0

========================================================================
Received Import Request.
  Time since last request: 0.000223 seconds.
  path: Packages/com.unity.inputsystem/InputSystem/Plugins/HID/HID.cs
  artifactKey: Guid(8806f46699a44c39a6a66c5d07772871) Importer(2089858483,b0f066a214c2f5e87bad3c948f4d605d)
Start importing Packages/com.unity.inputsystem/InputSystem/Plugins/HID/HID.cs using Guid(8806f46699a44c39a6a66c5d07772871) Importer(2089858483,b0f066a214c2f5e87bad3c948f4d605d) (ScriptedImporter) -> (artifact id: 'fc2b3a0165f1f49b5a9f705ceb4a3b4a') in 0.0071699 seconds
Number of updated asset objects reloaded before import = 0Number of asset objects unloaded after import = 0

========================================================================
Received Import Request.
  Time since last request: 0.000048 seconds.
  path: Packages/com.unity.inputsystem/InputSystem/Utilities/MiscHelpers.cs
  artifactKey: Guid(9d9d9634637c440896a123c44c9e262b) Importer(2089858483,b0f066a214c2f5e87bad3c948f4d605d)
Start importing Packages/com.unity.inputsystem/InputSystem/Utilities/MiscHelpers.cs using Guid(9d9d9634637c440896a123c44c9e262b) Importer(2089858483,b0f066a214c2f5e87bad3c948f4d605d) (ScriptedImporter) -> (artifact id: '3c1c31f07f9bd577f0326b16166c852d') in 0.0077011 seconds
Number of updated asset objects reloaded before import = 0Number of asset objects unloaded after import = 0

========================================================================
Received Import Request.
  Time since last request: 0.000083 seconds.
  path: Packages/com.unity.inputsystem/InputSystem/Plugins/UI/PointerModel.cs
  artifactKey: Guid(e04d6d4984c7d164096e271f20932849) Importer(2089858483,b0f066a214c2f5e87bad3c948f4d605d)
Start importing Packages/com.unity.inputsystem/InputSystem/Plugins/UI/PointerModel.cs using Guid(e04d6d4984c7d164096e271f20932849) Importer(2089858483,b0f066a214c2f5e87bad3c948f4d605d) (ScriptedImporter) -> (artifact id: '1b6981a64da6f70fbe203fbac04d16ee') in 0.0060071 seconds
Number of updated asset objects reloaded before import = 0Number of asset objects unloaded after import = 0

========================================================================
Received Import Request.
  Time since last request: 0.000138 seconds.
  path: Packages/com.unity.inputsystem/InputSystem/Actions/Composites/OneModifierComposite.cs
  artifactKey: Guid(1a0a9c8a3d9c4893ab5389e009563314) Importer(2089858483,b0f066a214c2f5e87bad3c948f4d605d)
Start importing Packages/com.unity.inputsystem/InputSystem/Actions/Composites/OneModifierComposite.cs using Guid(1a0a9c8a3d9c4893ab5389e009563314) Importer(2089858483,b0f066a214c2f5e87bad3c948f4d605d) (ScriptedImporter) -> (artifact id: '1c9646b5fc9a467d9d7996cab4db024c') in 0.0057518 seconds
Number of updated asset objects reloaded before import = 0Number of asset objects unloaded after import = 0

========================================================================
Received Import Request.
  Time since last request: 0.000117 seconds.
  path: Packages/com.unity.ext.nunit/CHANGELOG.md
  artifactKey: Guid(f49bbe06ffa5ae24abe32abdab430c24) Importer(2089858483,b0f066a214c2f5e87bad3c948f4d605d)
Start importing Packages/com.unity.ext.nunit/CHANGELOG.md using Guid(f49bbe06ffa5ae24abe32abdab430c24) Importer(2089858483,b0f066a214c2f5e87bad3c948f4d605d) (ScriptedImporter) -> (artifact id: 'e4ad5c6ff7dbea1e206c36d74ffd200c') in 0.0067322 seconds
Number of updated asset objects reloaded before import = 0Number of asset objects unloaded after import = 1

========================================================================
Received Import Request.
  Time since last request: 0.000069 seconds.
  path: Packages/com.unity.inputsystem/InputSystem/Utilities/DelegateHelpers.cs
  artifactKey: Guid(bb83bbf668a324899963d1ea424c5ad0) Importer(2089858483,b0f066a214c2f5e87bad3c948f4d605d)
Start importing Packages/com.unity.inputsystem/InputSystem/Utilities/DelegateHelpers.cs using Guid(bb83bbf668a324899963d1ea424c5ad0) Importer(2089858483,b0f066a214c2f5e87bad3c948f4d605d) (ScriptedImporter) -> (artifact id: '8c9a5a49f6da1a8e88e2690d64ca23c5') in 0.0060168 seconds
Number of updated asset objects reloaded before import = 0Number of asset objects unloaded after import = 0

========================================================================
Received Import Request.
  Time since last request: 0.000092 seconds.
  path: Packages/com.unity.inputsystem/InputSystem/Editor/Icons/d_Touch@4x.png
  artifactKey: Guid(6db042035460c4167a6ab8d1ac3c2681) Importer(2089858483,b0f066a214c2f5e87bad3c948f4d605d)
Start importing Packages/com.unity.inputsystem/InputSystem/Editor/Icons/d_Touch@4x.png using Guid(6db042035460c4167a6ab8d1ac3c2681) Importer(2089858483,b0f066a214c2f5e87bad3c948f4d605d) (ScriptedImporter) -> (artifact id: '7db98b90fae65b9150e8cbf3fe5ae4ce') in 0.0121094 seconds
Number of updated asset objects reloaded before import = 0Number of asset objects unloaded after import = 1

========================================================================
Received Import Request.
  Time since last request: 0.000071 seconds.
  path: Packages/com.unity.inputsystem/InputSystem/Editor/Analytics/PlayerInputManagerEditorAnalytic.cs
  artifactKey: Guid(199b31cbe22b4c269aa78f8139347afd) Importer(2089858483,b0f066a214c2f5e87bad3c948f4d605d)
Start importing Packages/com.unity.inputsystem/InputSystem/Editor/Analytics/PlayerInputManagerEditorAnalytic.cs using Guid(199b31cbe22b4c269aa78f8139347afd) Importer(2089858483,b0f066a214c2f5e87bad3c948f4d605d) (ScriptedImporter) -> (artifact id: '42ef98af110454c114270e0be1a83ea9') in 0.0057652 seconds
Number of updated asset objects reloaded before import = 0Number of asset objects unloaded after import = 0

========================================================================
Received Import Request.
  Time since last request: 0.000078 seconds.
  path: Packages/com.unity.inputsystem/InputSystem/Editor/Icons/Joystick@4x.png
  artifactKey: Guid(f58c918f135bd4b8abe5fdb06bda7f4d) Importer(2089858483,b0f066a214c2f5e87bad3c948f4d605d)
Start importing Packages/com.unity.inputsystem/InputSystem/Editor/Icons/Joystick@4x.png using Guid(f58c918f135bd4b8abe5fdb06bda7f4d) Importer(2089858483,b0f066a214c2f5e87bad3c948f4d605d) (ScriptedImporter) -> (artifact id: '7a93c66c2fe234edc29f5472b72952fb') in 0.0132126 seconds
Number of updated asset objects reloaded before import = 0Number of asset objects unloaded after import = 1

========================================================================
Received Import Request.
  Time since last request: 0.000093 seconds.
  path: Packages/com.unity.multiplayer.center/Tests/Editor/AssemblyInfo.cs
  artifactKey: Guid(89ffa359141b49fea9bfa6a1db3b18be) Importer(2089858483,b0f066a214c2f5e87bad3c948f4d605d)
Start importing Packages/com.unity.multiplayer.center/Tests/Editor/AssemblyInfo.cs using Guid(89ffa359141b49fea9bfa6a1db3b18be) Importer(2089858483,b0f066a214c2f5e87bad3c948f4d605d) (ScriptedImporter) -> (artifact id: '882fe801ed8e78e78a68d8acdc94d2c9') in 0.0058659 seconds
Number of updated asset objects reloaded before import = 0Number of asset objects unloaded after import = 0

========================================================================
Received Import Request.
  Time since last request: 0.000044 seconds.
  path: Packages/com.unity.inputsystem/InputSystem/Plugins/OSX/OSXGameController.cs
  artifactKey: Guid(b9817b64a59aab947a96a4cf6247d018) Importer(2089858483,b0f066a214c2f5e87bad3c948f4d605d)
Start importing Packages/com.unity.inputsystem/InputSystem/Plugins/OSX/OSXGameController.cs using Guid(b9817b64a59aab947a96a4cf6247d018) Importer(2089858483,b0f066a214c2f5e87bad3c948f4d605d) (ScriptedImporter) -> (artifact id: 'd47a6f19d45a5187a9a326a2ab0fe4ac') in 0.0057059 seconds
Number of updated asset objects reloaded before import = 0Number of asset objects unloaded after import = 0

========================================================================
Received Import Request.
  Time since last request: 0.000117 seconds.
  path: Packages/com.unity.multiplayer.center/Editor/Questionnaire/Logic.cs
  artifactKey: Guid(d9beb5106d424f23902054f76d4b673d) Importer(2089858483,b0f066a214c2f5e87bad3c948f4d605d)
Start importing Packages/com.unity.multiplayer.center/Editor/Questionnaire/Logic.cs using Guid(d9beb5106d424f23902054f76d4b673d) Importer(2089858483,b0f066a214c2f5e87bad3c948f4d605d) (ScriptedImporter) -> (artifact id: '1f3c88a1372c92d480b738bca8877508') in 0.0058963 seconds
Number of updated asset objects reloaded before import = 0Number of asset objects unloaded after import = 0

========================================================================
Received Import Request.
  Time since last request: 0.000024 seconds.
  path: Packages/com.unity.inputsystem/InputSystem/Editor/Icons/Dpad@3x.png
  artifactKey: Guid(6c1147159d9dc42948601b29dfc9a40c) Importer(2089858483,b0f066a214c2f5e87bad3c948f4d605d)
Start importing Packages/com.unity.inputsystem/InputSystem/Editor/Icons/Dpad@3x.png using Guid(6c1147159d9dc42948601b29dfc9a40c) Importer(2089858483,b0f066a214c2f5e87bad3c948f4d605d) (ScriptedImporter) -> (artifact id: '86d2015f93ff77df4bc1bb779283cc4a') in 0.0146549 seconds
Number of updated asset objects reloaded before import = 0Number of asset objects unloaded after import = 1

========================================================================
Received Import Request.
  Time since last request: 0.000047 seconds.
  path: Packages/com.unity.inputsystem/InputSystem/Plugins/HID/HIDSupport.cs
  artifactKey: Guid(4f0b0cfb7c484e43823c1a038c97a5f3) Importer(2089858483,b0f066a214c2f5e87bad3c948f4d605d)
Start importing Packages/com.unity.inputsystem/InputSystem/Plugins/HID/HIDSupport.cs using Guid(4f0b0cfb7c484e43823c1a038c97a5f3) Importer(2089858483,b0f066a214c2f5e87bad3c948f4d605d) (ScriptedImporter) -> (artifact id: 'e5d9339d82c53592c368a0713db0e6e0') in 0.0064783 seconds
Number of updated asset objects reloaded before import = 0Number of asset objects unloaded after import = 0

========================================================================
Received Import Request.
  Time since last request: 0.000098 seconds.
  path: Packages/com.unity.performance.profile-analyzer/Editor/ProfilerWindowInterface.cs
  artifactKey: Guid(d8e7ffaacab264ab6ba5aa70f432785f) Importer(2089858483,b0f066a214c2f5e87bad3c948f4d605d)
Start importing Packages/com.unity.performance.profile-analyzer/Editor/ProfilerWindowInterface.cs using Guid(d8e7ffaacab264ab6ba5aa70f432785f) Importer(2089858483,b0f066a214c2f5e87bad3c948f4d605d) (ScriptedImporter) -> (artifact id: 'e589cad6a14add38e090607717683a7a') in 0.0082189 seconds
Number of updated asset objects reloaded before import = 0Number of asset objects unloaded after import = 0

========================================================================
Received Import Request.
  Time since last request: 0.000068 seconds.
  path: Packages/com.unity.inputsystem/InputSystem/Events/StateEvent.cs
  artifactKey: Guid(d9ce7842660d4bf89a86f378ecffb8f1) Importer(2089858483,b0f066a214c2f5e87bad3c948f4d605d)
Start importing Packages/com.unity.inputsystem/InputSystem/Events/StateEvent.cs using Guid(d9ce7842660d4bf89a86f378ecffb8f1) Importer(2089858483,b0f066a214c2f5e87bad3c948f4d605d) (ScriptedImporter) -> (artifact id: 'be78fcbb8cb8d78e6c58429e8482fc7e') in 0.0065201 seconds
Number of updated asset objects reloaded before import = 0Number of asset objects unloaded after import = 0

========================================================================
Received Import Request.
  Time since last request: 0.000112 seconds.
  path: Packages/com.unity.multiplayer.center/Editor/Questionnaire/QuestionnaireObject.cs
  artifactKey: Guid(c3677cd9ede84e78b2fff6331c6301da) Importer(2089858483,b0f066a214c2f5e87bad3c948f4d605d)
Start importing Packages/com.unity.multiplayer.center/Editor/Questionnaire/QuestionnaireObject.cs using Guid(c3677cd9ede84e78b2fff6331c6301da) Importer(2089858483,b0f066a214c2f5e87bad3c948f4d605d) (ScriptedImporter) -> (artifact id: '577d718d7a2848eb05f79ea51ac63285') in 0.0066598 seconds
Number of updated asset objects reloaded before import = 0Number of asset objects unloaded after import = 0

========================================================================
Received Import Request.
  Time since last request: 0.000095 seconds.
  path: Packages/com.unity.inputsystem/Tests/TestFixture/InputTestRuntime.cs
  artifactKey: Guid(073f4378d59364199ae19d0486842726) Importer(2089858483,b0f066a214c2f5e87bad3c948f4d605d)
Start importing Packages/com.unity.inputsystem/Tests/TestFixture/InputTestRuntime.cs using Guid(073f4378d59364199ae19d0486842726) Importer(2089858483,b0f066a214c2f5e87bad3c948f4d605d) (ScriptedImporter) -> (artifact id: 'dae0b3d0289de0c75cacc369d0b58580') in 0.005968 seconds
Number of updated asset objects reloaded before import = 0Number of asset objects unloaded after import = 0

========================================================================
Received Import Request.
  Time since last request: 0.000093 seconds.
  path: Packages/com.unity.inputsystem/InputSystem/Plugins/PlayerInput/PlayerInputManager.cs
  artifactKey: Guid(621567455fd1c4ceb811cc8a00b6a1a5) Importer(2089858483,b0f066a214c2f5e87bad3c948f4d605d)
Start importing Packages/com.unity.inputsystem/InputSystem/Plugins/PlayerInput/PlayerInputManager.cs using Guid(621567455fd1c4ceb811cc8a00b6a1a5) Importer(2089858483,b0f066a214c2f5e87bad3c948f4d605d) (ScriptedImporter) -> (artifact id: '31b89856cc21b9a2bba12ece36886d46') in 0.0077409 seconds
Number of updated asset objects reloaded before import = 0Number of asset objects unloaded after import = 1

========================================================================
Received Import Request.
  Time since last request: 0.000026 seconds.
  path: Packages/com.unity.inputsystem/InputSystem/Devices/TrackedDevice.cs
  artifactKey: Guid(d4a83784946017a4182f41a54d468481) Importer(2089858483,b0f066a214c2f5e87bad3c948f4d605d)
Start importing Packages/com.unity.inputsystem/InputSystem/Devices/TrackedDevice.cs using Guid(d4a83784946017a4182f41a54d468481) Importer(2089858483,b0f066a214c2f5e87bad3c948f4d605d) (ScriptedImporter) -> (artifact id: '1d326f986219e2935804bf422cc89153') in 0.0059818 seconds
Number of updated asset objects reloaded before import = 0Number of asset objects unloaded after import = 0

========================================================================
Received Import Request.
  Time since last request: 0.000086 seconds.
  path: Packages/com.unity.inputsystem/InputSystem/Events/DeviceResetEvent.cs
  artifactKey: Guid(7333721cfa334ecdb55d0cb1a3386292) Importer(2089858483,b0f066a214c2f5e87bad3c948f4d605d)
Start importing Packages/com.unity.inputsystem/InputSystem/Events/DeviceResetEvent.cs using Guid(7333721cfa334ecdb55d0cb1a3386292) Importer(2089858483,b0f066a214c2f5e87bad3c948f4d605d) (ScriptedImporter) -> (artifact id: 'da111364351464eff220d8dd09848ebb') in 0.0058446 seconds
Number of updated asset objects reloaded before import = 0Number of asset objects unloaded after import = 0

========================================================================
Received Import Request.
  Time since last request: 0.000145 seconds.
  path: Packages/com.unity.inputsystem/InputSystem/Editor/UITKAssetEditor/SerializedInputActionMap.cs
  artifactKey: Guid(d92ba71f7bef7074eb5d8753a9d09521) Importer(2089858483,b0f066a214c2f5e87bad3c948f4d605d)
Start importing Packages/com.unity.inputsystem/InputSystem/Editor/UITKAssetEditor/SerializedInputActionMap.cs using Guid(d92ba71f7bef7074eb5d8753a9d09521) Importer(2089858483,b0f066a214c2f5e87bad3c948f4d605d) (ScriptedImporter) -> (artifact id: '95a9e233e4676060e44a8f05f7cc7078') in 0.0069231 seconds
Number of updated asset objects reloaded before import = 0Number of asset objects unloaded after import = 0

========================================================================
Received Import Request.
  Time since last request: 0.000069 seconds.
  path: Packages/com.unity.modules.umbra/package.json
  artifactKey: Guid(d85e5eeaf8f135aeaaebdc8aa3cff6c3) Importer(2089858483,b0f066a214c2f5e87bad3c948f4d605d)
Start importing Packages/com.unity.modules.umbra/package.json using Guid(d85e5eeaf8f135aeaaebdc8aa3cff6c3) Importer(2089858483,b0f066a214c2f5e87bad3c948f4d605d) (ScriptedImporter) -> (artifact id: '48975addbd78040163fbb2100fa6840a') in 0.0058658 seconds
Number of updated asset objects reloaded before import = 0Number of asset objects unloaded after import = 1

========================================================================
Received Import Request.
  Time since last request: 0.000124 seconds.
  path: Packages/com.unity.editorcoroutines/Editor/EditorWindowCoroutineExtension.cs
  artifactKey: Guid(e3e62174891db9d43b9adee028159625) Importer(2089858483,b0f066a214c2f5e87bad3c948f4d605d)
Start importing Packages/com.unity.editorcoroutines/Editor/EditorWindowCoroutineExtension.cs using Guid(e3e62174891db9d43b9adee028159625) Importer(2089858483,b0f066a214c2f5e87bad3c948f4d605d) (ScriptedImporter) -> (artifact id: 'b62ee471fd359ddb897da3224889ea47') in 0.0066039 seconds
Number of updated asset objects reloaded before import = 0Number of asset objects unloaded after import = 0

========================================================================
Received Import Request.
  Time since last request: 0.000108 seconds.
  path: Packages/com.unity.inputsystem/InputSystem/Controls/Processors/StickDeadzoneProcessor.cs
  artifactKey: Guid(a327bafe91572467f834d0435da166fb) Importer(2089858483,b0f066a214c2f5e87bad3c948f4d605d)
Start importing Packages/com.unity.inputsystem/InputSystem/Controls/Processors/StickDeadzoneProcessor.cs using Guid(a327bafe91572467f834d0435da166fb) Importer(2089858483,b0f066a214c2f5e87bad3c948f4d605d) (ScriptedImporter) -> (artifact id: 'c79bf25559fe1770f6542940544190a7') in 0.0056335 seconds
Number of updated asset objects reloaded before import = 0Number of asset objects unloaded after import = 0

========================================================================
Received Import Request.
  Time since last request: 0.000091 seconds.
  path: Packages/com.unity.inputsystem/InputSystem/Editor/Icons/d_Axis@2x.png
  artifactKey: Guid(27163f3cda5b9431d928f2b33eeb5cf1) Importer(2089858483,b0f066a214c2f5e87bad3c948f4d605d)
Start importing Packages/com.unity.inputsystem/InputSystem/Editor/Icons/d_Axis@2x.png using Guid(27163f3cda5b9431d928f2b33eeb5cf1) Importer(2089858483,b0f066a214c2f5e87bad3c948f4d605d) (ScriptedImporter) -> (artifact id: '77c206e6e5d08c738c1bf9e4bdcf7c20') in 0.0121472 seconds
Number of updated asset objects reloaded before import = 0Number of asset objects unloaded after import = 1

========================================================================
Received Import Request.
  Time since last request: 0.000023 seconds.
  path: Packages/com.unity.inputsystem/InputSystem/Controls/Processors/ScaleProcessor.cs
  artifactKey: Guid(98590516d066443e58df0deff4a95b21) Importer(2089858483,b0f066a214c2f5e87bad3c948f4d605d)
Start importing Packages/com.unity.inputsystem/InputSystem/Controls/Processors/ScaleProcessor.cs using Guid(98590516d066443e58df0deff4a95b21) Importer(2089858483,b0f066a214c2f5e87bad3c948f4d605d) (ScriptedImporter) -> (artifact id: 'e654c7d315820f201419ab77e6da71ae') in 0.0065045 seconds
Number of updated asset objects reloaded before import = 0Number of asset objects unloaded after import = 0

========================================================================
Received Import Request.
  Time since last request: 0.000105 seconds.
  path: Packages/com.unity.inputsystem/InputSystem/Editor/AssetImporter/InputActionImporterEditor.cs
  artifactKey: Guid(50db2526021f1429e84687ad14aa0855) Importer(2089858483,b0f066a214c2f5e87bad3c948f4d605d)
Start importing Packages/com.unity.inputsystem/InputSystem/Editor/AssetImporter/InputActionImporterEditor.cs using Guid(50db2526021f1429e84687ad14aa0855) Importer(2089858483,b0f066a214c2f5e87bad3c948f4d605d) (ScriptedImporter) -> (artifact id: '313ce64d6f474d0fc3bcca1657d57ba6') in 0.0065953 seconds
Number of updated asset objects reloaded before import = 0Number of asset objects unloaded after import = 0

========================================================================
Received Import Request.
  Time since last request: 0.000091 seconds.
  path: Packages/com.unity.inputsystem/InputSystem/Editor/Icons/d_Stick@3x.png
  artifactKey: Guid(03c3559bb64164f7785cd1250e475250) Importer(2089858483,b0f066a214c2f5e87bad3c948f4d605d)
Start importing Packages/com.unity.inputsystem/InputSystem/Editor/Icons/d_Stick@3x.png using Guid(03c3559bb64164f7785cd1250e475250) Importer(2089858483,b0f066a214c2f5e87bad3c948f4d605d) (ScriptedImporter) -> (artifact id: 'b7f1d5f9fdfe1e4cda6d4ff6f64bfd35') in 0.0557052 seconds
Number of updated asset objects reloaded before import = 0Number of asset objects unloaded after import = 1

========================================================================
Received Import Request.
  Time since last request: 0.000141 seconds.
  path: Packages/com.unity.inputsystem/InputSystem/Editor/Analytics/InputActionsEditorSessionAnalytic.cs
  artifactKey: Guid(d771fd88f0934b4dbe724b2690a9f330) Importer(2089858483,b0f066a214c2f5e87bad3c948f4d605d)
Start importing Packages/com.unity.inputsystem/InputSystem/Editor/Analytics/InputActionsEditorSessionAnalytic.cs using Guid(d771fd88f0934b4dbe724b2690a9f330) Importer(2089858483,b0f066a214c2f5e87bad3c948f4d605d) (ScriptedImporter) -> (artifact id: '58cac01b58d8b3243581ab997bceeb38') in 0.0065592 seconds
Number of updated asset objects reloaded before import = 0Number of asset objects unloaded after import = 0

========================================================================
Received Import Request.
  Time since last request: 0.000136 seconds.
  path: Packages/com.unity.performance.profile-analyzer/LICENSE.md
  artifactKey: Guid(1122c571e35634d4aba967c658ce3720) Importer(2089858483,b0f066a214c2f5e87bad3c948f4d605d)
Start importing Packages/com.unity.performance.profile-analyzer/LICENSE.md using Guid(1122c571e35634d4aba967c658ce3720) Importer(2089858483,b0f066a214c2f5e87bad3c948f4d605d) (ScriptedImporter) -> (artifact id: '1142652e3ff2a03d9c0a4f0ac0ce0fa1') in 0.0061191 seconds
Number of updated asset objects reloaded before import = 0Number of asset objects unloaded after import = 1

========================================================================
Received Import Request.
  Time since last request: 0.000089 seconds.
  path: Packages/com.unity.test-framework/UnityEditor.TestRunner/TestRun/Tasks/Scene/SceneWrapper.cs
  artifactKey: Guid(43c24fd91e60170469bfb8d79c565ad3) Importer(2089858483,b0f066a214c2f5e87bad3c948f4d605d)
Start importing Packages/com.unity.test-framework/UnityEditor.TestRunner/TestRun/Tasks/Scene/SceneWrapper.cs using Guid(43c24fd91e60170469bfb8d79c565ad3) Importer(2089858483,b0f066a214c2f5e87bad3c948f4d605d) (ScriptedImporter) -> (artifact id: '9704ade68859ed50bdb53cfe468f93c8') in 0.005348 seconds
Number of updated asset objects reloaded before import = 0Number of asset objects unloaded after import = 0

========================================================================
Received Import Request.
  Time since last request: 0.000081 seconds.
  path: Packages/com.unity.inputsystem/InputSystem/Plugins/iOS/iOSSupport.cs
  artifactKey: Guid(635124a90cfbdc64eb3e9c0fc6904aa5) Importer(2089858483,b0f066a214c2f5e87bad3c948f4d605d)
Start importing Packages/com.unity.inputsystem/InputSystem/Plugins/iOS/iOSSupport.cs using Guid(635124a90cfbdc64eb3e9c0fc6904aa5) Importer(2089858483,b0f066a214c2f5e87bad3c948f4d605d) (ScriptedImporter) -> (artifact id: '6a275f6445ff98b1432d5488950aab4e') in 0.0050245 seconds
Number of updated asset objects reloaded before import = 0Number of asset objects unloaded after import = 0

========================================================================
Received Import Request.
  Time since last request: 0.000048 seconds.
  path: Packages/com.unity.inputsystem/InputSystem/Editor/Icons/d_Keyboard@2x.png
  artifactKey: Guid(f14e3a4027f834f16b235498ac15bb3f) Importer(2089858483,b0f066a214c2f5e87bad3c948f4d605d)
Start importing Packages/com.unity.inputsystem/InputSystem/Editor/Icons/d_Keyboard@2x.png using Guid(f14e3a4027f834f16b235498ac15bb3f) Importer(2089858483,b0f066a214c2f5e87bad3c948f4d605d) (ScriptedImporter) -> (artifact id: '390fee00d6cacc1431b3b8b74dd13695') in 0.0114703 seconds
Number of updated asset objects reloaded before import = 0Number of asset objects unloaded after import = 1

========================================================================
Received Import Request.
  Time since last request: 0.000075 seconds.
  path: Packages/com.unity.test-framework/UnityEditor.TestRunner/TestRun/Tasks/Scene/RemoveAdditionalUntitledSceneTask.cs
  artifactKey: Guid(e02e76bfece9a28408e2e7dcb2e14b8f) Importer(2089858483,b0f066a214c2f5e87bad3c948f4d605d)
Start importing Packages/com.unity.test-framework/UnityEditor.TestRunner/TestRun/Tasks/Scene/RemoveAdditionalUntitledSceneTask.cs using Guid(e02e76bfece9a28408e2e7dcb2e14b8f) Importer(2089858483,b0f066a214c2f5e87bad3c948f4d605d) (ScriptedImporter) -> (artifact id: 'bbe0fdf7c33aee53b488c64ab8c9bc02') in 0.0055801 seconds
Number of updated asset objects reloaded before import = 0Number of asset objects unloaded after import = 0

========================================================================
Received Import Request.
  Time since last request: 0.000069 seconds.
  path: Packages/com.unity.inputsystem/InputSystem/Editor/UITKAssetEditor/StateContainer.cs
  artifactKey: Guid(8b19af954eaf68841a157dc58e7e4814) Importer(2089858483,b0f066a214c2f5e87bad3c948f4d605d)
Start importing Packages/com.unity.inputsystem/InputSystem/Editor/UITKAssetEditor/StateContainer.cs using Guid(8b19af954eaf68841a157dc58e7e4814) Importer(2089858483,b0f066a214c2f5e87bad3c948f4d605d) (ScriptedImporter) -> (artifact id: 'bd44eb3e318234f085cffc125afaa0af') in 0.0057511 seconds
Number of updated asset objects reloaded before import = 0Number of asset objects unloaded after import = 0

========================================================================
Received Import Request.
  Time since last request: 0.000110 seconds.
  path: Packages/com.unity.inputsystem/InputSystem/Utilities/StringHelpers.cs
  artifactKey: Guid(54b255b27c8247b4b51e8df1f30af3c9) Importer(2089858483,b0f066a214c2f5e87bad3c948f4d605d)
Start importing Packages/com.unity.inputsystem/InputSystem/Utilities/StringHelpers.cs using Guid(54b255b27c8247b4b51e8df1f30af3c9) Importer(2089858483,b0f066a214c2f5e87bad3c948f4d605d) (ScriptedImporter) -> (artifact id: '851bf2500e0e6c74c3e086f026ed10b2') in 0.0057398 seconds
Number of updated asset objects reloaded before import = 0Number of asset objects unloaded after import = 0

========================================================================
Received Import Request.
  Time since last request: 0.000114 seconds.
  path: Packages/com.unity.ext.nunit/LICENSE.md
  artifactKey: Guid(f91a00d2dca52b843b2d50ccf750737d) Importer(2089858483,b0f066a214c2f5e87bad3c948f4d605d)
Start importing Packages/com.unity.ext.nunit/LICENSE.md using Guid(f91a00d2dca52b843b2d50ccf750737d) Importer(2089858483,b0f066a214c2f5e87bad3c948f4d605d) (ScriptedImporter) -> (artifact id: '68d3f15642d6baaa3eceb710faaaa2d6') in 0.006406 seconds
Number of updated asset objects reloaded before import = 0Number of asset objects unloaded after import = 1

========================================================================
Received Import Request.
  Time since last request: 0.000060 seconds.
  path: Packages/com.unity.inputsystem/InputSystem/Editor/Icons/d_Add Binding@4x.png
  artifactKey: Guid(4a0ce0eda6ee74c669b13104649e1313) Importer(2089858483,b0f066a214c2f5e87bad3c948f4d605d)
Start importing Packages/com.unity.inputsystem/InputSystem/Editor/Icons/d_Add Binding@4x.png using Guid(4a0ce0eda6ee74c669b13104649e1313) Importer(2089858483,b0f066a214c2f5e87bad3c948f4d605d) (ScriptedImporter) -> (artifact id: '455bc46feb9b1c8e9b44562a78c21000') in 0.0155424 seconds
Number of updated asset objects reloaded before import = 0Number of asset objects unloaded after import = 1

========================================================================
Received Import Request.
  Time since last request: 0.000076 seconds.
  path: Packages/com.unity.modules.audio/package.ModuleCompilationTrigger
  artifactKey: Guid(042dc296246916648e55a43d0eeb2036) Importer(2089858483,b0f066a214c2f5e87bad3c948f4d605d)
Start importing Packages/com.unity.modules.audio/package.ModuleCompilationTrigger using Guid(042dc296246916648e55a43d0eeb2036) Importer(2089858483,b0f066a214c2f5e87bad3c948f4d605d) (ScriptedImporter) -> (artifact id: 'd979e7f840fcd8ee2c1327c57231c984') in 0.0051136 seconds
Number of updated asset objects reloaded before import = 0Number of asset objects unloaded after import = 1

========================================================================
Received Import Request.
  Time since last request: 0.000096 seconds.
  path: Packages/com.unity.inputsystem/InputSystem/Devices/Keyboard.cs
  artifactKey: Guid(864a08de8a08473ebf82029d80696449) Importer(2089858483,b0f066a214c2f5e87bad3c948f4d605d)
Start importing Packages/com.unity.inputsystem/InputSystem/Devices/Keyboard.cs using Guid(864a08de8a08473ebf82029d80696449) Importer(2089858483,b0f066a214c2f5e87bad3c948f4d605d) (ScriptedImporter) -> (artifact id: '7a1b4a71bdc9f11d42fac9b8700bd37b') in 0.0059167 seconds
Number of updated asset objects reloaded before import = 0Number of asset objects unloaded after import = 0

========================================================================
Received Import Request.
  Time since last request: 0.000073 seconds.
  path: Packages/com.unity.multiplayer.center/Editor/MultiplayerCenterWindow/UI/Icons/Package.png
  artifactKey: Guid(9d9689eab72c8480c90679f4dcf18820) Importer(2089858483,b0f066a214c2f5e87bad3c948f4d605d)
Start importing Packages/com.unity.multiplayer.center/Editor/MultiplayerCenterWindow/UI/Icons/Package.png using Guid(9d9689eab72c8480c90679f4dcf18820) Importer(2089858483,b0f066a214c2f5e87bad3c948f4d605d) (ScriptedImporter) -> (artifact id: '6f53f1d2f3fd8a2435e36d09189b1386') in 0.013616 seconds
Number of updated asset objects reloaded before import = 0Number of asset objects unloaded after import = 1

========================================================================
Received Import Request.
  Time since last request: 0.000024 seconds.
  path: Packages/com.unity.inputsystem/InputSystem/Editor/InputSystemPluginControl.cs
  artifactKey: Guid(409c8128e33f94c378370cd8163fe3b0) Importer(2089858483,b0f066a214c2f5e87bad3c948f4d605d)
Start importing Packages/com.unity.inputsystem/InputSystem/Editor/InputSystemPluginControl.cs using Guid(409c8128e33f94c378370cd8163fe3b0) Importer(2089858483,b0f066a214c2f5e87bad3c948f4d605d) (ScriptedImporter) -> (artifact id: '6148ff0d8c0034644feac9b4c1f06488') in 0.0077042 seconds
Number of updated asset objects reloaded before import = 0Number of asset objects unloaded after import = 0

========================================================================
Received Import Request.
  Time since last request: 0.000107 seconds.
  path: Packages/com.unity.multiplayer.center/Editor/Recommendations/RecommenderSystemDataObject.cs
  artifactKey: Guid(b6a02e450cd04bb781e7728f2056251c) Importer(2089858483,b0f066a214c2f5e87bad3c948f4d605d)
Start importing Packages/com.unity.multiplayer.center/Editor/Recommendations/RecommenderSystemDataObject.cs using Guid(b6a02e450cd04bb781e7728f2056251c) Importer(2089858483,b0f066a214c2f5e87bad3c948f4d605d) (ScriptedImporter) -> (artifact id: '9cefc09ae2c2ac9786aa8758215cfaca') in 0.0063152 seconds
Number of updated asset objects reloaded before import = 0Number of asset objects unloaded after import = 0

========================================================================
Received Import Request.
  Time since last request: 0.000118 seconds.
  path: Packages/com.unity.inputsystem/InputSystem/Editor/InputSystemPackageControl.cs
  artifactKey: Guid(40a0b3d771450454796d773d18ae0c31) Importer(2089858483,b0f066a214c2f5e87bad3c948f4d605d)
Start importing Packages/com.unity.inputsystem/InputSystem/Editor/InputSystemPackageControl.cs using Guid(40a0b3d771450454796d773d18ae0c31) Importer(2089858483,b0f066a214c2f5e87bad3c948f4d605d) (ScriptedImporter) -> (artifact id: '1491ff522b7c04429731fea15b92c222') in 0.0064892 seconds
Number of updated asset objects reloaded before import = 0Number of asset objects unloaded after import = 0

========================================================================
Received Import Request.
  Time since last request: 0.000136 seconds.
  path: Packages/com.unity.inputsystem/InputSystem/Editor/Icons/Gamepad@3x.png
  artifactKey: Guid(4ae0b2f68c2464272b1b10105262b09b) Importer(2089858483,b0f066a214c2f5e87bad3c948f4d605d)
Start importing Packages/com.unity.inputsystem/InputSystem/Editor/Icons/Gamepad@3x.png using Guid(4ae0b2f68c2464272b1b10105262b09b) Importer(2089858483,b0f066a214c2f5e87bad3c948f4d605d) (ScriptedImporter) -> (artifact id: 'f3719a461293a34d162f9bca1787123a') in 0.014061 seconds
Number of updated asset objects reloaded before import = 0Number of asset objects unloaded after import = 1

========================================================================
Received Import Request.
  Time since last request: 0.000067 seconds.
  path: Packages/com.unity.ext.nunit/Third Party Notices.md
  artifactKey: Guid(bfcb3ba499f7d452b92d9a9cc3378788) Importer(2089858483,b0f066a214c2f5e87bad3c948f4d605d)
Start importing Packages/com.unity.ext.nunit/Third Party Notices.md using Guid(bfcb3ba499f7d452b92d9a9cc3378788) Importer(2089858483,b0f066a214c2f5e87bad3c948f4d605d) (ScriptedImporter) -> (artifact id: '3f0e3447f76b1810d59583e86d115b2e') in 0.0063607 seconds
Number of updated asset objects reloaded before import = 0Number of asset objects unloaded after import = 1

========================================================================
Received Import Request.
  Time since last request: 0.000104 seconds.
  path: Packages/com.unity.inputsystem/InputSystem/Editor/Icons/d_ChevronUp@4x.png
  artifactKey: Guid(e46ad23216d074f828f3437b21912c64) Importer(2089858483,b0f066a214c2f5e87bad3c948f4d605d)
Start importing Packages/com.unity.inputsystem/InputSystem/Editor/Icons/d_ChevronUp@4x.png using Guid(e46ad23216d074f828f3437b21912c64) Importer(2089858483,b0f066a214c2f5e87bad3c948f4d605d) (ScriptedImporter) -> (artifact id: '6dc3abf792698828cb5a3d9e0ef3cdb9') in 0.0137274 seconds
Number of updated asset objects reloaded before import = 0Number of asset objects unloaded after import = 1

========================================================================
Received Import Request.
  Time since last request: 0.000060 seconds.
  path: Packages/com.unity.inputsystem/InputSystem/Utilities/PrimitiveValue.cs
  artifactKey: Guid(455d9bc907fb62d44a2195e53ff7c0b7) Importer(2089858483,b0f066a214c2f5e87bad3c948f4d605d)
Start importing Packages/com.unity.inputsystem/InputSystem/Utilities/PrimitiveValue.cs using Guid(455d9bc907fb62d44a2195e53ff7c0b7) Importer(2089858483,b0f066a214c2f5e87bad3c948f4d605d) (ScriptedImporter) -> (artifact id: '59c98035fb243e1bd8f06a626d8b8bd0') in 0.0053521 seconds
Number of updated asset objects reloaded before import = 0Number of asset objects unloaded after import = 0

========================================================================
Received Import Request.
  Time since last request: 0.000106 seconds.
  path: Packages/com.unity.inputsystem/InputSystem/Editor/Icons/Orientation@2x.png
  artifactKey: Guid(62f8dda50382d487597224e197cbd34f) Importer(2089858483,b0f066a214c2f5e87bad3c948f4d605d)
Start importing Packages/com.unity.inputsystem/InputSystem/Editor/Icons/Orientation@2x.png using Guid(62f8dda50382d487597224e197cbd34f) Importer(2089858483,b0f066a214c2f5e87bad3c948f4d605d) (ScriptedImporter) -> (artifact id: 'fe2bf6134183dde0544b9410e9ca3b90') in 0.0131778 seconds
Number of updated asset objects reloaded before import = 0Number of asset objects unloaded after import = 1

========================================================================
Received Import Request.
  Time since last request: 0.000052 seconds.
  path: Packages/com.unity.inputsystem/InputSystem/Utilities/MemoryHelpers.cs
  artifactKey: Guid(760fac1b814a4d99a4fc534934e4dc99) Importer(2089858483,b0f066a214c2f5e87bad3c948f4d605d)
Start importing Packages/com.unity.inputsystem/InputSystem/Utilities/MemoryHelpers.cs using Guid(760fac1b814a4d99a4fc534934e4dc99) Importer(2089858483,b0f066a214c2f5e87bad3c948f4d605d) (ScriptedImporter) -> (artifact id: 'b77c55918e4ed96d431b775f444b071d') in 0.0060507 seconds
Number of updated asset objects reloaded before import = 0Number of asset objects unloaded after import = 0

========================================================================
Received Import Request.
  Time since last request: 0.000116 seconds.
  path: Packages/com.unity.multiplayer.center/Editor/Questionnaire/UserChoicesObject.cs
  artifactKey: Guid(18cde282a8d045bf9d245fdcfaa7271b) Importer(2089858483,b0f066a214c2f5e87bad3c948f4d605d)
Start importing Packages/com.unity.multiplayer.center/Editor/Questionnaire/UserChoicesObject.cs using Guid(18cde282a8d045bf9d245fdcfaa7271b) Importer(2089858483,b0f066a214c2f5e87bad3c948f4d605d) (ScriptedImporter) -> (artifact id: 'f76d4d6d8129d2cf6abeb1c21010a487') in 0.0063395 seconds
Number of updated asset objects reloaded before import = 0Number of asset objects unloaded after import = 0

========================================================================
Received Import Request.
  Time since last request: 0.000090 seconds.
  path: Packages/com.unity.inputsystem/InputSystem/Devices/Touchscreen.cs
  artifactKey: Guid(ade00164ed474391ba591b362f77149f) Importer(2089858483,b0f066a214c2f5e87bad3c948f4d605d)
Start importing Packages/com.unity.inputsystem/InputSystem/Devices/Touchscreen.cs using Guid(ade00164ed474391ba591b362f77149f) Importer(2089858483,b0f066a214c2f5e87bad3c948f4d605d) (ScriptedImporter) -> (artifact id: '6173cec1c9912463cd3098dc2af8aaeb') in 0.0056237 seconds
Number of updated asset objects reloaded before import = 0Number of asset objects unloaded after import = 0

========================================================================
Received Import Request.
  Time since last request: 0.000074 seconds.
  path: Packages/com.unity.multiplayer.center/Editor/Analytics/DebugAnalytics.cs
  artifactKey: Guid(dd20f32039084a12a8e48dffd4d58f48) Importer(2089858483,b0f066a214c2f5e87bad3c948f4d605d)
Start importing Packages/com.unity.multiplayer.center/Editor/Analytics/DebugAnalytics.cs using Guid(dd20f32039084a12a8e48dffd4d58f48) Importer(2089858483,b0f066a214c2f5e87bad3c948f4d605d) (ScriptedImporter) -> (artifact id: '148161dd71addb1171c8f6f558a0fac2') in 0.0059266 seconds
Number of updated asset objects reloaded before import = 0Number of asset objects unloaded after import = 0

========================================================================
Received Import Request.
  Time since last request: 0.000065 seconds.
  path: Packages/com.unity.multiplayer.center/Editor/Recommendations/RecommendationAuthoringData.cs
  artifactKey: Guid(71b3035ad4d343cbbe033e93369d187e) Importer(2089858483,b0f066a214c2f5e87bad3c948f4d605d)
Start importing Packages/com.unity.multiplayer.center/Editor/Recommendations/RecommendationAuthoringData.cs using Guid(71b3035ad4d343cbbe033e93369d187e) Importer(2089858483,b0f066a214c2f5e87bad3c948f4d605d) (ScriptedImporter) -> (artifact id: 'c13fade475020c76b75627319a8cc8ee') in 0.0052526 seconds
Number of updated asset objects reloaded before import = 0Number of asset objects unloaded after import = 0

========================================================================
Received Import Request.
  Time since last request: 0.000108 seconds.
  path: Packages/com.unity.inputsystem/InputSystem/Editor/Icons/d_Joystick.png
  artifactKey: Guid(7d4638131127c4f4382fb36cf16c52fe) Importer(2089858483,b0f066a214c2f5e87bad3c948f4d605d)
Start importing Packages/com.unity.inputsystem/InputSystem/Editor/Icons/d_Joystick.png using Guid(7d4638131127c4f4382fb36cf16c52fe) Importer(2089858483,b0f066a214c2f5e87bad3c948f4d605d) (ScriptedImporter) -> (artifact id: '5e4e7ba8e40f2c128bf522c1faf3d533') in 0.0126056 seconds
Number of updated asset objects reloaded before import = 0Number of asset objects unloaded after import = 1

========================================================================
Received Import Request.
  Time since last request: 0.000081 seconds.
  path: Packages/com.unity.multiplayer.center/Editor/MultiplayerCenterWindow/UI/dark.uss
  artifactKey: Guid(1984cd07fe96417f9e88f5771f6b4b32) Importer(2089858483,b0f066a214c2f5e87bad3c948f4d605d)
Start importing Packages/com.unity.multiplayer.center/Editor/MultiplayerCenterWindow/UI/dark.uss using Guid(1984cd07fe96417f9e88f5771f6b4b32) Importer(2089858483,b0f066a214c2f5e87bad3c948f4d605d) (ScriptedImporter) -> (artifact id: 'd2fdabc6ace23ea692f3406e61f88979') in 0.0119318 seconds
Number of updated asset objects reloaded before import = 0Number of asset objects unloaded after import = 9

========================================================================
Received Import Request.
  Time since last request: 0.000020 seconds.
  path: Packages/com.unity.inputsystem/InputSystem/Editor/Debugger/InputLatencyCalculator.cs
  artifactKey: Guid(58dca4037ed747dba3154af0d815053a) Importer(2089858483,b0f066a214c2f5e87bad3c948f4d605d)
Start importing Packages/com.unity.inputsystem/InputSystem/Editor/Debugger/InputLatencyCalculator.cs using Guid(58dca4037ed747dba3154af0d815053a) Importer(2089858483,b0f066a214c2f5e87bad3c948f4d605d) (ScriptedImporter) -> (artifact id: '9495bcb3ed725791311428026e5e5a57') in 0.0064393 seconds
Number of updated asset objects reloaded before import = 0Number of asset objects unloaded after import = 0

========================================================================
Received Import Request.
  Time since last request: 0.000105 seconds.
  path: Packages/com.unity.inputsystem/InputSystem/Plugins/InputForUI/AssemblyInfo.cs
  artifactKey: Guid(65c861c7ef9bee2479c728694e87ea45) Importer(2089858483,b0f066a214c2f5e87bad3c948f4d605d)
Start importing Packages/com.unity.inputsystem/InputSystem/Plugins/InputForUI/AssemblyInfo.cs using Guid(65c861c7ef9bee2479c728694e87ea45) Importer(2089858483,b0f066a214c2f5e87bad3c948f4d605d) (ScriptedImporter) -> (artifact id: '83bcd2706b4e0242b84f554543f44ca3') in 0.0055973 seconds
Number of updated asset objects reloaded before import = 0Number of asset objects unloaded after import = 0

========================================================================
Received Import Request.
  Time since last request: 0.000109 seconds.
  path: Packages/com.unity.inputsystem/InputSystem/Plugins/UI/VirtualMouseInput.cs
  artifactKey: Guid(424b6720ff5999446843ba414e58a907) Importer(2089858483,b0f066a214c2f5e87bad3c948f4d605d)
Start importing Packages/com.unity.inputsystem/InputSystem/Plugins/UI/VirtualMouseInput.cs using Guid(424b6720ff5999446843ba414e58a907) Importer(2089858483,b0f066a214c2f5e87bad3c948f4d605d) (ScriptedImporter) -> (artifact id: '8361286553b98546cf3b1f8acbaa275c') in 0.0074686 seconds
Number of updated asset objects reloaded before import = 0Number of asset objects unloaded after import = 0

========================================================================
Received Import Request.
  Time since last request: 0.000222 seconds.
  path: Packages/com.unity.inputsystem/InputSystem/Editor/Icons/Axis@3x.png
  artifactKey: Guid(2e27a82b5cc4e4ef98cbef2d0b324aed) Importer(2089858483,b0f066a214c2f5e87bad3c948f4d605d)
Start importing Packages/com.unity.inputsystem/InputSystem/Editor/Icons/Axis@3x.png using Guid(2e27a82b5cc4e4ef98cbef2d0b324aed) Importer(2089858483,b0f066a214c2f5e87bad3c948f4d605d) (ScriptedImporter) -> (artifact id: '41d3e45feb20f99eae549f49899f3940') in 0.0146924 seconds
Number of updated asset objects reloaded before import = 0Number of asset objects unloaded after import = 1

========================================================================
Received Import Request.
  Time since last request: 0.000027 seconds.
  path: Packages/com.unity.inputsystem/InputSystem/Plugins/Steam/SteamControllerType.cs
  artifactKey: Guid(7ffe30fd9a2d64031a59c21418fb2067) Importer(2089858483,b0f066a214c2f5e87bad3c948f4d605d)
Start importing Packages/com.unity.inputsystem/InputSystem/Plugins/Steam/SteamControllerType.cs using Guid(7ffe30fd9a2d64031a59c21418fb2067) Importer(2089858483,b0f066a214c2f5e87bad3c948f4d605d) (ScriptedImporter) -> (artifact id: 'ff3eb4a937cc86fdeb21f661716b622f') in 0.0068224 seconds
Number of updated asset objects reloaded before import = 0Number of asset objects unloaded after import = 0

========================================================================
Received Import Request.
  Time since last request: 0.000140 seconds.
  path: Packages/com.unity.inputsystem/InputSystem/Editor/Icons/Interactive Binding@4x.png
  artifactKey: Guid(9e6c9e992a2ee4327bce1d6a8189cedb) Importer(2089858483,b0f066a214c2f5e87bad3c948f4d605d)
Start importing Packages/com.unity.inputsystem/InputSystem/Editor/Icons/Interactive Binding@4x.png using Guid(9e6c9e992a2ee4327bce1d6a8189cedb) Importer(2089858483,b0f066a214c2f5e87bad3c948f4d605d) (ScriptedImporter) -> (artifact id: '688ed8aa3589ace4c41068544e9ec4c7') in 0.0135515 seconds
Number of updated asset objects reloaded before import = 0Number of asset objects unloaded after import = 1

========================================================================
Received Import Request.
  Time since last request: 0.000025 seconds.
  path: Packages/com.unity.inputsystem/InputSystem/Devices/Precompiled/FastMouse.partial.cs
  artifactKey: Guid(9c425cd71d0042cbbd24386f4e4b9ec1) Importer(2089858483,b0f066a214c2f5e87bad3c948f4d605d)
Start importing Packages/com.unity.inputsystem/InputSystem/Devices/Precompiled/FastMouse.partial.cs using Guid(9c425cd71d0042cbbd24386f4e4b9ec1) Importer(2089858483,b0f066a214c2f5e87bad3c948f4d605d) (ScriptedImporter) -> (artifact id: 'ae341542c3ae7ae6676579f9b59978d6') in 0.0072107 seconds
Number of updated asset objects reloaded before import = 0Number of asset objects unloaded after import = 0

========================================================================
Received Import Request.
  Time since last request: 0.000129 seconds.
  path: Packages/com.unity.inputsystem/InputSystem/Controls/Processors/ClampProcessor.cs
  artifactKey: Guid(6887ac562f464a329bc468158dbbf18f) Importer(2089858483,b0f066a214c2f5e87bad3c948f4d605d)
Start importing Packages/com.unity.inputsystem/InputSystem/Controls/Processors/ClampProcessor.cs using Guid(6887ac562f464a329bc468158dbbf18f) Importer(2089858483,b0f066a214c2f5e87bad3c948f4d605d) (ScriptedImporter) -> (artifact id: '7339c35736bd64923774a8030c4542ff') in 0.0061566 seconds
Number of updated asset objects reloaded before import = 0Number of asset objects unloaded after import = 0

========================================================================
Received Import Request.
  Time since last request: 0.000094 seconds.
  path: Packages/com.unity.editorcoroutines/Editor/EditorCoroutine.cs
  artifactKey: Guid(3f93931a6fe807b45809dbc0ddf91260) Importer(2089858483,b0f066a214c2f5e87bad3c948f4d605d)
Start importing Packages/com.unity.editorcoroutines/Editor/EditorCoroutine.cs using Guid(3f93931a6fe807b45809dbc0ddf91260) Importer(2089858483,b0f066a214c2f5e87bad3c948f4d605d) (ScriptedImporter) -> (artifact id: '83846ba6b800e758bfa039f22f1525ce') in 0.0068518 seconds
Number of updated asset objects reloaded before import = 0Number of asset objects unloaded after import = 0

========================================================================
Received Import Request.
  Time since last request: 0.000078 seconds.
  path: Packages/com.unity.inputsystem/InputSystem/AssemblyInfo.cs
  artifactKey: Guid(68e8070c85d3c4544a527f58641b95c0) Importer(2089858483,b0f066a214c2f5e87bad3c948f4d605d)
Start importing Packages/com.unity.inputsystem/InputSystem/AssemblyInfo.cs using Guid(68e8070c85d3c4544a527f58641b95c0) Importer(2089858483,b0f066a214c2f5e87bad3c948f4d605d) (ScriptedImporter) -> (artifact id: '74d9707be1ca366b858303baf701a996') in 0.0075246 seconds
Number of updated asset objects reloaded before import = 0Number of asset objects unloaded after import = 0

========================================================================
Received Import Request.
  Time since last request: 0.000096 seconds.
  path: Packages/com.unity.inputsystem/InputSystem/Editor/Icons/Interactive Binding.png
  artifactKey: Guid(2196c18f03faf4184b1aeb2c61d5571d) Importer(2089858483,b0f066a214c2f5e87bad3c948f4d605d)
Start importing Packages/com.unity.inputsystem/InputSystem/Editor/Icons/Interactive Binding.png using Guid(2196c18f03faf4184b1aeb2c61d5571d) Importer(2089858483,b0f066a214c2f5e87bad3c948f4d605d) (ScriptedImporter) -> (artifact id: '59a0170113356767932f4572198964e8') in 0.0145003 seconds
Number of updated asset objects reloaded before import = 0Number of asset objects unloaded after import = 1

========================================================================
Received Import Request.
  Time since last request: 0.000054 seconds.
  path: Packages/com.unity.inputsystem/InputSystem/Utilities/TypeTable.cs
  artifactKey: Guid(3ec5135f9c8612d42a83f87500580afa) Importer(2089858483,b0f066a214c2f5e87bad3c948f4d605d)
Start importing Packages/com.unity.inputsystem/InputSystem/Utilities/TypeTable.cs using Guid(3ec5135f9c8612d42a83f87500580afa) Importer(2089858483,b0f066a214c2f5e87bad3c948f4d605d) (ScriptedImporter) -> (artifact id: '60f7bc5ce382b7a82f3f602d35e6605d') in 0.0049079 seconds
Number of updated asset objects reloaded before import = 0Number of asset objects unloaded after import = 0

========================================================================
Received Import Request.
  Time since last request: 0.000115 seconds.
  path: Packages/com.unity.inputsystem/InputSystem/Plugins/PlayerInput/PlayerInputManagerEditor.cs
  artifactKey: Guid(6247927155f224aa5a61c15611fcd34a) Importer(2089858483,b0f066a214c2f5e87bad3c948f4d605d)
Start importing Packages/com.unity.inputsystem/InputSystem/Plugins/PlayerInput/PlayerInputManagerEditor.cs using Guid(6247927155f224aa5a61c15611fcd34a) Importer(2089858483,b0f066a214c2f5e87bad3c948f4d605d) (ScriptedImporter) -> (artifact id: 'c6d453e469384afc5ba2614710401a69') in 0.0063051 seconds
Number of updated asset objects reloaded before import = 0Number of asset objects unloaded after import = 0

========================================================================
Received Import Request.
  Time since last request: 0.000102 seconds.
  path: Packages/com.unity.multiplayer.center/Editor/MultiplayerCenterWindow/TabGroup.cs
  artifactKey: Guid(fdefed6b790f4373b0feb7d25854d8ac) Importer(2089858483,b0f066a214c2f5e87bad3c948f4d605d)
Start importing Packages/com.unity.multiplayer.center/Editor/MultiplayerCenterWindow/TabGroup.cs using Guid(fdefed6b790f4373b0feb7d25854d8ac) Importer(2089858483,b0f066a214c2f5e87bad3c948f4d605d) (ScriptedImporter) -> (artifact id: 'efe82bb9932e451ccf6d69003531ee27') in 0.0062741 seconds
Number of updated asset objects reloaded before import = 0Number of asset objects unloaded after import = 0

========================================================================
Received Import Request.
  Time since last request: 0.000116 seconds.
  path: Packages/com.unity.multiplayer.center/Editor/MultiplayerCenterWindow/UI/Icons/EmptyViewIcon@2x.png
  artifactKey: Guid(2adffcc506285402aa795dee6f3166d0) Importer(2089858483,b0f066a214c2f5e87bad3c948f4d605d)
Start importing Packages/com.unity.multiplayer.center/Editor/MultiplayerCenterWindow/UI/Icons/EmptyViewIcon@2x.png using Guid(2adffcc506285402aa795dee6f3166d0) Importer(2089858483,b0f066a214c2f5e87bad3c948f4d605d) (ScriptedImporter) -> (artifact id: '13517e61f36d53ac3c90eb3249512059') in 0.0146173 seconds
Number of updated asset objects reloaded before import = 0Number of asset objects unloaded after import = 1

========================================================================
Received Import Request.
  Time since last request: 0.000060 seconds.
  path: Packages/com.unity.inputsystem/InputSystem/Editor/Icons/Interactive Binding@2x.png
  artifactKey: Guid(2027b97fd12d842d7a3169c784502a54) Importer(2089858483,b0f066a214c2f5e87bad3c948f4d605d)
Start importing Packages/com.unity.inputsystem/InputSystem/Editor/Icons/Interactive Binding@2x.png using Guid(2027b97fd12d842d7a3169c784502a54) Importer(2089858483,b0f066a214c2f5e87bad3c948f4d605d) (ScriptedImporter) -> (artifact id: 'c06f462085f6429c7fcb1c3a166ff706') in 0.0138178 seconds
Number of updated asset objects reloaded before import = 0Number of asset objects unloaded after import = 1

========================================================================
Received Import Request.
  Time since last request: 0.000111 seconds.
  path: Packages/com.unity.inputsystem/Tests/TestFixture/Unity.InputSystem.TestFramework.asmdef
  artifactKey: Guid(dc04f38471c3a459fb4d31124ee9127d) Importer(2089858483,b0f066a214c2f5e87bad3c948f4d605d)
Start importing Packages/com.unity.inputsystem/Tests/TestFixture/Unity.InputSystem.TestFramework.asmdef using Guid(dc04f38471c3a459fb4d31124ee9127d) Importer(2089858483,b0f066a214c2f5e87bad3c948f4d605d) (ScriptedImporter) -> (artifact id: '03f65fbb0d6dc95838d85e74ee1aa417') in 0.0062607 seconds
Number of updated asset objects reloaded before import = 0Number of asset objects unloaded after import = 1

========================================================================
Received Import Request.
  Time since last request: 1.258330 seconds.
  path: Packages/com.unity.inputsystem/InputSystem/Utilities/Observables/SelectManyObservable.cs
  artifactKey: Guid(3e12c30fe9774947a81ce7eb7054cfb7) Importer(2089858483,b0f066a214c2f5e87bad3c948f4d605d)
Start importing Packages/com.unity.inputsystem/InputSystem/Utilities/Observables/SelectManyObservable.cs using Guid(3e12c30fe9774947a81ce7eb7054cfb7) Importer(2089858483,b0f066a214c2f5e87bad3c948f4d605d) (ScriptedImporter) -> (artifact id: '79fc33f6ed1e2673b6b47d6fe4af841f') in 0.0055104 seconds
Number of updated asset objects reloaded before import = 0Number of asset objects unloaded after import = 0

========================================================================
Received Import Request.
  Time since last request: 0.000073 seconds.
  path: Packages/com.unity.inputsystem/InputSystem/Editor/UITKAssetEditor/Views/ViewStateCollection.cs
  artifactKey: Guid(cdc588cfee2e9a84a9d748fb7314daff) Importer(2089858483,b0f066a214c2f5e87bad3c948f4d605d)
Start importing Packages/com.unity.inputsystem/InputSystem/Editor/UITKAssetEditor/Views/ViewStateCollection.cs using Guid(cdc588cfee2e9a84a9d748fb7314daff) Importer(2089858483,b0f066a214c2f5e87bad3c948f4d605d) (ScriptedImporter) -> (artifact id: '33f459578ccf52d8081de7e1de80dfeb') in 0.0058132 seconds
Number of updated asset objects reloaded before import = 0Number of asset objects unloaded after import = 0

========================================================================
Received Import Request.
  Time since last request: 0.000090 seconds.
  path: Packages/com.unity.visualscripting/Runtime/VisualScripting.State/NesterStateTransition.cs
  artifactKey: Guid(dddbc361923f641f38ce78381c990d01) Importer(2089858483,b0f066a214c2f5e87bad3c948f4d605d)
Start importing Packages/com.unity.visualscripting/Runtime/VisualScripting.State/NesterStateTransition.cs using Guid(dddbc361923f641f38ce78381c990d01) Importer(2089858483,b0f066a214c2f5e87bad3c948f4d605d) (ScriptedImporter) -> (artifact id: 'f244329951167f88f23cae8e79954233') in 0.0053285 seconds
Number of updated asset objects reloaded before import = 0Number of asset objects unloaded after import = 0

========================================================================
Received Import Request.
  Time since last request: 0.000049 seconds.
  path: Packages/com.unity.visualscripting/Runtime/VisualScripting.State/Unity.VisualScripting.State.asmdef
  artifactKey: Guid(315d634a9ac6d460a9515f5a56be6311) Importer(2089858483,b0f066a214c2f5e87bad3c948f4d605d)
Start importing Packages/com.unity.visualscripting/Runtime/VisualScripting.State/Unity.VisualScripting.State.asmdef using Guid(315d634a9ac6d460a9515f5a56be6311) Importer(2089858483,b0f066a214c2f5e87bad3c948f4d605d) (ScriptedImporter) -> (artifact id: '833f9d1ed2c9fc6649b891d53e5b5894') in 0.0061091 seconds
Number of updated asset objects reloaded before import = 0Number of asset objects unloaded after import = 1

========================================================================
Received Import Request.
  Time since last request: 0.000052 seconds.
  path: Packages/com.unity.visualscripting/Editor/VisualScripting.Core/SerializedProperties/SerializedPropertyProviderProvider.cs
  artifactKey: Guid(0b3005df5e97d40669f4dbd43fac3791) Importer(2089858483,b0f066a214c2f5e87bad3c948f4d605d)
Start importing Packages/com.unity.visualscripting/Editor/VisualScripting.Core/SerializedProperties/SerializedPropertyProviderProvider.cs using Guid(0b3005df5e97d40669f4dbd43fac3791) Importer(2089858483,b0f066a214c2f5e87bad3c948f4d605d) (ScriptedImporter) -> (artifact id: '7417dfc204cbe4fa6c2c6ae25926f906') in 0.0060679 seconds
Number of updated asset objects reloaded before import = 0Number of asset objects unloaded after import = 0

========================================================================
Received Import Request.
  Time since last request: 0.000048 seconds.
  path: Packages/com.unity.visualscripting/Runtime/VisualScripting.Core/Decorators/ValueAttribute.cs
  artifactKey: Guid(8ef1aa7bad824d558b8d03c83a9ad2f0) Importer(2089858483,b0f066a214c2f5e87bad3c948f4d605d)
Start importing Packages/com.unity.visualscripting/Runtime/VisualScripting.Core/Decorators/ValueAttribute.cs using Guid(8ef1aa7bad824d558b8d03c83a9ad2f0) Importer(2089858483,b0f066a214c2f5e87bad3c948f4d605d) (ScriptedImporter) -> (artifact id: 'e98d5a567c3442f70837832fcfe67dcc') in 0.0063438 seconds
Number of updated asset objects reloaded before import = 0Number of asset objects unloaded after import = 0

========================================================================
Received Import Request.
  Time since last request: 0.000111 seconds.
  path: Packages/com.unity.visualscripting/Runtime/VisualScripting.State/INesterState.cs
  artifactKey: Guid(282cb8ec0af2e4987af050cc49330b34) Importer(2089858483,b0f066a214c2f5e87bad3c948f4d605d)
Start importing Packages/com.unity.visualscripting/Runtime/VisualScripting.State/INesterState.cs using Guid(282cb8ec0af2e4987af050cc49330b34) Importer(2089858483,b0f066a214c2f5e87bad3c948f4d605d) (ScriptedImporter) -> (artifact id: '37e8b631057b84cf49a8e432cf0aea3b') in 0.0080349 seconds
Number of updated asset objects reloaded before import = 0Number of asset objects unloaded after import = 0

========================================================================
Received Import Request.
  Time since last request: 0.000106 seconds.
  path: Packages/com.unity.inputsystem/InputSystem/Plugins/XR/Devices/Oculus.cs
  artifactKey: Guid(150936adb4fc13049a1001992b86c43e) Importer(2089858483,b0f066a214c2f5e87bad3c948f4d605d)
Start importing Packages/com.unity.inputsystem/InputSystem/Plugins/XR/Devices/Oculus.cs using Guid(150936adb4fc13049a1001992b86c43e) Importer(2089858483,b0f066a214c2f5e87bad3c948f4d605d) (ScriptedImporter) -> (artifact id: 'f8e9be6eb463e14d180693b4c5e8b0e0') in 0.0059787 seconds
Number of updated asset objects reloaded before import = 0Number of asset objects unloaded after import = 0

========================================================================
Received Import Request.
  Time since last request: 0.000156 seconds.
  path: Packages/com.unity.visualscripting/Editor/VisualScripting.Core/Documentation/XmlDocumentation.cs
  artifactKey: Guid(6657799d139ed48c9b6c800cc291a739) Importer(2089858483,b0f066a214c2f5e87bad3c948f4d605d)
Start importing Packages/com.unity.visualscripting/Editor/VisualScripting.Core/Documentation/XmlDocumentation.cs using Guid(6657799d139ed48c9b6c800cc291a739) Importer(2089858483,b0f066a214c2f5e87bad3c948f4d605d) (ScriptedImporter) -> (artifact id: 'daf88622c52b831e6e6fde8f590a9475') in 0.006974 seconds
Number of updated asset objects reloaded before import = 0Number of asset objects unloaded after import = 0

========================================================================
Received Import Request.
  Time since last request: 0.000082 seconds.
  path: Packages/com.unity.inputsystem/InputSystem/Editor/UITKAssetEditor/Views/Selectors.cs
  artifactKey: Guid(b98fcf53d54c1fe4abdd9327cf57a371) Importer(2089858483,b0f066a214c2f5e87bad3c948f4d605d)
Start importing Packages/com.unity.inputsystem/InputSystem/Editor/UITKAssetEditor/Views/Selectors.cs using Guid(b98fcf53d54c1fe4abdd9327cf57a371) Importer(2089858483,b0f066a214c2f5e87bad3c948f4d605d) (ScriptedImporter) -> (artifact id: '4274b69b494ece336035b8f476bd33bd') in 0.0061793 seconds
Number of updated asset objects reloaded before import = 0Number of asset objects unloaded after import = 0

========================================================================
Received Import Request.
  Time since last request: 0.000168 seconds.
  path: Packages/com.unity.visualscripting/Editor/VisualScripting.Core/Product/LudiqProduct.cs
  artifactKey: Guid(fa7c7cf84ce4a417fb95022b697c0909) Importer(2089858483,b0f066a214c2f5e87bad3c948f4d605d)
Start importing Packages/com.unity.visualscripting/Editor/VisualScripting.Core/Product/LudiqProduct.cs using Guid(fa7c7cf84ce4a417fb95022b697c0909) Importer(2089858483,b0f066a214c2f5e87bad3c948f4d605d) (ScriptedImporter) -> (artifact id: 'e46f323221e4751dc65324f6977a51b5') in 0.0068082 seconds
Number of updated asset objects reloaded before import = 0Number of asset objects unloaded after import = 0

========================================================================
Received Import Request.
  Time since last request: 0.000084 seconds.
  path: Packages/com.unity.visualscripting/Editor/VisualScripting.Core/Inspection/Inspector.cs
  artifactKey: Guid(df06244bf38794c8eabb7747f5ecae20) Importer(2089858483,b0f066a214c2f5e87bad3c948f4d605d)
Start importing Packages/com.unity.visualscripting/Editor/VisualScripting.Core/Inspection/Inspector.cs using Guid(df06244bf38794c8eabb7747f5ecae20) Importer(2089858483,b0f066a214c2f5e87bad3c948f4d605d) (ScriptedImporter) -> (artifact id: 'dcf4478779706de6a85695b2a1471363') in 0.0067707 seconds
Number of updated asset objects reloaded before import = 0Number of asset objects unloaded after import = 0

========================================================================
Received Import Request.
  Time since last request: 0.000131 seconds.
  path: Packages/com.unity.visualscripting/Editor/VisualScripting.Core/Canvases/WidgetList.cs
  artifactKey: Guid(f799a0c75a66440bd87f44b34a197d9c) Importer(2089858483,b0f066a214c2f5e87bad3c948f4d605d)
Start importing Packages/com.unity.visualscripting/Editor/VisualScripting.Core/Canvases/WidgetList.cs using Guid(f799a0c75a66440bd87f44b34a197d9c) Importer(2089858483,b0f066a214c2f5e87bad3c948f4d605d) (ScriptedImporter) -> (artifact id: '2e4168c7c067237741b7b8b0d327acec') in 0.0072818 seconds
Number of updated asset objects reloaded before import = 0Number of asset objects unloaded after import = 0

========================================================================
Received Import Request.
  Time since last request: 0.000222 seconds.
  path: Packages/com.unity.visualscripting/Editor/VisualScripting.Core/Platforms/EditorPlatformUtility.cs
  artifactKey: Guid(8044dc97be3264a6e8ba601a232dfe46) Importer(2089858483,b0f066a214c2f5e87bad3c948f4d605d)
Start importing Packages/com.unity.visualscripting/Editor/VisualScripting.Core/Platforms/EditorPlatformUtility.cs using Guid(8044dc97be3264a6e8ba601a232dfe46) Importer(2089858483,b0f066a214c2f5e87bad3c948f4d605d) (ScriptedImporter) -> (artifact id: 'feddae5848a095e6fb07685dd7a83bac') in 0.0065132 seconds
Number of updated asset objects reloaded before import = 0Number of asset objects unloaded after import = 0

========================================================================
Received Import Request.
  Time since last request: 0.000126 seconds.
  path: Packages/com.unity.visualscripting/Runtime/VisualScripting.State/AnyState.cs
  artifactKey: Guid(713158a56b1f044b988caf50dd09eedf) Importer(2089858483,b0f066a214c2f5e87bad3c948f4d605d)
Start importing Packages/com.unity.visualscripting/Runtime/VisualScripting.State/AnyState.cs using Guid(713158a56b1f044b988caf50dd09eedf) Importer(2089858483,b0f066a214c2f5e87bad3c948f4d605d) (ScriptedImporter) -> (artifact id: '08e083a8218fc15948e4ddc61667c9fe') in 0.0068856 seconds
Number of updated asset objects reloaded before import = 0Number of asset objects unloaded after import = 0

========================================================================
Received Import Request.
  Time since last request: 0.000313 seconds.
  path: Packages/com.unity.visualscripting/Editor/VisualScripting.Flow/Description/UnitPortDescription.cs
  artifactKey: Guid(51835fa842102474c83eeea00b0602aa) Importer(2089858483,b0f066a214c2f5e87bad3c948f4d605d)
Start importing Packages/com.unity.visualscripting/Editor/VisualScripting.Flow/Description/UnitPortDescription.cs using Guid(51835fa842102474c83eeea00b0602aa) Importer(2089858483,b0f066a214c2f5e87bad3c948f4d605d) (ScriptedImporter) -> (artifact id: '3fd31c98712815e4fdb204a5df557720') in 0.0069409 seconds
Number of updated asset objects reloaded before import = 0Number of asset objects unloaded after import = 0

========================================================================
Received Import Request.
  Time since last request: 0.000093 seconds.
  path: Packages/com.unity.visualscripting/Editor/VisualScripting.State/States/NesterStateEditor.cs
  artifactKey: Guid(26fe4d37196fc4b978c8d67f2bf58df3) Importer(2089858483,b0f066a214c2f5e87bad3c948f4d605d)
Start importing Packages/com.unity.visualscripting/Editor/VisualScripting.State/States/NesterStateEditor.cs using Guid(26fe4d37196fc4b978c8d67f2bf58df3) Importer(2089858483,b0f066a214c2f5e87bad3c948f4d605d) (ScriptedImporter) -> (artifact id: '067fd050a71238853ae5417ef219f8b3') in 0.0062527 seconds
Number of updated asset objects reloaded before import = 0Number of asset objects unloaded after import = 0

========================================================================
Received Import Request.
  Time since last request: 0.000066 seconds.
  path: Packages/com.unity.inputsystem/InputSystem/Editor/Internal/AdvancedDropdown/AdvancedDropdown.cs
  artifactKey: Guid(4b0617d4946754ab980342582b1f560c) Importer(2089858483,b0f066a214c2f5e87bad3c948f4d605d)
Start importing Packages/com.unity.inputsystem/InputSystem/Editor/Internal/AdvancedDropdown/AdvancedDropdown.cs using Guid(4b0617d4946754ab980342582b1f560c) Importer(2089858483,b0f066a214c2f5e87bad3c948f4d605d) (ScriptedImporter) -> (artifact id: '917ae7491dbc3f7559d97bec13a5f400') in 0.0078288 seconds
Number of updated asset objects reloaded before import = 0Number of asset objects unloaded after import = 0

========================================================================
Received Import Request.
  Time since last request: 0.000085 seconds.
  path: Packages/com.unity.visualscripting/Editor/VisualScripting.Core/Plugins/PluginRuntimeAssemblyAttribute.cs
  artifactKey: Guid(48db00ab28bb14f1b9c7de9709a64c3e) Importer(2089858483,b0f066a214c2f5e87bad3c948f4d605d)
Start importing Packages/com.unity.visualscripting/Editor/VisualScripting.Core/Plugins/PluginRuntimeAssemblyAttribute.cs using Guid(48db00ab28bb14f1b9c7de9709a64c3e) Importer(2089858483,b0f066a214c2f5e87bad3c948f4d605d) (ScriptedImporter) -> (artifact id: '53902f74072a58cceb371dddf2e24b3e') in 0.0068383 seconds
Number of updated asset objects reloaded before import = 0Number of asset objects unloaded after import = 0

========================================================================
Received Import Request.
  Time since last request: 0.000076 seconds.
  path: Packages/com.unity.inputsystem/InputSystem/Editor/UITKAssetEditor/Views/InputActionMapsTreeViewItem.cs
  artifactKey: Guid(8b82aecdbfbdd1b49b90eb0d509b4166) Importer(2089858483,b0f066a214c2f5e87bad3c948f4d605d)
Start importing Packages/com.unity.inputsystem/InputSystem/Editor/UITKAssetEditor/Views/InputActionMapsTreeViewItem.cs using Guid(8b82aecdbfbdd1b49b90eb0d509b4166) Importer(2089858483,b0f066a214c2f5e87bad3c948f4d605d) (ScriptedImporter) -> (artifact id: 'bb625c94a03cd9c2c6d37fb23d0a0c12') in 0.0068623 seconds
Number of updated asset objects reloaded before import = 0Number of asset objects unloaded after import = 0

========================================================================
Received Import Request.
  Time since last request: 0.000081 seconds.
  path: Packages/com.unity.inputsystem/InputSystem/Editor/UITKAssetEditor/Views/IViewStateCollection.cs
  artifactKey: Guid(49a488c9c543d82408e3f15c90d36980) Importer(2089858483,b0f066a214c2f5e87bad3c948f4d605d)
Start importing Packages/com.unity.inputsystem/InputSystem/Editor/UITKAssetEditor/Views/IViewStateCollection.cs using Guid(49a488c9c543d82408e3f15c90d36980) Importer(2089858483,b0f066a214c2f5e87bad3c948f4d605d) (ScriptedImporter) -> (artifact id: '262714b5a562ad7d6cdc83825aafc7f7') in 0.0068658 seconds
Number of updated asset objects reloaded before import = 0Number of asset objects unloaded after import = 0

========================================================================
Received Import Request.
  Time since last request: 0.000156 seconds.
  path: Packages/com.unity.visualscripting/Editor/VisualScripting.Core/Windows/WebView.cs
  artifactKey: Guid(3f35ee013f1ab4a91914cbb66fbac356) Importer(2089858483,b0f066a214c2f5e87bad3c948f4d605d)
Start importing Packages/com.unity.visualscripting/Editor/VisualScripting.Core/Windows/WebView.cs using Guid(3f35ee013f1ab4a91914cbb66fbac356) Importer(2089858483,b0f066a214c2f5e87bad3c948f4d605d) (ScriptedImporter) -> (artifact id: '0c8da9d3493e1d4f22f10e1126b47ad5') in 0.00636 seconds
Number of updated asset objects reloaded before import = 0Number of asset objects unloaded after import = 0

========================================================================
Received Import Request.
  Time since last request: 0.000087 seconds.
  path: Packages/com.unity.inputsystem/InputSystem/Editor/UITKAssetEditor/PackageResources/InputActionMapsTreeViewItem.uxml
  artifactKey: Guid(3fa44185ed614414ebab354dfe5a06b6) Importer(2089858483,b0f066a214c2f5e87bad3c948f4d605d)
Start importing Packages/com.unity.inputsystem/InputSystem/Editor/UITKAssetEditor/PackageResources/InputActionMapsTreeViewItem.uxml using Guid(3fa44185ed614414ebab354dfe5a06b6) Importer(2089858483,b0f066a214c2f5e87bad3c948f4d605d) (ScriptedImporter) -> (artifact id: 'aff802918b312a18b79f410ec06d7905') in 0.0141941 seconds
Number of updated asset objects reloaded before import = 0Number of asset objects unloaded after import = 3

========================================================================
Received Import Request.
  Time since last request: 0.000018 seconds.
  path: Packages/com.unity.visualscripting/Runtime/VisualScripting.Flow/ScriptGraphAsset.cs
  artifactKey: Guid(95e66c6366d904e98bc83428217d4fd7) Importer(2089858483,b0f066a214c2f5e87bad3c948f4d605d)
Start importing Packages/com.unity.visualscripting/Runtime/VisualScripting.Flow/ScriptGraphAsset.cs using Guid(95e66c6366d904e98bc83428217d4fd7) Importer(2089858483,b0f066a214c2f5e87bad3c948f4d605d) (ScriptedImporter) -> (artifact id: 'ba784b0a52aa8c77a69f51343c0f509d') in 0.0077687 seconds
Number of updated asset objects reloaded before import = 0Number of asset objects unloaded after import = 1

========================================================================
Received Import Request.
  Time since last request: 0.000017 seconds.
  path: Packages/com.unity.visualscripting/Runtime/VisualScripting.Core/Ensure/EnsureThat.cs
  artifactKey: Guid(277a312e1d9d94cc58e488fc4f29619b) Importer(2089858483,b0f066a214c2f5e87bad3c948f4d605d)
Start importing Packages/com.unity.visualscripting/Runtime/VisualScripting.Core/Ensure/EnsureThat.cs using Guid(277a312e1d9d94cc58e488fc4f29619b) Importer(2089858483,b0f066a214c2f5e87bad3c948f4d605d) (ScriptedImporter) -> (artifact id: 'e70606c3bdc32ce4b6bada78ed139d8d') in 0.0055681 seconds
Number of updated asset objects reloaded before import = 0Number of asset objects unloaded after import = 0

========================================================================
Received Import Request.
  Time since last request: 0.000117 seconds.
  path: Packages/com.unity.visualscripting/Editor/VisualScripting.Core/Variables/VariableDeclarationsInspector.cs
  artifactKey: Guid(f6fc56e16558949f1920f60ef0a2b783) Importer(2089858483,b0f066a214c2f5e87bad3c948f4d605d)
Start importing Packages/com.unity.visualscripting/Editor/VisualScripting.Core/Variables/VariableDeclarationsInspector.cs using Guid(f6fc56e16558949f1920f60ef0a2b783) Importer(2089858483,b0f066a214c2f5e87bad3c948f4d605d) (ScriptedImporter) -> (artifact id: '76f5b0ed3fa047c773704de2f759dbc2') in 0.0068137 seconds
Number of updated asset objects reloaded before import = 0Number of asset objects unloaded after import = 0

========================================================================
Received Import Request.
  Time since last request: 0.000131 seconds.
  path: Packages/com.unity.inputsystem/InputSystem/Editor/ControlPicker/Layouts/DefaultInputControlPickerLayout.cs
  artifactKey: Guid(7717bf968da90024b9c047ba1a3394ec) Importer(2089858483,b0f066a214c2f5e87bad3c948f4d605d)
Start importing Packages/com.unity.inputsystem/InputSystem/Editor/ControlPicker/Layouts/DefaultInputControlPickerLayout.cs using Guid(7717bf968da90024b9c047ba1a3394ec) Importer(2089858483,b0f066a214c2f5e87bad3c948f4d605d) (ScriptedImporter) -> (artifact id: '1bf1100f538c73d51414b1037d1e8b3b') in 0.0062631 seconds
Number of updated asset objects reloaded before import = 0Number of asset objects unloaded after import = 0

========================================================================
Received Import Request.
  Time since last request: 0.000098 seconds.
  path: Packages/com.unity.visualscripting/Editor/VisualScripting.Flow/Options/UnitOptionRow.cs
  artifactKey: Guid(65a6a75d9580f437b84420c6b5e36cbd) Importer(2089858483,b0f066a214c2f5e87bad3c948f4d605d)
Start importing Packages/com.unity.visualscripting/Editor/VisualScripting.Flow/Options/UnitOptionRow.cs using Guid(65a6a75d9580f437b84420c6b5e36cbd) Importer(2089858483,b0f066a214c2f5e87bad3c948f4d605d) (ScriptedImporter) -> (artifact id: '847432ee1c310dfe3c08db1e3545e57e') in 0.0072551 seconds
Number of updated asset objects reloaded before import = 0Number of asset objects unloaded after import = 0

========================================================================
Received Import Request.
  Time since last request: 0.000060 seconds.
  path: Packages/com.unity.visualscripting/Editor/VisualScripting.Core/Utilities/EditorTypeUtility.cs
  artifactKey: Guid(7260e2f9cc0314caca0fccd6ed8bec18) Importer(2089858483,b0f066a214c2f5e87bad3c948f4d605d)
Start importing Packages/com.unity.visualscripting/Editor/VisualScripting.Core/Utilities/EditorTypeUtility.cs using Guid(7260e2f9cc0314caca0fccd6ed8bec18) Importer(2089858483,b0f066a214c2f5e87bad3c948f4d605d) (ScriptedImporter) -> (artifact id: '4ce6860503135194429fcfcd91113fdc') in 0.0068643 seconds
Number of updated asset objects reloaded before import = 0Number of asset objects unloaded after import = 0

========================================================================
Received Import Request.
  Time since last request: 0.000096 seconds.
  path: Packages/com.unity.visualscripting/Editor/VisualScripting.Flow/Connections/IUnitConnectionWidget.cs
  artifactKey: Guid(9ed635d3114774915b9f96a96a330dca) Importer(2089858483,b0f066a214c2f5e87bad3c948f4d605d)
Start importing Packages/com.unity.visualscripting/Editor/VisualScripting.Flow/Connections/IUnitConnectionWidget.cs using Guid(9ed635d3114774915b9f96a96a330dca) Importer(2089858483,b0f066a214c2f5e87bad3c948f4d605d) (ScriptedImporter) -> (artifact id: '2401776e1006a23e048dba5d96ccf492') in 0.0077267 seconds
Number of updated asset objects reloaded before import = 0Number of asset objects unloaded after import = 0

========================================================================
Received Import Request.
  Time since last request: 0.000103 seconds.
  path: Packages/com.unity.visualscripting/Editor/VisualScripting.Core/Platforms/AccessorInfoStubWriter.cs
  artifactKey: Guid(1446d29be66a04026a1afc723b0c35b0) Importer(2089858483,b0f066a214c2f5e87bad3c948f4d605d)
Start importing Packages/com.unity.visualscripting/Editor/VisualScripting.Core/Platforms/AccessorInfoStubWriter.cs using Guid(1446d29be66a04026a1afc723b0c35b0) Importer(2089858483,b0f066a214c2f5e87bad3c948f4d605d) (ScriptedImporter) -> (artifact id: '12c3e51bbfcb760d183a9814aa71fac1') in 0.0060068 seconds
Number of updated asset objects reloaded before import = 0Number of asset objects unloaded after import = 0

========================================================================
Received Import Request.
  Time since last request: 0.000090 seconds.
  path: Packages/com.unity.visualscripting/Editor/VisualScripting.State/States/StateAnalyser.cs
  artifactKey: Guid(eb1a4bbdbfdb14545866ce6d30badb33) Importer(2089858483,b0f066a214c2f5e87bad3c948f4d605d)
Start importing Packages/com.unity.visualscripting/Editor/VisualScripting.State/States/StateAnalyser.cs using Guid(eb1a4bbdbfdb14545866ce6d30badb33) Importer(2089858483,b0f066a214c2f5e87bad3c948f4d605d) (ScriptedImporter) -> (artifact id: '1fbc9a2588f6cf4dd63cbd8e99cac579') in 0.0056424 seconds
Number of updated asset objects reloaded before import = 0Number of asset objects unloaded after import = 0

========================================================================
Received Import Request.
  Time since last request: 0.000049 seconds.
  path: Packages/com.unity.visualscripting/Editor/VisualScripting.Core/Graph/GraphGUI.cs
  artifactKey: Guid(a72081f8a4b1747f381e5ea4b5cc0b9e) Importer(2089858483,b0f066a214c2f5e87bad3c948f4d605d)
Start importing Packages/com.unity.visualscripting/Editor/VisualScripting.Core/Graph/GraphGUI.cs using Guid(a72081f8a4b1747f381e5ea4b5cc0b9e) Importer(2089858483,b0f066a214c2f5e87bad3c948f4d605d) (ScriptedImporter) -> (artifact id: 'fecb00c28003777bc0a8418b61661f17') in 0.0070352 seconds
Number of updated asset objects reloaded before import = 0Number of asset objects unloaded after import = 0

========================================================================
Received Import Request.
  Time since last request: 0.000100 seconds.
  path: Packages/com.unity.visualscripting/Editor/VisualScripting.Core/Interface/ListOption.cs
  artifactKey: Guid(716433aa1715045cdb948343a5d21a89) Importer(2089858483,b0f066a214c2f5e87bad3c948f4d605d)
Start importing Packages/com.unity.visualscripting/Editor/VisualScripting.Core/Interface/ListOption.cs using Guid(716433aa1715045cdb948343a5d21a89) Importer(2089858483,b0f066a214c2f5e87bad3c948f4d605d) (ScriptedImporter) -> (artifact id: '80fe71b6472d7f99b7987cbaaa3384aa') in 0.0083295 seconds
Number of updated asset objects reloaded before import = 0Number of asset objects unloaded after import = 0

========================================================================
Received Import Request.
  Time since last request: 0.000203 seconds.
  path: Packages/com.unity.visualscripting/Editor/VisualScripting.Flow/FlowGraphEditor.cs
  artifactKey: Guid(88d0a1ad859d8469b94fecac8c36866d) Importer(2089858483,b0f066a214c2f5e87bad3c948f4d605d)
Start importing Packages/com.unity.visualscripting/Editor/VisualScripting.Flow/FlowGraphEditor.cs using Guid(88d0a1ad859d8469b94fecac8c36866d) Importer(2089858483,b0f066a214c2f5e87bad3c948f4d605d) (ScriptedImporter) -> (artifact id: '960cf2a09eec50e886e6a70b72e1e225') in 0.0065172 seconds
Number of updated asset objects reloaded before import = 0Number of asset objects unloaded after import = 0

========================================================================
Received Import Request.
  Time since last request: 0.000079 seconds.
  path: Packages/com.unity.visualscripting/Runtime/VisualScripting.Core/Graphs/IGraph.cs
  artifactKey: Guid(e3ac3da4f4ae1479a860034ee83b9463) Importer(2089858483,b0f066a214c2f5e87bad3c948f4d605d)
Start importing Packages/com.unity.visualscripting/Runtime/VisualScripting.Core/Graphs/IGraph.cs using Guid(e3ac3da4f4ae1479a860034ee83b9463) Importer(2089858483,b0f066a214c2f5e87bad3c948f4d605d) (ScriptedImporter) -> (artifact id: '07cb5e3687f9afa4d54c7818541c3427') in 0.0076252 seconds
Number of updated asset objects reloaded before import = 0Number of asset objects unloaded after import = 0

========================================================================
Received Import Request.
  Time since last request: 0.000038 seconds.
  path: Packages/com.unity.visualscripting/Editor/VisualScripting.Core/Utilities/DefineUtility.cs
  artifactKey: Guid(e28521b22894e476190c9ead0cdaba03) Importer(2089858483,b0f066a214c2f5e87bad3c948f4d605d)
Start importing Packages/com.unity.visualscripting/Editor/VisualScripting.Core/Utilities/DefineUtility.cs using Guid(e28521b22894e476190c9ead0cdaba03) Importer(2089858483,b0f066a214c2f5e87bad3c948f4d605d) (ScriptedImporter) -> (artifact id: 'b6ea1a1b20107587ebbfd9192b1b63d6') in 0.0055295 seconds
Number of updated asset objects reloaded before import = 0Number of asset objects unloaded after import = 0

========================================================================
Received Import Request.
  Time since last request: 0.000103 seconds.
  path: Packages/com.unity.visualscripting/Runtime/VisualScripting.State/StateTransition.cs
  artifactKey: Guid(3c1d7ff7db0a74ac28a76a55589c6651) Importer(2089858483,b0f066a214c2f5e87bad3c948f4d605d)
Start importing Packages/com.unity.visualscripting/Runtime/VisualScripting.State/StateTransition.cs using Guid(3c1d7ff7db0a74ac28a76a55589c6651) Importer(2089858483,b0f066a214c2f5e87bad3c948f4d605d) (ScriptedImporter) -> (artifact id: 'd6a35120dc0daac1cf2a437a8ffeff7f') in 0.0068344 seconds
Number of updated asset objects reloaded before import = 0Number of asset objects unloaded after import = 0

========================================================================
Received Import Request.
  Time since last request: 0.000020 seconds.
  path: Packages/com.unity.visualscripting/Editor/VisualScripting.Core/Unity.VisualScripting.Core.Editor.asmdef
  artifactKey: Guid(54cb1906aeb4e4264bc1d2aa3818a43f) Importer(2089858483,b0f066a214c2f5e87bad3c948f4d605d)
Start importing Packages/com.unity.visualscripting/Editor/VisualScripting.Core/Unity.VisualScripting.Core.Editor.asmdef using Guid(54cb1906aeb4e4264bc1d2aa3818a43f) Importer(2089858483,b0f066a214c2f5e87bad3c948f4d605d) (ScriptedImporter) -> (artifact id: '1e6ba52ba7fc12547021557feb4acee1') in 0.0065687 seconds
Number of updated asset objects reloaded before import = 0Number of asset objects unloaded after import = 1

========================================================================
Received Import Request.
  Time since last request: 0.000085 seconds.
  path: Packages/com.unity.visualscripting/Editor/VisualScripting.Core/Inspection/MacroEditor.cs
  artifactKey: Guid(27dc281077fec4945b70b86ac32105d1) Importer(2089858483,b0f066a214c2f5e87bad3c948f4d605d)
Start importing Packages/com.unity.visualscripting/Editor/VisualScripting.Core/Inspection/MacroEditor.cs using Guid(27dc281077fec4945b70b86ac32105d1) Importer(2089858483,b0f066a214c2f5e87bad3c948f4d605d) (ScriptedImporter) -> (artifact id: '64c01b5abe7538d7bf976cdc071efbd6') in 0.005836 seconds
Number of updated asset objects reloaded before import = 0Number of asset objects unloaded after import = 0

========================================================================
Received Import Request.
  Time since last request: 0.000066 seconds.
  path: Packages/com.unity.visualscripting/Runtime/VisualScripting.Core/Cloning/Cloner.cs
  artifactKey: Guid(50985218b7f8c4670b61869830f5ff7f) Importer(2089858483,b0f066a214c2f5e87bad3c948f4d605d)
Start importing Packages/com.unity.visualscripting/Runtime/VisualScripting.Core/Cloning/Cloner.cs using Guid(50985218b7f8c4670b61869830f5ff7f) Importer(2089858483,b0f066a214c2f5e87bad3c948f4d605d) (ScriptedImporter) -> (artifact id: '042d2e78f4a46cbcd7e6bac367aae982') in 0.0052497 seconds
Number of updated asset objects reloaded before import = 0Number of asset objects unloaded after import = 0

========================================================================
Received Import Request.
  Time since last request: 0.000106 seconds.
  path: Packages/com.unity.visualscripting/Runtime/VisualScripting.State/StateEventHooks.cs
  artifactKey: Guid(ff487154bf5ec41f1b830b780c2a8b0a) Importer(2089858483,b0f066a214c2f5e87bad3c948f4d605d)
Start importing Packages/com.unity.visualscripting/Runtime/VisualScripting.State/StateEventHooks.cs using Guid(ff487154bf5ec41f1b830b780c2a8b0a) Importer(2089858483,b0f066a214c2f5e87bad3c948f4d605d) (ScriptedImporter) -> (artifact id: '2a736fe1f22ea61f714edf70d78f1ee8') in 0.0067642 seconds
Number of updated asset objects reloaded before import = 0Number of asset objects unloaded after import = 0

========================================================================
Received Import Request.
  Time since last request: 0.000056 seconds.
  path: Packages/com.unity.inputsystem/InputSystem/Editor/Internal/AdvancedDropdown/AdvancedDropdownWindow.cs
  artifactKey: Guid(c46ed0dd23ba548fd87436e8c89334e9) Importer(2089858483,b0f066a214c2f5e87bad3c948f4d605d)
Start importing Packages/com.unity.inputsystem/InputSystem/Editor/Internal/AdvancedDropdown/AdvancedDropdownWindow.cs using Guid(c46ed0dd23ba548fd87436e8c89334e9) Importer(2089858483,b0f066a214c2f5e87bad3c948f4d605d) (ScriptedImporter) -> (artifact id: '9f27b44ff4f8d5d55eb9eff7e411254d') in 0.0068197 seconds
Number of updated asset objects reloaded before import = 0Number of asset objects unloaded after import = 0

========================================================================
Received Import Request.
  Time since last request: 0.000105 seconds.
  path: Packages/com.unity.visualscripting/Editor/VisualScripting.Core/Windows/Wizard.cs
  artifactKey: Guid(dc0ff1a83a5034ab1b021ec79c835f2f) Importer(2089858483,b0f066a214c2f5e87bad3c948f4d605d)
Start importing Packages/com.unity.visualscripting/Editor/VisualScripting.Core/Windows/Wizard.cs using Guid(dc0ff1a83a5034ab1b021ec79c835f2f) Importer(2089858483,b0f066a214c2f5e87bad3c948f4d605d) (ScriptedImporter) -> (artifact id: '2fa2befa44535c2e702a6332f8fb989b') in 0.0059349 seconds
Number of updated asset objects reloaded before import = 0Number of asset objects unloaded after import = 0

========================================================================
Received Import Request.
  Time since last request: 0.000081 seconds.
  path: Packages/com.unity.visualscripting/Graphics/EnumItem_16x.ai
  artifactKey: Guid(e99e627aecef48147afe455970fc03f6) Importer(2089858483,b0f066a214c2f5e87bad3c948f4d605d)
Start importing Packages/com.unity.visualscripting/Graphics/EnumItem_16x.ai using Guid(e99e627aecef48147afe455970fc03f6) Importer(2089858483,b0f066a214c2f5e87bad3c948f4d605d) (ScriptedImporter) -> (artifact id: 'e4879668b38d60c7e53ba9989bfca118') in 0.0065187 seconds
Number of updated asset objects reloaded before import = 0Number of asset objects unloaded after import = 1

========================================================================
Received Import Request.
  Time since last request: 0.000047 seconds.
  path: Packages/com.unity.visualscripting/Editor/VisualScripting.Flow/Units/UnitInspector.cs
  artifactKey: Guid(2e3a4e8e44db34ad48e5221d4f5db61a) Importer(2089858483,b0f066a214c2f5e87bad3c948f4d605d)
Start importing Packages/com.unity.visualscripting/Editor/VisualScripting.Flow/Units/UnitInspector.cs using Guid(2e3a4e8e44db34ad48e5221d4f5db61a) Importer(2089858483,b0f066a214c2f5e87bad3c948f4d605d) (ScriptedImporter) -> (artifact id: 'efc8167e0608f19544c03a5a64c1142a') in 0.0072109 seconds
Number of updated asset objects reloaded before import = 0Number of asset objects unloaded after import = 0

========================================================================
Received Import Request.
  Time since last request: 0.000102 seconds.
  path: Packages/com.unity.visualscripting/Editor/VisualScripting.Flow/Ports/UnitPortWidget.cs
  artifactKey: Guid(23c864f32645c4df8a6fedf99addeb77) Importer(2089858483,b0f066a214c2f5e87bad3c948f4d605d)
Start importing Packages/com.unity.visualscripting/Editor/VisualScripting.Flow/Ports/UnitPortWidget.cs using Guid(23c864f32645c4df8a6fedf99addeb77) Importer(2089858483,b0f066a214c2f5e87bad3c948f4d605d) (ScriptedImporter) -> (artifact id: '3f6009a6631992e174182dc33d0f39f0') in 0.0066505 seconds
Number of updated asset objects reloaded before import = 0Number of asset objects unloaded after import = 0

========================================================================
Received Import Request.
  Time since last request: 0.000059 seconds.
  path: Packages/com.unity.visualscripting/Editor/VisualScripting.Flow/Ports/ValueInputDefinitionInspector.cs
  artifactKey: Guid(e60e3ab5ec4384a26a35ad03f991ab55) Importer(2089858483,b0f066a214c2f5e87bad3c948f4d605d)
Start importing Packages/com.unity.visualscripting/Editor/VisualScripting.Flow/Ports/ValueInputDefinitionInspector.cs using Guid(e60e3ab5ec4384a26a35ad03f991ab55) Importer(2089858483,b0f066a214c2f5e87bad3c948f4d605d) (ScriptedImporter) -> (artifact id: '34a3ce72e2eb91617f9715f120b4b8ab') in 0.0064382 seconds
Number of updated asset objects reloaded before import = 0Number of asset objects unloaded after import = 0

========================================================================
Received Import Request.
  Time since last request: 0.000103 seconds.
  path: Packages/com.unity.visualscripting/Editor/VisualScripting.Core/Canvases/CanvasControlScheme.cs
  artifactKey: Guid(c47a48caf94f0400ebbbbbe83ae13c45) Importer(2089858483,b0f066a214c2f5e87bad3c948f4d605d)
Start importing Packages/com.unity.visualscripting/Editor/VisualScripting.Core/Canvases/CanvasControlScheme.cs using Guid(c47a48caf94f0400ebbbbbe83ae13c45) Importer(2089858483,b0f066a214c2f5e87bad3c948f4d605d) (ScriptedImporter) -> (artifact id: '2921b573fda2ad2693300bb915cf45dc') in 0.0060738 seconds
Number of updated asset objects reloaded before import = 0Number of asset objects unloaded after import = 0

========================================================================
Received Import Request.
  Time since last request: 0.000110 seconds.
  path: Packages/com.unity.visualscripting/Editor/VisualScripting.Flow/Plugin/BoltFlowConfiguration.cs
  artifactKey: Guid(afd111c0051bd41439aa4f5de930fb9e) Importer(2089858483,b0f066a214c2f5e87bad3c948f4d605d)
Start importing Packages/com.unity.visualscripting/Editor/VisualScripting.Flow/Plugin/BoltFlowConfiguration.cs using Guid(afd111c0051bd41439aa4f5de930fb9e) Importer(2089858483,b0f066a214c2f5e87bad3c948f4d605d) (ScriptedImporter) -> (artifact id: '9f153df4821a466e5b4e2bfc6f240576') in 0.0069293 seconds
Number of updated asset objects reloaded before import = 0Number of asset objects unloaded after import = 0

========================================================================
Received Import Request.
  Time since last request: 0.000027 seconds.
  path: Packages/com.unity.visualscripting/Editor/VisualScripting.Core/Windows/ListPage.cs
  artifactKey: Guid(296da993c3b284e749be7bc6001c9d99) Importer(2089858483,b0f066a214c2f5e87bad3c948f4d605d)
Start importing Packages/com.unity.visualscripting/Editor/VisualScripting.Core/Windows/ListPage.cs using Guid(296da993c3b284e749be7bc6001c9d99) Importer(2089858483,b0f066a214c2f5e87bad3c948f4d605d) (ScriptedImporter) -> (artifact id: 'be631b737efae8fcb8250cf941ea92ea') in 0.0081899 seconds
Number of updated asset objects reloaded before import = 0Number of asset objects unloaded after import = 0

========================================================================
Received Import Request.
  Time since last request: 0.000110 seconds.
  path: Packages/com.unity.visualscripting/Editor/VisualScripting.Core/IconMap/VariablesAsset@32.png
  artifactKey: Guid(562f2dd7647d95e499d958215476bbde) Importer(2089858483,b0f066a214c2f5e87bad3c948f4d605d)
Start importing Packages/com.unity.visualscripting/Editor/VisualScripting.Core/IconMap/VariablesAsset@32.png using Guid(562f2dd7647d95e499d958215476bbde) Importer(2089858483,b0f066a214c2f5e87bad3c948f4d605d) (ScriptedImporter) -> (artifact id: '9b9e6375ec0eecbc7af6695e88f6692d') in 0.0138661 seconds
Number of updated asset objects reloaded before import = 0Number of asset objects unloaded after import = 1

========================================================================
Received Import Request.
  Time since last request: 0.000030 seconds.
  path: Packages/com.unity.visualscripting/Editor/VisualScripting.Flow/Framework/InputSystemWidget.cs
  artifactKey: Guid(d50ab652aac442d7b9be658d6cb938b4) Importer(2089858483,b0f066a214c2f5e87bad3c948f4d605d)
Start importing Packages/com.unity.visualscripting/Editor/VisualScripting.Flow/Framework/InputSystemWidget.cs using Guid(d50ab652aac442d7b9be658d6cb938b4) Importer(2089858483,b0f066a214c2f5e87bad3c948f4d605d) (ScriptedImporter) -> (artifact id: '01310398d6ff1127160d252039fc8dd3') in 0.0074313 seconds
Number of updated asset objects reloaded before import = 0Number of asset objects unloaded after import = 0

========================================================================
Received Import Request.
  Time since last request: 0.000130 seconds.
  path: Packages/com.unity.visualscripting/Runtime/VisualScripting.Core/Platforms/IAotStubbable.cs
  artifactKey: Guid(575479e672c3948eebd1d284a05b742a) Importer(2089858483,b0f066a214c2f5e87bad3c948f4d605d)
Start importing Packages/com.unity.visualscripting/Runtime/VisualScripting.Core/Platforms/IAotStubbable.cs using Guid(575479e672c3948eebd1d284a05b742a) Importer(2089858483,b0f066a214c2f5e87bad3c948f4d605d) (ScriptedImporter) -> (artifact id: '6a8d5779e9e67cda2aa03cef4d771d97') in 0.0081062 seconds
Number of updated asset objects reloaded before import = 0Number of asset objects unloaded after import = 0

========================================================================
Received Import Request.
  Time since last request: 0.000049 seconds.
  path: Packages/com.unity.visualscripting/Graphics/Field_16x.ai
  artifactKey: Guid(04284a5c673029d43b07b690037dda4a) Importer(2089858483,b0f066a214c2f5e87bad3c948f4d605d)
Start importing Packages/com.unity.visualscripting/Graphics/Field_16x.ai using Guid(04284a5c673029d43b07b690037dda4a) Importer(2089858483,b0f066a214c2f5e87bad3c948f4d605d) (ScriptedImporter) -> (artifact id: 'a072de206ccfc36876c5e7f39711e3b8') in 0.0071645 seconds
Number of updated asset objects reloaded before import = 0Number of asset objects unloaded after import = 1

========================================================================
Received Import Request.
  Time since last request: 0.000083 seconds.
  path: Packages/com.unity.visualscripting/Runtime/VisualScripting.Core/Reflection/RenamedAssemblyAttribute.cs
  artifactKey: Guid(1aeae502fb9d5fb499f90d9c1166211e) Importer(2089858483,b0f066a214c2f5e87bad3c948f4d605d)
Start importing Packages/com.unity.visualscripting/Runtime/VisualScripting.Core/Reflection/RenamedAssemblyAttribute.cs using Guid(1aeae502fb9d5fb499f90d9c1166211e) Importer(2089858483,b0f066a214c2f5e87bad3c948f4d605d) (ScriptedImporter) -> (artifact id: 'e69bc89de0cd18def8ea3f791b497113') in 0.0066821 seconds
Number of updated asset objects reloaded before import = 0Number of asset objects unloaded after import = 0

========================================================================
Received Import Request.
  Time since last request: 0.000123 seconds.
  path: Packages/com.unity.visualscripting/Editor/VisualScripting.Core/BoltStyles.cs
  artifactKey: Guid(2a3cd7080fc4042768e4e591975cfbc5) Importer(2089858483,b0f066a214c2f5e87bad3c948f4d605d)
Start importing Packages/com.unity.visualscripting/Editor/VisualScripting.Core/BoltStyles.cs using Guid(2a3cd7080fc4042768e4e591975cfbc5) Importer(2089858483,b0f066a214c2f5e87bad3c948f4d605d) (ScriptedImporter) -> (artifact id: '8fc514e91d647d6a3e81e792d016f9b6') in 0.0065461 seconds
Number of updated asset objects reloaded before import = 0Number of asset objects unloaded after import = 0

========================================================================
Received Import Request.
  Time since last request: 0.000073 seconds.
  path: Packages/com.unity.visualscripting/Runtime/VisualScripting.Core/Collections/MergedKeyedCollection.cs
  artifactKey: Guid(520c9222b31ec4f5aa5951b64ab04a93) Importer(2089858483,b0f066a214c2f5e87bad3c948f4d605d)
Start importing Packages/com.unity.visualscripting/Runtime/VisualScripting.Core/Collections/MergedKeyedCollection.cs using Guid(520c9222b31ec4f5aa5951b64ab04a93) Importer(2089858483,b0f066a214c2f5e87bad3c948f4d605d) (ScriptedImporter) -> (artifact id: '1608fe65cc08b6ccba9de47a5c73375f') in 0.0069504 seconds
Number of updated asset objects reloaded before import = 0Number of asset objects unloaded after import = 0

========================================================================
Received Import Request.
  Time since last request: 0.000089 seconds.
  path: Packages/com.unity.visualscripting/Editor/VisualScripting.Core/Plugins/Plugin.cs
  artifactKey: Guid(801b1b03ede544efdb2853ffd7acbd89) Importer(2089858483,b0f066a214c2f5e87bad3c948f4d605d)
Start importing Packages/com.unity.visualscripting/Editor/VisualScripting.Core/Plugins/Plugin.cs using Guid(801b1b03ede544efdb2853ffd7acbd89) Importer(2089858483,b0f066a214c2f5e87bad3c948f4d605d) (ScriptedImporter) -> (artifact id: 'f10a8144c45aab1ecd21408ea4c00752') in 0.007068 seconds
Number of updated asset objects reloaded before import = 0Number of asset objects unloaded after import = 0

========================================================================
Received Import Request.
  Time since last request: 0.000090 seconds.
  path: Packages/com.unity.visualscripting/Runtime/VisualScripting.Core/Collections/IKeyedCollection.cs
  artifactKey: Guid(838e8a6e5d50f44d6988900179976bf1) Importer(2089858483,b0f066a214c2f5e87bad3c948f4d605d)
Start importing Packages/com.unity.visualscripting/Runtime/VisualScripting.Core/Collections/IKeyedCollection.cs using Guid(838e8a6e5d50f44d6988900179976bf1) Importer(2089858483,b0f066a214c2f5e87bad3c948f4d605d) (ScriptedImporter) -> (artifact id: '48347234ddc0a0b4e3d64354e9e75f4e') in 0.0077492 seconds
Number of updated asset objects reloaded before import = 0Number of asset objects unloaded after import = 0

========================================================================
Received Import Request.
  Time since last request: 0.000104 seconds.
  path: Packages/com.unity.visualscripting/Editor/VisualScripting.Flow/Description/UnitAnalyser.cs
  artifactKey: Guid(59cd7f950ffc142d997761f2547b6bfb) Importer(2089858483,b0f066a214c2f5e87bad3c948f4d605d)
Start importing Packages/com.unity.visualscripting/Editor/VisualScripting.Flow/Description/UnitAnalyser.cs using Guid(59cd7f950ffc142d997761f2547b6bfb) Importer(2089858483,b0f066a214c2f5e87bad3c948f4d605d) (ScriptedImporter) -> (artifact id: 'aa21c20f513a55cdf4c301cd8bd78919') in 0.008404 seconds
Number of updated asset objects reloaded before import = 0Number of asset objects unloaded after import = 0

========================================================================
Received Import Request.
  Time since last request: 0.000105 seconds.
  path: Packages/com.unity.visualscripting/Runtime/VisualScripting.Core/Events/FrameDelayedCallback.cs
  artifactKey: Guid(c6ae16097a0d4e30bf4c1f3c16ba3805) Importer(2089858483,b0f066a214c2f5e87bad3c948f4d605d)
Start importing Packages/com.unity.visualscripting/Runtime/VisualScripting.Core/Events/FrameDelayedCallback.cs using Guid(c6ae16097a0d4e30bf4c1f3c16ba3805) Importer(2089858483,b0f066a214c2f5e87bad3c948f4d605d) (ScriptedImporter) -> (artifact id: 'a0ee9aa45fa20b8befc58846d638acfd') in 0.0060682 seconds
Number of updated asset objects reloaded before import = 0Number of asset objects unloaded after import = 0

========================================================================
Received Import Request.
  Time since last request: 0.000105 seconds.
  path: Packages/com.unity.visualscripting/Editor/VisualScripting.Core/Inspection/InspectorProvider.cs
  artifactKey: Guid(c8afb9d1ae6c740268e516bdc008ce65) Importer(2089858483,b0f066a214c2f5e87bad3c948f4d605d)
Start importing Packages/com.unity.visualscripting/Editor/VisualScripting.Core/Inspection/InspectorProvider.cs using Guid(c8afb9d1ae6c740268e516bdc008ce65) Importer(2089858483,b0f066a214c2f5e87bad3c948f4d605d) (ScriptedImporter) -> (artifact id: '847fbe505ead9317c9ff01de46351d8a') in 0.0056393 seconds
Number of updated asset objects reloaded before import = 0Number of asset objects unloaded after import = 0

========================================================================
Received Import Request.
  Time since last request: 0.000113 seconds.
  path: Packages/com.unity.visualscripting/Editor/VisualScripting.Core/Utilities/WarningLevel.cs
  artifactKey: Guid(3abc02ba39ffa4dbe838a360c1b840f2) Importer(2089858483,b0f066a214c2f5e87bad3c948f4d605d)
Start importing Packages/com.unity.visualscripting/Editor/VisualScripting.Core/Utilities/WarningLevel.cs using Guid(3abc02ba39ffa4dbe838a360c1b840f2) Importer(2089858483,b0f066a214c2f5e87bad3c948f4d605d) (ScriptedImporter) -> (artifact id: '7eb4f9f9909a4254a9832313519c05d1') in 0.0059234 seconds
Number of updated asset objects reloaded before import = 0Number of asset objects unloaded after import = 0

========================================================================
Received Import Request.
  Time since last request: 0.000045 seconds.
  path: Packages/com.unity.visualscripting/Editor/VisualScripting.Flow/Options/UnitOptionTree.cs
  artifactKey: Guid(0aff9d906147244d6b9be227b986021a) Importer(2089858483,b0f066a214c2f5e87bad3c948f4d605d)
Start importing Packages/com.unity.visualscripting/Editor/VisualScripting.Flow/Options/UnitOptionTree.cs using Guid(0aff9d906147244d6b9be227b986021a) Importer(2089858483,b0f066a214c2f5e87bad3c948f4d605d) (ScriptedImporter) -> (artifact id: 'd1a377f9fe2fb3f828d96d55f1d9b3f0') in 0.006441 seconds
Number of updated asset objects reloaded before import = 0Number of asset objects unloaded after import = 0

========================================================================
Received Import Request.
  Time since last request: 0.000104 seconds.
  path: Packages/com.unity.visualscripting/Editor/VisualScripting.Core/Analytics/NodeUsageAnalytics.cs
  artifactKey: Guid(9ef9ab17827342b781ff73737f13ddb7) Importer(2089858483,b0f066a214c2f5e87bad3c948f4d605d)
Start importing Packages/com.unity.visualscripting/Editor/VisualScripting.Core/Analytics/NodeUsageAnalytics.cs using Guid(9ef9ab17827342b781ff73737f13ddb7) Importer(2089858483,b0f066a214c2f5e87bad3c948f4d605d) (ScriptedImporter) -> (artifact id: '7fcfb660d61bc1b25f9565bad7cd22a7') in 0.0065312 seconds
Number of updated asset objects reloaded before import = 0Number of asset objects unloaded after import = 0

========================================================================
Received Import Request.
  Time since last request: 0.000087 seconds.
  path: Packages/com.unity.visualscripting/Runtime/VisualScripting.Core/Input/PressState.cs
  artifactKey: Guid(6b3f6fbc3eebd4d3dabcf39e2e98ee73) Importer(2089858483,b0f066a214c2f5e87bad3c948f4d605d)
Start importing Packages/com.unity.visualscripting/Runtime/VisualScripting.Core/Input/PressState.cs using Guid(6b3f6fbc3eebd4d3dabcf39e2e98ee73) Importer(2089858483,b0f066a214c2f5e87bad3c948f4d605d) (ScriptedImporter) -> (artifact id: '88482b8c6f67b1ff401e8924342572f1') in 0.0057671 seconds
Number of updated asset objects reloaded before import = 0Number of asset objects unloaded after import = 0

========================================================================
Received Import Request.
  Time since last request: 0.000089 seconds.
  path: Packages/com.unity.visualscripting/Editor/VisualScripting.Flow/Description/UnitAnalysis.cs
  artifactKey: Guid(2c1bdc9069f004a5f96a18d68a450d49) Importer(2089858483,b0f066a214c2f5e87bad3c948f4d605d)
Start importing Packages/com.unity.visualscripting/Editor/VisualScripting.Flow/Description/UnitAnalysis.cs using Guid(2c1bdc9069f004a5f96a18d68a450d49) Importer(2089858483,b0f066a214c2f5e87bad3c948f4d605d) (ScriptedImporter) -> (artifact id: '91a0e4a14762703644e4ac99865f1b99') in 0.006343 seconds
Number of updated asset objects reloaded before import = 0Number of asset objects unloaded after import = 0

========================================================================
Received Import Request.
  Time since last request: 0.000181 seconds.
  path: Packages/com.unity.visualscripting/Editor/SettingsProvider/ProjectSettings/ScriptReferenceResolverSettings.cs
  artifactKey: Guid(a8c0a3364f2ef4e42820eb87b5bdab69) Importer(2089858483,b0f066a214c2f5e87bad3c948f4d605d)
Start importing Packages/com.unity.visualscripting/Editor/SettingsProvider/ProjectSettings/ScriptReferenceResolverSettings.cs using Guid(a8c0a3364f2ef4e42820eb87b5bdab69) Importer(2089858483,b0f066a214c2f5e87bad3c948f4d605d) (ScriptedImporter) -> (artifact id: 'e8d7f1d89103373c29bcca869fcff10e') in 0.005441 seconds
Number of updated asset objects reloaded before import = 0Number of asset objects unloaded after import = 0

========================================================================
Received Import Request.
  Time since last request: 0.000099 seconds.
  path: Packages/com.unity.visualscripting/Runtime/VisualScripting.Core/Reflection/Member.cs
  artifactKey: Guid(628d9148413e5487f8a67004133213e4) Importer(2089858483,b0f066a214c2f5e87bad3c948f4d605d)
Start importing Packages/com.unity.visualscripting/Runtime/VisualScripting.Core/Reflection/Member.cs using Guid(628d9148413e5487f8a67004133213e4) Importer(2089858483,b0f066a214c2f5e87bad3c948f4d605d) (ScriptedImporter) -> (artifact id: '86e907fc48b589ce279e5d01b6183148') in 0.0057394 seconds
Number of updated asset objects reloaded before import = 0Number of asset objects unloaded after import = 0

========================================================================
Received Import Request.
  Time since last request: 0.000070 seconds.
  path: Packages/com.unity.visualscripting/Editor/VisualScripting.Core/Reflection/NamespaceOption.cs
  artifactKey: Guid(da874c3b268ea40b892d803d75bf2ad1) Importer(2089858483,b0f066a214c2f5e87bad3c948f4d605d)
Start importing Packages/com.unity.visualscripting/Editor/VisualScripting.Core/Reflection/NamespaceOption.cs using Guid(da874c3b268ea40b892d803d75bf2ad1) Importer(2089858483,b0f066a214c2f5e87bad3c948f4d605d) (ScriptedImporter) -> (artifact id: '8df8c44c6a59a9f87987071130f6f98a') in 0.0066661 seconds
Number of updated asset objects reloaded before import = 0Number of asset objects unloaded after import = 0

========================================================================
Received Import Request.
  Time since last request: 0.000072 seconds.
  path: Packages/com.unity.visualscripting/Runtime/VisualScripting.Core/Exceptions/InvalidConversionException.cs
  artifactKey: Guid(052fca7ced5fd4e419bc11f7627bbfc0) Importer(2089858483,b0f066a214c2f5e87bad3c948f4d605d)
Start importing Packages/com.unity.visualscripting/Runtime/VisualScripting.Core/Exceptions/InvalidConversionException.cs using Guid(052fca7ced5fd4e419bc11f7627bbfc0) Importer(2089858483,b0f066a214c2f5e87bad3c948f4d605d) (ScriptedImporter) -> (artifact id: '114e82023d7f935a712d4f292c3f62de') in 0.006206 seconds
Number of updated asset objects reloaded before import = 0Number of asset objects unloaded after import = 0

========================================================================
Received Import Request.
  Time since last request: 0.000149 seconds.
  path: Packages/com.unity.visualscripting/Editor/VisualScripting.Flow/Acknowledgements/Acknowledgement_NCalc.cs
  artifactKey: Guid(a3d454da223e041ea89eaac8fb3e53fb) Importer(2089858483,b0f066a214c2f5e87bad3c948f4d605d)
Start importing Packages/com.unity.visualscripting/Editor/VisualScripting.Flow/Acknowledgements/Acknowledgement_NCalc.cs using Guid(a3d454da223e041ea89eaac8fb3e53fb) Importer(2089858483,b0f066a214c2f5e87bad3c948f4d605d) (ScriptedImporter) -> (artifact id: 'bef9910f54544f8aa21789aac2ce4d0a') in 0.0058583 seconds
Number of updated asset objects reloaded before import = 0Number of asset objects unloaded after import = 0

========================================================================
Received Import Request.
  Time since last request: 0.000066 seconds.
  path: Packages/com.unity.visualscripting/Runtime/VisualScripting.State/SuperState.cs
  artifactKey: Guid(deb08b5b8bf324486b189589674736df) Importer(2089858483,b0f066a214c2f5e87bad3c948f4d605d)
Start importing Packages/com.unity.visualscripting/Runtime/VisualScripting.State/SuperState.cs using Guid(deb08b5b8bf324486b189589674736df) Importer(2089858483,b0f066a214c2f5e87bad3c948f4d605d) (ScriptedImporter) -> (artifact id: 'e79459d7afed89399f2c943e9d0199d0') in 0.0054545 seconds
Number of updated asset objects reloaded before import = 0Number of asset objects unloaded after import = 0

========================================================================
Received Import Request.
  Time since last request: 0.000077 seconds.
  path: Packages/com.unity.visualscripting/Runtime/VisualScripting.Core/Connections/GraphConnectionCollection.cs
  artifactKey: Guid(650036ff826f64479bd924a78dab1057) Importer(2089858483,b0f066a214c2f5e87bad3c948f4d605d)
Start importing Packages/com.unity.visualscripting/Runtime/VisualScripting.Core/Connections/GraphConnectionCollection.cs using Guid(650036ff826f64479bd924a78dab1057) Importer(2089858483,b0f066a214c2f5e87bad3c948f4d605d) (ScriptedImporter) -> (artifact id: 'd367fff8f251fb0a8f8e6444b883d9c0') in 0.0052596 seconds
Number of updated asset objects reloaded before import = 0Number of asset objects unloaded after import = 0

========================================================================
Received Import Request.
  Time since last request: 0.000094 seconds.
  path: Packages/com.unity.visualscripting/Editor/VisualScripting.Flow/Invocations/MemberInvocationInspector.cs
  artifactKey: Guid(41f5d158b421e44c78e95341ab945c13) Importer(2089858483,b0f066a214c2f5e87bad3c948f4d605d)
Start importing Packages/com.unity.visualscripting/Editor/VisualScripting.Flow/Invocations/MemberInvocationInspector.cs using Guid(41f5d158b421e44c78e95341ab945c13) Importer(2089858483,b0f066a214c2f5e87bad3c948f4d605d) (ScriptedImporter) -> (artifact id: '1c7148fb9a43d5e960fd4e3331a6b31c') in 0.0054312 seconds
Number of updated asset objects reloaded before import = 0Number of asset objects unloaded after import = 0

========================================================================
Received Import Request.
  Time since last request: 0.000094 seconds.
  path: Packages/com.unity.visualscripting/Editor/VisualScripting.Core/Serialization/TypeExtensions.cs
  artifactKey: Guid(e74f2cddfbfc488b82f5eee792f91cf2) Importer(2089858483,b0f066a214c2f5e87bad3c948f4d605d)
Start importing Packages/com.unity.visualscripting/Editor/VisualScripting.Core/Serialization/TypeExtensions.cs using Guid(e74f2cddfbfc488b82f5eee792f91cf2) Importer(2089858483,b0f066a214c2f5e87bad3c948f4d605d) (ScriptedImporter) -> (artifact id: 'f63204a1d5e1178df6469046f5c02d6d') in 0.0060817 seconds
Number of updated asset objects reloaded before import = 0Number of asset objects unloaded after import = 0

========================================================================
Received Import Request.
  Time since last request: 0.000138 seconds.
  path: Packages/com.unity.visualscripting/Editor/VisualScripting.State/Transitions/StateTransitionWidget.cs
  artifactKey: Guid(3d4c55a931854453da3c5a0466ef9fb8) Importer(2089858483,b0f066a214c2f5e87bad3c948f4d605d)
Start importing Packages/com.unity.visualscripting/Editor/VisualScripting.State/Transitions/StateTransitionWidget.cs using Guid(3d4c55a931854453da3c5a0466ef9fb8) Importer(2089858483,b0f066a214c2f5e87bad3c948f4d605d) (ScriptedImporter) -> (artifact id: 'd1d53c10adfd2e7fffe13a8ae068a9a5') in 0.0063387 seconds
Number of updated asset objects reloaded before import = 0Number of asset objects unloaded after import = 0

========================================================================
Received Import Request.
  Time since last request: 0.000076 seconds.
  path: Packages/com.unity.visualscripting/Runtime/VisualScripting.Core/Connections/ConnectionCollection.cs
  artifactKey: Guid(64f1445c587dc4e6580be74135961a4c) Importer(2089858483,b0f066a214c2f5e87bad3c948f4d605d)
Start importing Packages/com.unity.visualscripting/Runtime/VisualScripting.Core/Connections/ConnectionCollection.cs using Guid(64f1445c587dc4e6580be74135961a4c) Importer(2089858483,b0f066a214c2f5e87bad3c948f4d605d) (ScriptedImporter) -> (artifact id: '0013f44ae10d0ec2266cb45c844fe53e') in 0.0059541 seconds
Number of updated asset objects reloaded before import = 0Number of asset objects unloaded after import = 0

========================================================================
Received Import Request.
  Time since last request: 0.000069 seconds.
  path: Packages/com.unity.visualscripting/Editor/VisualScripting.Flow/FlowGraphUnitUISample.cs
  artifactKey: Guid(b1b39c71b073f4269acc255452659ff3) Importer(2089858483,b0f066a214c2f5e87bad3c948f4d605d)
Start importing Packages/com.unity.visualscripting/Editor/VisualScripting.Flow/FlowGraphUnitUISample.cs using Guid(b1b39c71b073f4269acc255452659ff3) Importer(2089858483,b0f066a214c2f5e87bad3c948f4d605d) (ScriptedImporter) -> (artifact id: 'fd7ffad29c2275fa3fce5302de817e90') in 0.0063895 seconds
Number of updated asset objects reloaded before import = 0Number of asset objects unloaded after import = 0

========================================================================
Received Import Request.
  Time since last request: 0.000090 seconds.
  path: Packages/com.unity.visualscripting/Editor/VisualScripting.Core/Inspection/InspectorAttribute.cs
  artifactKey: Guid(15ca1699a35f54611a479338163f45c3) Importer(2089858483,b0f066a214c2f5e87bad3c948f4d605d)
Start importing Packages/com.unity.visualscripting/Editor/VisualScripting.Core/Inspection/InspectorAttribute.cs using Guid(15ca1699a35f54611a479338163f45c3) Importer(2089858483,b0f066a214c2f5e87bad3c948f4d605d) (ScriptedImporter) -> (artifact id: '23f3e310a8ccd01db9ad68c7987c93f1') in 0.0058834 seconds
Number of updated asset objects reloaded before import = 0Number of asset objects unloaded after import = 0

========================================================================
Received Import Request.
  Time since last request: 0.000116 seconds.
  path: Packages/com.unity.visualscripting/Editor/VisualScripting.Core/Reflection/TypeOptionTree.cs
  artifactKey: Guid(9e39b84d008654e7f97f6617706ee0d1) Importer(2089858483,b0f066a214c2f5e87bad3c948f4d605d)
Start importing Packages/com.unity.visualscripting/Editor/VisualScripting.Core/Reflection/TypeOptionTree.cs using Guid(9e39b84d008654e7f97f6617706ee0d1) Importer(2089858483,b0f066a214c2f5e87bad3c948f4d605d) (ScriptedImporter) -> (artifact id: 'd779fd5ddfd5322c21bdeacb3f526674') in 0.0056472 seconds
Number of updated asset objects reloaded before import = 0Number of asset objects unloaded after import = 0

========================================================================
Received Import Request.
  Time since last request: 0.000114 seconds.
  path: Packages/com.unity.visualscripting/Editor/VisualScripting.Core/Utilities/PluginPaths.cs
  artifactKey: Guid(07e4cb113112e4eafae0c4744db6bf58) Importer(2089858483,b0f066a214c2f5e87bad3c948f4d605d)
Start importing Packages/com.unity.visualscripting/Editor/VisualScripting.Core/Utilities/PluginPaths.cs using Guid(07e4cb113112e4eafae0c4744db6bf58) Importer(2089858483,b0f066a214c2f5e87bad3c948f4d605d) (ScriptedImporter) -> (artifact id: 'dff899937a5569085d5ea11e085cfada') in 0.0084562 seconds
Number of updated asset objects reloaded before import = 0Number of asset objects unloaded after import = 0

========================================================================
Received Import Request.
  Time since last request: 0.000085 seconds.
  path: Packages/com.unity.visualscripting/Editor/VisualScripting.Core/Utilities/VSUsageUtility.cs
  artifactKey: Guid(d11d8156e1fe44e4ba4931e52e7e8a62) Importer(2089858483,b0f066a214c2f5e87bad3c948f4d605d)
Start importing Packages/com.unity.visualscripting/Editor/VisualScripting.Core/Utilities/VSUsageUtility.cs using Guid(d11d8156e1fe44e4ba4931e52e7e8a62) Importer(2089858483,b0f066a214c2f5e87bad3c948f4d605d) (ScriptedImporter) -> (artifact id: '869311b86c76c3563b784856db623482') in 0.0067624 seconds
Number of updated asset objects reloaded before import = 0Number of asset objects unloaded after import = 0

========================================================================
Received Import Request.
  Time since last request: 0.000068 seconds.
  path: Packages/com.unity.visualscripting/Editor/VisualScripting.Core/Inspection/IndividualEditor.cs
  artifactKey: Guid(dcbece4f25a4343eebda49447d5846fe) Importer(2089858483,b0f066a214c2f5e87bad3c948f4d605d)
Start importing Packages/com.unity.visualscripting/Editor/VisualScripting.Core/Inspection/IndividualEditor.cs using Guid(dcbece4f25a4343eebda49447d5846fe) Importer(2089858483,b0f066a214c2f5e87bad3c948f4d605d) (ScriptedImporter) -> (artifact id: 'bbf2398b8233fb1e6851b9e6cb75158d') in 0.0062616 seconds
Number of updated asset objects reloaded before import = 0Number of asset objects unloaded after import = 0

========================================================================
Received Import Request.
  Time since last request: 0.000111 seconds.
  path: Packages/com.unity.visualscripting/Runtime/VisualScripting.Flow/IUnitDebugData.cs
  artifactKey: Guid(a7c2e2ea622d44c91ba4d6117feabf36) Importer(2089858483,b0f066a214c2f5e87bad3c948f4d605d)
Start importing Packages/com.unity.visualscripting/Runtime/VisualScripting.Flow/IUnitDebugData.cs using Guid(a7c2e2ea622d44c91ba4d6117feabf36) Importer(2089858483,b0f066a214c2f5e87bad3c948f4d605d) (ScriptedImporter) -> (artifact id: '612f58a70f597d33584020bcc898f5c6') in 0.0109438 seconds
Number of updated asset objects reloaded before import = 0Number of asset objects unloaded after import = 0

========================================================================
Received Import Request.
  Time since last request: 0.000082 seconds.
  path: Packages/com.unity.visualscripting/Editor/VisualScripting.Core/Canvases/CanvasProvider.cs
  artifactKey: Guid(b32061678e736470f9787cdd51b40816) Importer(2089858483,b0f066a214c2f5e87bad3c948f4d605d)
Start importing Packages/com.unity.visualscripting/Editor/VisualScripting.Core/Canvases/CanvasProvider.cs using Guid(b32061678e736470f9787cdd51b40816) Importer(2089858483,b0f066a214c2f5e87bad3c948f4d605d) (ScriptedImporter) -> (artifact id: '8a0853d3cba68b33aab33b84c3e34f5b') in 0.007602 seconds
Number of updated asset objects reloaded before import = 0Number of asset objects unloaded after import = 0

========================================================================
Received Import Request.
  Time since last request: 0.000105 seconds.
  path: Packages/com.unity.visualscripting/Editor/VisualScripting.State/States/FlowStateWidget.cs
  artifactKey: Guid(d891a8dfd0a4d464897c1598d1a0f5a0) Importer(2089858483,b0f066a214c2f5e87bad3c948f4d605d)
Start importing Packages/com.unity.visualscripting/Editor/VisualScripting.State/States/FlowStateWidget.cs using Guid(d891a8dfd0a4d464897c1598d1a0f5a0) Importer(2089858483,b0f066a214c2f5e87bad3c948f4d605d) (ScriptedImporter) -> (artifact id: '7b5871fa46cef5c8c2be1e60d5f128f8') in 0.0064661 seconds
Number of updated asset objects reloaded before import = 0Number of asset objects unloaded after import = 0

========================================================================
Received Import Request.
  Time since last request: 0.000097 seconds.
  path: Packages/com.unity.inputsystem/InputSystem/Editor/AssetEditor/PackageResources/pro/propertiesBackground.png
  artifactKey: Guid(b02e3f0c0798a4f1789a89a7697660be) Importer(2089858483,b0f066a214c2f5e87bad3c948f4d605d)
Start importing Packages/com.unity.inputsystem/InputSystem/Editor/AssetEditor/PackageResources/pro/propertiesBackground.png using Guid(b02e3f0c0798a4f1789a89a7697660be) Importer(2089858483,b0f066a214c2f5e87bad3c948f4d605d) (ScriptedImporter) -> (artifact id: '6f88a7ffbec1c4b5ff1dd400da33f8a3') in 0.0157747 seconds
Number of updated asset objects reloaded before import = 0Number of asset objects unloaded after import = 1

========================================================================
Received Import Request.
  Time since last request: 0.000043 seconds.
  path: Packages/com.unity.visualscripting/Runtime/VisualScripting.Core/Unity/IGizmoDrawer.cs
  artifactKey: Guid(6b9bf948c5f3f4f6ea4ece19bd2bfd19) Importer(2089858483,b0f066a214c2f5e87bad3c948f4d605d)
Start importing Packages/com.unity.visualscripting/Runtime/VisualScripting.Core/Unity/IGizmoDrawer.cs using Guid(6b9bf948c5f3f4f6ea4ece19bd2bfd19) Importer(2089858483,b0f066a214c2f5e87bad3c948f4d605d) (ScriptedImporter) -> (artifact id: 'c6ee3740f1eb1ed5adcaa9e4647626cf') in 0.0059356 seconds
Number of updated asset objects reloaded before import = 0Number of asset objects unloaded after import = 0

========================================================================
Received Import Request.
  Time since last request: 0.000051 seconds.
  path: Packages/com.unity.visualscripting/Editor/VisualScripting.Flow/XFlowGraph.cs
  artifactKey: Guid(44645be24e12a48a9ba727b163f3b637) Importer(2089858483,b0f066a214c2f5e87bad3c948f4d605d)
Start importing Packages/com.unity.visualscripting/Editor/VisualScripting.Flow/XFlowGraph.cs using Guid(44645be24e12a48a9ba727b163f3b637) Importer(2089858483,b0f066a214c2f5e87bad3c948f4d605d) (ScriptedImporter) -> (artifact id: '9883d6f6fe9465964d86c8132dd95b19') in 0.0064152 seconds
Number of updated asset objects reloaded before import = 0Number of asset objects unloaded after import = 0

========================================================================
Received Import Request.
  Time since last request: 0.000081 seconds.
  path: Packages/com.unity.visualscripting/Editor/VisualScripting.Core/Assignment/IAssigner.cs
  artifactKey: Guid(c1fabba6ac68944be828b41a0b09b932) Importer(2089858483,b0f066a214c2f5e87bad3c948f4d605d)
Start importing Packages/com.unity.visualscripting/Editor/VisualScripting.Core/Assignment/IAssigner.cs using Guid(c1fabba6ac68944be828b41a0b09b932) Importer(2089858483,b0f066a214c2f5e87bad3c948f4d605d) (ScriptedImporter) -> (artifact id: 'f54096a8fb62a12afecd328d430511c3') in 0.0063718 seconds
Number of updated asset objects reloaded before import = 0Number of asset objects unloaded after import = 0

========================================================================
Received Import Request.
  Time since last request: 0.000127 seconds.
  path: Packages/com.unity.visualscripting/Editor/VisualScripting.Core/Widgets/IGraphElementWidget.cs
  artifactKey: Guid(789f126463cb24b1d94217787be2f7c1) Importer(2089858483,b0f066a214c2f5e87bad3c948f4d605d)
Start importing Packages/com.unity.visualscripting/Editor/VisualScripting.Core/Widgets/IGraphElementWidget.cs using Guid(789f126463cb24b1d94217787be2f7c1) Importer(2089858483,b0f066a214c2f5e87bad3c948f4d605d) (ScriptedImporter) -> (artifact id: '5e009d20d3291cda6f75c47242961f73') in 0.005967 seconds
Number of updated asset objects reloaded before import = 0Number of asset objects unloaded after import = 0

========================================================================
Received Import Request.
  Time since last request: 0.000045 seconds.
  path: Packages/com.unity.visualscripting/Editor/VisualScripting.Flow/Description/UnitPortDescriptor.cs
  artifactKey: Guid(0a272fe91f6be43dfb94b0c752db3a9c) Importer(2089858483,b0f066a214c2f5e87bad3c948f4d605d)
Start importing Packages/com.unity.visualscripting/Editor/VisualScripting.Flow/Description/UnitPortDescriptor.cs using Guid(0a272fe91f6be43dfb94b0c752db3a9c) Importer(2089858483,b0f066a214c2f5e87bad3c948f4d605d) (ScriptedImporter) -> (artifact id: '6a2409b6c3901c7aaa93eab3544b4eb5') in 0.0055421 seconds
Number of updated asset objects reloaded before import = 0Number of asset objects unloaded after import = 0

========================================================================
Received Import Request.
  Time since last request: 0.000108 seconds.
  path: Packages/com.unity.visualscripting/Runtime/VisualScripting.Core/Reflection/TypeNameDetail.cs
  artifactKey: Guid(4e87565dfd6f14a4ba52932102776550) Importer(2089858483,b0f066a214c2f5e87bad3c948f4d605d)
Start importing Packages/com.unity.visualscripting/Runtime/VisualScripting.Core/Reflection/TypeNameDetail.cs using Guid(4e87565dfd6f14a4ba52932102776550) Importer(2089858483,b0f066a214c2f5e87bad3c948f4d605d) (ScriptedImporter) -> (artifact id: '0133067ac624b9ef8d24713aeb447e6f') in 0.0054692 seconds
Number of updated asset objects reloaded before import = 0Number of asset objects unloaded after import = 0

========================================================================
Received Import Request.
  Time since last request: 0.000057 seconds.
  path: Packages/com.unity.visualscripting/Editor/VisualScripting.Core/Utilities/EditorUnityObjectUtility.cs
  artifactKey: Guid(d8dff82f8b01b417393b853372004389) Importer(2089858483,b0f066a214c2f5e87bad3c948f4d605d)
Start importing Packages/com.unity.visualscripting/Editor/VisualScripting.Core/Utilities/EditorUnityObjectUtility.cs using Guid(d8dff82f8b01b417393b853372004389) Importer(2089858483,b0f066a214c2f5e87bad3c948f4d605d) (ScriptedImporter) -> (artifact id: 'e409a5ab175a9622843aec3e6b704ade') in 0.005692 seconds
Number of updated asset objects reloaded before import = 0Number of asset objects unloaded after import = 0

========================================================================
Received Import Request.
  Time since last request: 0.000126 seconds.
  path: Packages/com.unity.visualscripting/Runtime/VisualScripting.State/IStateTransition.cs
  artifactKey: Guid(c62d7cadff98b452b84915368d99ef5d) Importer(2089858483,b0f066a214c2f5e87bad3c948f4d605d)
Start importing Packages/com.unity.visualscripting/Runtime/VisualScripting.State/IStateTransition.cs using Guid(c62d7cadff98b452b84915368d99ef5d) Importer(2089858483,b0f066a214c2f5e87bad3c948f4d605d) (ScriptedImporter) -> (artifact id: '58368237955da96ba9f34abc5b003c33') in 0.0064672 seconds
Number of updated asset objects reloaded before import = 0Number of asset objects unloaded after import = 0

========================================================================
Received Import Request.
  Time since last request: 0.000140 seconds.
  path: Packages/com.unity.inputsystem/InputSystem/Editor/UITKAssetEditor/Commands/Commands.cs
  artifactKey: Guid(60e5ec46fb7a7ff41856f37c60efb70f) Importer(2089858483,b0f066a214c2f5e87bad3c948f4d605d)
Start importing Packages/com.unity.inputsystem/InputSystem/Editor/UITKAssetEditor/Commands/Commands.cs using Guid(60e5ec46fb7a7ff41856f37c60efb70f) Importer(2089858483,b0f066a214c2f5e87bad3c948f4d605d) (ScriptedImporter) -> (artifact id: '6fe14a0d6d3bc456a641a0544c83bf85') in 0.0063076 seconds
Number of updated asset objects reloaded before import = 0Number of asset objects unloaded after import = 0

========================================================================
Received Import Request.
  Time since last request: 0.000185 seconds.
  path: Packages/com.unity.visualscripting/Runtime/VisualScripting.Core/Connections/ConnectionCollectionBase.cs
  artifactKey: Guid(5d7cff333251d4761a76a91d14e3fe51) Importer(2089858483,b0f066a214c2f5e87bad3c948f4d605d)
Start importing Packages/com.unity.visualscripting/Runtime/VisualScripting.Core/Connections/ConnectionCollectionBase.cs using Guid(5d7cff333251d4761a76a91d14e3fe51) Importer(2089858483,b0f066a214c2f5e87bad3c948f4d605d) (ScriptedImporter) -> (artifact id: '52de12024ad4090b1773627ac07bd6a0') in 0.0063473 seconds
Number of updated asset objects reloaded before import = 0Number of asset objects unloaded after import = 0

========================================================================
Received Import Request.
  Time since last request: 0.000161 seconds.
  path: Packages/com.unity.visualscripting/Editor/VisualScripting.Flow/Options/UnitOptionUtility.cs
  artifactKey: Guid(e22fa013a1894b7f94abb820d303fb35) Importer(2089858483,b0f066a214c2f5e87bad3c948f4d605d)
Start importing Packages/com.unity.visualscripting/Editor/VisualScripting.Flow/Options/UnitOptionUtility.cs using Guid(e22fa013a1894b7f94abb820d303fb35) Importer(2089858483,b0f066a214c2f5e87bad3c948f4d605d) (ScriptedImporter) -> (artifact id: 'e37701396044c879e5a771cbfca49204') in 0.0063719 seconds
Number of updated asset objects reloaded before import = 0Number of asset objects unloaded after import = 0

========================================================================
Received Import Request.
  Time since last request: 0.000073 seconds.
  path: Packages/com.unity.visualscripting/Editor/VisualScripting.Core/IconMap/GlobalMessageListener@32x.png
  artifactKey: Guid(c588f7acb736b6940bac7b559c8f59dd) Importer(2089858483,b0f066a214c2f5e87bad3c948f4d605d)
Start importing Packages/com.unity.visualscripting/Editor/VisualScripting.Core/IconMap/GlobalMessageListener@32x.png using Guid(c588f7acb736b6940bac7b559c8f59dd) Importer(2089858483,b0f066a214c2f5e87bad3c948f4d605d) (ScriptedImporter) -> (artifact id: '36a95e500409c1bf5e1efcee9be08eed') in 0.0129364 seconds
Number of updated asset objects reloaded before import = 0Number of asset objects unloaded after import = 1

========================================================================
Received Import Request.
  Time since last request: 0.000022 seconds.
  path: Packages/com.unity.visualscripting/Editor/VisualScripting.Shared/Unity.VisualScripting.Shared.Editor.asmdef
  artifactKey: Guid(8461334e883c84d819a008a46143a5ad) Importer(2089858483,b0f066a214c2f5e87bad3c948f4d605d)
Start importing Packages/com.unity.visualscripting/Editor/VisualScripting.Shared/Unity.VisualScripting.Shared.Editor.asmdef using Guid(8461334e883c84d819a008a46143a5ad) Importer(2089858483,b0f066a214c2f5e87bad3c948f4d605d) (ScriptedImporter) -> (artifact id: '573c324ad9e9c398a8ea3fdc577b4226') in 0.0074123 seconds
Number of updated asset objects reloaded before import = 0Number of asset objects unloaded after import = 1

========================================================================
Received Import Request.
  Time since last request: 0.000085 seconds.
  path: Packages/com.unity.inputsystem/InputSystem/Editor/ControlPicker/Layouts/TouchscreenControlPickerLayout.cs
  artifactKey: Guid(224236193350c244abab484f4514df16) Importer(2089858483,b0f066a214c2f5e87bad3c948f4d605d)
Start importing Packages/com.unity.inputsystem/InputSystem/Editor/ControlPicker/Layouts/TouchscreenControlPickerLayout.cs using Guid(224236193350c244abab484f4514df16) Importer(2089858483,b0f066a214c2f5e87bad3c948f4d605d) (ScriptedImporter) -> (artifact id: '33986316825e9d251f1618042ead97df') in 0.0060381 seconds
Number of updated asset objects reloaded before import = 0Number of asset objects unloaded after import = 0

========================================================================
Received Import Request.
  Time since last request: 0.000086 seconds.
  path: Packages/com.unity.visualscripting/Runtime/VisualScripting.Core/Collections/NonNullableDictionary.cs
  artifactKey: Guid(97fbaa55dfb0e45868ec8c2fc00466a0) Importer(2089858483,b0f066a214c2f5e87bad3c948f4d605d)
Start importing Packages/com.unity.visualscripting/Runtime/VisualScripting.Core/Collections/NonNullableDictionary.cs using Guid(97fbaa55dfb0e45868ec8c2fc00466a0) Importer(2089858483,b0f066a214c2f5e87bad3c948f4d605d) (ScriptedImporter) -> (artifact id: '8327e78651fac1b665e62c2dc0d41787') in 0.006191 seconds
Number of updated asset objects reloaded before import = 0Number of asset objects unloaded after import = 0

========================================================================
Received Import Request.
  Time since last request: 0.000144 seconds.
  path: Packages/com.unity.visualscripting/Editor/VisualScripting.Core/Utilities/NativeUtility.cs
  artifactKey: Guid(1cb1f41a31da547e593cfa8b58184bc0) Importer(2089858483,b0f066a214c2f5e87bad3c948f4d605d)
Start importing Packages/com.unity.visualscripting/Editor/VisualScripting.Core/Utilities/NativeUtility.cs using Guid(1cb1f41a31da547e593cfa8b58184bc0) Importer(2089858483,b0f066a214c2f5e87bad3c948f4d605d) (ScriptedImporter) -> (artifact id: '2ccc7779eb27fc3dd4f5c6edf8618d07') in 0.0060233 seconds
Number of updated asset objects reloaded before import = 0Number of asset objects unloaded after import = 0

========================================================================
Received Import Request.
  Time since last request: 0.000071 seconds.
  path: Packages/com.unity.visualscripting/Editor/SettingsProvider/ProjectSettings/CustomPropertyProviderSettings.cs
  artifactKey: Guid(7da9d8250917648728b856bfab5f1320) Importer(2089858483,b0f066a214c2f5e87bad3c948f4d605d)
Start importing Packages/com.unity.visualscripting/Editor/SettingsProvider/ProjectSettings/CustomPropertyProviderSettings.cs using Guid(7da9d8250917648728b856bfab5f1320) Importer(2089858483,b0f066a214c2f5e87bad3c948f4d605d) (ScriptedImporter) -> (artifact id: 'fbcecc4f59684a3a2c16c7724e9e1930') in 0.0076504 seconds
Number of updated asset objects reloaded before import = 0Number of asset objects unloaded after import = 0

========================================================================
Received Import Request.
  Time since last request: 0.000077 seconds.
  path: Packages/com.unity.visualscripting/Runtime/VisualScripting.Core/Graphs/IGraphRoot.cs
  artifactKey: Guid(55b94feb6833e4cb4a7f7ed332598d2d) Importer(2089858483,b0f066a214c2f5e87bad3c948f4d605d)
Start importing Packages/com.unity.visualscripting/Runtime/VisualScripting.Core/Graphs/IGraphRoot.cs using Guid(55b94feb6833e4cb4a7f7ed332598d2d) Importer(2089858483,b0f066a214c2f5e87bad3c948f4d605d) (ScriptedImporter) -> (artifact id: '1d21c84549d35ef78bbc5f393245a39d') in 0.0057172 seconds
Number of updated asset objects reloaded before import = 0Number of asset objects unloaded after import = 0

========================================================================
Received Import Request.
  Time since last request: 0.000099 seconds.
  path: Packages/com.unity.visualscripting/Runtime/VisualScripting.Core/Collections/AotList.cs
  artifactKey: Guid(a8adccab0e6b44bfa9204ceaad999770) Importer(2089858483,b0f066a214c2f5e87bad3c948f4d605d)
Start importing Packages/com.unity.visualscripting/Runtime/VisualScripting.Core/Collections/AotList.cs using Guid(a8adccab0e6b44bfa9204ceaad999770) Importer(2089858483,b0f066a214c2f5e87bad3c948f4d605d) (ScriptedImporter) -> (artifact id: '2a0dd92760293d7877e0385ad62cee25') in 0.0061349 seconds
Number of updated asset objects reloaded before import = 0Number of asset objects unloaded after import = 0

========================================================================
Received Import Request.
  Time since last request: 0.000082 seconds.
  path: Packages/com.unity.inputsystem/InputSystem/Editor/UITKAssetEditor/PackageResources/InputAssetEditorDark.uss
  artifactKey: Guid(cca9ce0c8554d5244930f14c21489ac1) Importer(2089858483,b0f066a214c2f5e87bad3c948f4d605d)
Start importing Packages/com.unity.inputsystem/InputSystem/Editor/UITKAssetEditor/PackageResources/InputAssetEditorDark.uss using Guid(cca9ce0c8554d5244930f14c21489ac1) Importer(2089858483,b0f066a214c2f5e87bad3c948f4d605d) (ScriptedImporter) -> (artifact id: 'd17f812d6b3363ef0ee79850b3216168') in 0.0076989 seconds
Number of updated asset objects reloaded before import = 0Number of asset objects unloaded after import = 1

========================================================================
Received Import Request.
  Time since last request: 0.000042 seconds.
  path: Packages/com.unity.visualscripting/Runtime/VisualScripting.Core/Reflection/IAttributeProvider.cs
  artifactKey: Guid(823de046c493643b397faa358568303a) Importer(2089858483,b0f066a214c2f5e87bad3c948f4d605d)
Start importing Packages/com.unity.visualscripting/Runtime/VisualScripting.Core/Reflection/IAttributeProvider.cs using Guid(823de046c493643b397faa358568303a) Importer(2089858483,b0f066a214c2f5e87bad3c948f4d605d) (ScriptedImporter) -> (artifact id: 'be948f840f5a97fe658d226c91de170d') in 0.0058778 seconds
Number of updated asset objects reloaded before import = 0Number of asset objects unloaded after import = 0

========================================================================
Received Import Request.
  Time since last request: 0.000135 seconds.
  path: Packages/com.unity.visualscripting/Runtime/VisualScripting.Core/Graphs/GraphData.cs
  artifactKey: Guid(e82ba0da11a744d4aa13044f972bf8f0) Importer(2089858483,b0f066a214c2f5e87bad3c948f4d605d)
Start importing Packages/com.unity.visualscripting/Runtime/VisualScripting.Core/Graphs/GraphData.cs using Guid(e82ba0da11a744d4aa13044f972bf8f0) Importer(2089858483,b0f066a214c2f5e87bad3c948f4d605d) (ScriptedImporter) -> (artifact id: 'f8b3fe2bd5ccdfd37a06970378306b9f') in 0.0093429 seconds
Number of updated asset objects reloaded before import = 0Number of asset objects unloaded after import = 0

========================================================================
Received Import Request.
  Time since last request: 0.000079 seconds.
  path: Packages/com.unity.inputsystem/InputSystem/Editor/Internal/AdvancedDropdown/AdvancedDropdownState.cs
  artifactKey: Guid(f61b0e35037644f37b6ac81513577c50) Importer(2089858483,b0f066a214c2f5e87bad3c948f4d605d)
Start importing Packages/com.unity.inputsystem/InputSystem/Editor/Internal/AdvancedDropdown/AdvancedDropdownState.cs using Guid(f61b0e35037644f37b6ac81513577c50) Importer(2089858483,b0f066a214c2f5e87bad3c948f4d605d) (ScriptedImporter) -> (artifact id: '0fbe9e973d3c72c48cebc1dcbc7de060') in 0.0065657 seconds
Number of updated asset objects reloaded before import = 0Number of asset objects unloaded after import = 0

========================================================================
Received Import Request.
  Time since last request: 0.000070 seconds.
  path: Packages/com.unity.visualscripting/Editor/VisualScripting.State/Transitions/StateTransitionAnalyser.cs
  artifactKey: Guid(4666c372b28594071897c42f3fd2f47e) Importer(2089858483,b0f066a214c2f5e87bad3c948f4d605d)
Start importing Packages/com.unity.visualscripting/Editor/VisualScripting.State/Transitions/StateTransitionAnalyser.cs using Guid(4666c372b28594071897c42f3fd2f47e) Importer(2089858483,b0f066a214c2f5e87bad3c948f4d605d) (ScriptedImporter) -> (artifact id: 'ad17931df5397d6a60271c5589631132') in 0.0060823 seconds
Number of updated asset objects reloaded before import = 0Number of asset objects unloaded after import = 0

========================================================================
Received Import Request.
  Time since last request: 0.000089 seconds.
  path: Packages/com.unity.visualscripting/Runtime/VisualScripting.Core/Graphs/GraphElementCollection.cs
  artifactKey: Guid(dd19e32f1cc4b4aa0be94290188834ef) Importer(2089858483,b0f066a214c2f5e87bad3c948f4d605d)
Start importing Packages/com.unity.visualscripting/Runtime/VisualScripting.Core/Graphs/GraphElementCollection.cs using Guid(dd19e32f1cc4b4aa0be94290188834ef) Importer(2089858483,b0f066a214c2f5e87bad3c948f4d605d) (ScriptedImporter) -> (artifact id: '69aea1d5ac5ecc3276a2edca9b48eb69') in 0.007099 seconds
Number of updated asset objects reloaded before import = 0Number of asset objects unloaded after import = 0

========================================================================
Received Import Request.
  Time since last request: 0.000067 seconds.
  path: Packages/com.unity.visualscripting/Editor/VisualScripting.Core/Description/IMachineDescription.cs
  artifactKey: Guid(347a36b1cc2494cbd8b62b106fc50eb9) Importer(2089858483,b0f066a214c2f5e87bad3c948f4d605d)
Start importing Packages/com.unity.visualscripting/Editor/VisualScripting.Core/Description/IMachineDescription.cs using Guid(347a36b1cc2494cbd8b62b106fc50eb9) Importer(2089858483,b0f066a214c2f5e87bad3c948f4d605d) (ScriptedImporter) -> (artifact id: 'cb6ea258b8e1b1021008230f58069bdb') in 0.0060025 seconds
Number of updated asset objects reloaded before import = 0Number of asset objects unloaded after import = 0

========================================================================
Received Import Request.
  Time since last request: 0.000090 seconds.
  path: Packages/com.unity.visualscripting/Runtime/VisualScripting.Core/Listeners/GlobalMessageListener.cs
  artifactKey: Guid(92c60cd2ee9a34aad9589f1acd79ed02) Importer(2089858483,b0f066a214c2f5e87bad3c948f4d605d)
Start importing Packages/com.unity.visualscripting/Runtime/VisualScripting.Core/Listeners/GlobalMessageListener.cs using Guid(92c60cd2ee9a34aad9589f1acd79ed02) Importer(2089858483,b0f066a214c2f5e87bad3c948f4d605d) (ScriptedImporter) -> (artifact id: '1292d0ce0dbab403b98a25c82836ae35') in 0.0072792 seconds
Number of updated asset objects reloaded before import = 0Number of asset objects unloaded after import = 1

========================================================================
Received Import Request.
  Time since last request: 0.000023 seconds.
  path: Packages/com.unity.visualscripting/Runtime/VisualScripting.Core/Events/EventBus.cs
  artifactKey: Guid(2d134ee5ae68a4bd982d255c10af93cd) Importer(2089858483,b0f066a214c2f5e87bad3c948f4d605d)
Start importing Packages/com.unity.visualscripting/Runtime/VisualScripting.Core/Events/EventBus.cs using Guid(2d134ee5ae68a4bd982d255c10af93cd) Importer(2089858483,b0f066a214c2f5e87bad3c948f4d605d) (ScriptedImporter) -> (artifact id: 'cf851becab4bef8b7a0e50dccdc6ff1f') in 0.0068997 seconds
Number of updated asset objects reloaded before import = 0Number of asset objects unloaded after import = 0

========================================================================
Received Import Request.
  Time since last request: 0.000047 seconds.
  path: Packages/com.unity.visualscripting/Editor/VisualScripting.Flow/Description/FlowMachineDescriptor.cs
  artifactKey: Guid(bf11352faae8e4195bed44acfb96c522) Importer(2089858483,b0f066a214c2f5e87bad3c948f4d605d)
Start importing Packages/com.unity.visualscripting/Editor/VisualScripting.Flow/Description/FlowMachineDescriptor.cs using Guid(bf11352faae8e4195bed44acfb96c522) Importer(2089858483,b0f066a214c2f5e87bad3c948f4d605d) (ScriptedImporter) -> (artifact id: 'fbea61bf1fdca6141adf05aceae7e8b3') in 0.0066942 seconds
Number of updated asset objects reloaded before import = 0Number of asset objects unloaded after import = 0

========================================================================
Received Import Request.
  Time since last request: 0.000049 seconds.
  path: Packages/com.unity.visualscripting/Editor/VisualScripting.Flow/Connections/UnitConnectionStyles.cs
  artifactKey: Guid(f7fbf7894024a473ab12d0bec2b9b5e9) Importer(2089858483,b0f066a214c2f5e87bad3c948f4d605d)
Start importing Packages/com.unity.visualscripting/Editor/VisualScripting.Flow/Connections/UnitConnectionStyles.cs using Guid(f7fbf7894024a473ab12d0bec2b9b5e9) Importer(2089858483,b0f066a214c2f5e87bad3c948f4d605d) (ScriptedImporter) -> (artifact id: '54823935031629cae021c21f93f1d70c') in 0.0057885 seconds
Number of updated asset objects reloaded before import = 0Number of asset objects unloaded after import = 0

========================================================================
Received Import Request.
  Time since last request: 0.000128 seconds.
  path: Packages/com.unity.visualscripting/Runtime/VisualScripting.Core/Graphs/Graph.cs
  artifactKey: Guid(3af658b760ac04b8ea3f040f301bbc1d) Importer(2089858483,b0f066a214c2f5e87bad3c948f4d605d)
Start importing Packages/com.unity.visualscripting/Runtime/VisualScripting.Core/Graphs/Graph.cs using Guid(3af658b760ac04b8ea3f040f301bbc1d) Importer(2089858483,b0f066a214c2f5e87bad3c948f4d605d) (ScriptedImporter) -> (artifact id: 'b2719b2d7ffb8add13ff2fe170af1940') in 0.005787 seconds
Number of updated asset objects reloaded before import = 0Number of asset objects unloaded after import = 0

========================================================================
Received Import Request.
  Time since last request: 0.000087 seconds.
  path: Packages/com.unity.visualscripting/Runtime/VisualScripting.Core/Graphs/IGraphElement.cs
  artifactKey: Guid(cfe804b1243f445bdb36ab6c3360de35) Importer(2089858483,b0f066a214c2f5e87bad3c948f4d605d)
Start importing Packages/com.unity.visualscripting/Runtime/VisualScripting.Core/Graphs/IGraphElement.cs using Guid(cfe804b1243f445bdb36ab6c3360de35) Importer(2089858483,b0f066a214c2f5e87bad3c948f4d605d) (ScriptedImporter) -> (artifact id: 'f79fe7e6b441ba9cb45f3e2682783aa3') in 0.0054863 seconds
Number of updated asset objects reloaded before import = 0Number of asset objects unloaded after import = 0

========================================================================
Received Import Request.
  Time since last request: 0.000113 seconds.
  path: Packages/com.unity.visualscripting/Runtime/VisualScripting.Core/Collections/VariantKeyedCollection.cs
  artifactKey: Guid(9e147a4fe5cb14a9cb1eae8b8c321dc0) Importer(2089858483,b0f066a214c2f5e87bad3c948f4d605d)
Start importing Packages/com.unity.visualscripting/Runtime/VisualScripting.Core/Collections/VariantKeyedCollection.cs using Guid(9e147a4fe5cb14a9cb1eae8b8c321dc0) Importer(2089858483,b0f066a214c2f5e87bad3c948f4d605d) (ScriptedImporter) -> (artifact id: '61e51e1f1a0bdf1e24c953925789c4ad') in 0.005042 seconds
Number of updated asset objects reloaded before import = 0Number of asset objects unloaded after import = 0

========================================================================
Received Import Request.
  Time since last request: 0.000046 seconds.
  path: Packages/com.unity.visualscripting/Editor/SettingsProvider/ProjectSettings/LinkerPropertyProviderSettings.cs
  artifactKey: Guid(f2e89b748a6ae452488da87a34e25287) Importer(2089858483,b0f066a214c2f5e87bad3c948f4d605d)
Start importing Packages/com.unity.visualscripting/Editor/SettingsProvider/ProjectSettings/LinkerPropertyProviderSettings.cs using Guid(f2e89b748a6ae452488da87a34e25287) Importer(2089858483,b0f066a214c2f5e87bad3c948f4d605d) (ScriptedImporter) -> (artifact id: '1e696081aaf721a8e7e1223e8689930a') in 0.0066028 seconds
Number of updated asset objects reloaded before import = 0Number of asset objects unloaded after import = 0

========================================================================
Received Import Request.
  Time since last request: 0.000102 seconds.
  path: Packages/com.unity.visualscripting/Editor/VisualScripting.Core/Serialization/MovedFromAttributeExtensions.cs
  artifactKey: Guid(2990b49fcb084b638368e29921da7dd7) Importer(2089858483,b0f066a214c2f5e87bad3c948f4d605d)
Start importing Packages/com.unity.visualscripting/Editor/VisualScripting.Core/Serialization/MovedFromAttributeExtensions.cs using Guid(2990b49fcb084b638368e29921da7dd7) Importer(2089858483,b0f066a214c2f5e87bad3c948f4d605d) (ScriptedImporter) -> (artifact id: '306c0cdfdc158e6221a2a15a25237d66') in 0.005806 seconds
Number of updated asset objects reloaded before import = 0Number of asset objects unloaded after import = 0

========================================================================
Received Import Request.
  Time since last request: 0.000063 seconds.
  path: Packages/com.unity.inputsystem/InputSystem/Editor/Internal/AdvancedDropdown/AdvancedDropdownDataSource.cs
  artifactKey: Guid(0fb454a124e8649bb9326261b1739032) Importer(2089858483,b0f066a214c2f5e87bad3c948f4d605d)
Start importing Packages/com.unity.inputsystem/InputSystem/Editor/Internal/AdvancedDropdown/AdvancedDropdownDataSource.cs using Guid(0fb454a124e8649bb9326261b1739032) Importer(2089858483,b0f066a214c2f5e87bad3c948f4d605d) (ScriptedImporter) -> (artifact id: '77ef311f51e8cc5a05e318d4145a2ec0') in 0.0060614 seconds
Number of updated asset objects reloaded before import = 0Number of asset objects unloaded after import = 0

========================================================================
Received Import Request.
  Time since last request: 0.000069 seconds.
  path: Packages/com.unity.visualscripting/Editor/VisualScripting.Core/Meta/ProxyMetadata.cs
  artifactKey: Guid(1d97906604c204cd9ac4b93071e0814c) Importer(2089858483,b0f066a214c2f5e87bad3c948f4d605d)
Start importing Packages/com.unity.visualscripting/Editor/VisualScripting.Core/Meta/ProxyMetadata.cs using Guid(1d97906604c204cd9ac4b93071e0814c) Importer(2089858483,b0f066a214c2f5e87bad3c948f4d605d) (ScriptedImporter) -> (artifact id: '800feaf260f69eac77bbb23dbccc0caf') in 0.0063591 seconds
Number of updated asset objects reloaded before import = 0Number of asset objects unloaded after import = 0

========================================================================
Received Import Request.
  Time since last request: 0.000093 seconds.
  path: Packages/com.unity.inputsystem/InputSystem/Editor/UITKAssetEditor/PackageResources/InputActionsProjectSettings.uxml
  artifactKey: Guid(75a33987e21d5ac449deecea3dcd864f) Importer(2089858483,b0f066a214c2f5e87bad3c948f4d605d)
Start importing Packages/com.unity.inputsystem/InputSystem/Editor/UITKAssetEditor/PackageResources/InputActionsProjectSettings.uxml using Guid(75a33987e21d5ac449deecea3dcd864f) Importer(2089858483,b0f066a214c2f5e87bad3c948f4d605d) (ScriptedImporter) -> (artifact id: 'edc7d4b1e300a3e97dbb1cde65a0fea3') in 0.0150132 seconds
Number of updated asset objects reloaded before import = 0Number of asset objects unloaded after import = 3

========================================================================
Received Import Request.
  Time since last request: 0.000017 seconds.
  path: Packages/com.unity.visualscripting/Runtime/VisualScripting.Core/Reflection/ActionDirection.cs
  artifactKey: Guid(c5795dc78e5854c17819ad00986647fb) Importer(2089858483,b0f066a214c2f5e87bad3c948f4d605d)
Start importing Packages/com.unity.visualscripting/Runtime/VisualScripting.Core/Reflection/ActionDirection.cs using Guid(c5795dc78e5854c17819ad00986647fb) Importer(2089858483,b0f066a214c2f5e87bad3c948f4d605d) (ScriptedImporter) -> (artifact id: '8513df780a6c1473758602d1e33ca01e') in 0.007082 seconds
Number of updated asset objects reloaded before import = 0Number of asset objects unloaded after import = 0

========================================================================
Received Import Request.
  Time since last request: 0.000058 seconds.
  path: Packages/com.unity.visualscripting/Runtime/VisualScripting.Flow/UnitPreservation.cs
  artifactKey: Guid(ed238706c8f164901838f48247dfc1ee) Importer(2089858483,b0f066a214c2f5e87bad3c948f4d605d)
Start importing Packages/com.unity.visualscripting/Runtime/VisualScripting.Flow/UnitPreservation.cs using Guid(ed238706c8f164901838f48247dfc1ee) Importer(2089858483,b0f066a214c2f5e87bad3c948f4d605d) (ScriptedImporter) -> (artifact id: '4602bf7ff7ec40adf75a319cfe93205e') in 0.0067896 seconds
Number of updated asset objects reloaded before import = 0Number of asset objects unloaded after import = 0

========================================================================
Received Import Request.
  Time since last request: 0.000107 seconds.
  path: Packages/com.unity.visualscripting/Editor/VisualScripting.State/Description/StateMachineDescriptor.cs
  artifactKey: Guid(b04c1e280ff6e45de9c1ee0c405a5711) Importer(2089858483,b0f066a214c2f5e87bad3c948f4d605d)
Start importing Packages/com.unity.visualscripting/Editor/VisualScripting.State/Description/StateMachineDescriptor.cs using Guid(b04c1e280ff6e45de9c1ee0c405a5711) Importer(2089858483,b0f066a214c2f5e87bad3c948f4d605d) (ScriptedImporter) -> (artifact id: '34bdde644e8e4df6c9cbbb0e6f537d38') in 0.0065918 seconds
Number of updated asset objects reloaded before import = 0Number of asset objects unloaded after import = 0

========================================================================
Received Import Request.
  Time since last request: 0.000105 seconds.
  path: Packages/com.unity.inputsystem/InputSystem/Plugins/XR/Haptics/BufferedRumble.cs
  artifactKey: Guid(f1e8cf3dc2c11ed47a2666fcf0d3a938) Importer(2089858483,b0f066a214c2f5e87bad3c948f4d605d)
Start importing Packages/com.unity.inputsystem/InputSystem/Plugins/XR/Haptics/BufferedRumble.cs using Guid(f1e8cf3dc2c11ed47a2666fcf0d3a938) Importer(2089858483,b0f066a214c2f5e87bad3c948f4d605d) (ScriptedImporter) -> (artifact id: '5a2e8b36a0e7f24f59dc7ce243dabe04') in 0.0052712 seconds
Number of updated asset objects reloaded before import = 0Number of asset objects unloaded after import = 0

========================================================================
Received Import Request.
  Time since last request: 0.000105 seconds.
  path: Packages/com.unity.visualscripting/Runtime/VisualScripting.Core/Reflection/LooseAssemblyName.cs
  artifactKey: Guid(9f4dc1e2bfd0e486eaf70b322db267c1) Importer(2089858483,b0f066a214c2f5e87bad3c948f4d605d)
Start importing Packages/com.unity.visualscripting/Runtime/VisualScripting.Core/Reflection/LooseAssemblyName.cs using Guid(9f4dc1e2bfd0e486eaf70b322db267c1) Importer(2089858483,b0f066a214c2f5e87bad3c948f4d605d) (ScriptedImporter) -> (artifact id: 'e9dd956171cdd878776edb0b2cf30a25') in 0.0055203 seconds
Number of updated asset objects reloaded before import = 0Number of asset objects unloaded after import = 0

========================================================================
Received Import Request.
  Time since last request: 0.000078 seconds.
  path: Packages/com.unity.visualscripting/Editor/VisualScripting.Core/Reflection/LooseAssemblyNameOption.cs
  artifactKey: Guid(d827d55b7ad8e4381949472e81ad55a4) Importer(2089858483,b0f066a214c2f5e87bad3c948f4d605d)
Start importing Packages/com.unity.visualscripting/Editor/VisualScripting.Core/Reflection/LooseAssemblyNameOption.cs using Guid(d827d55b7ad8e4381949472e81ad55a4) Importer(2089858483,b0f066a214c2f5e87bad3c948f4d605d) (ScriptedImporter) -> (artifact id: 'c517574bd06e03538dbf2313b8ed73d8') in 0.005889 seconds
Number of updated asset objects reloaded before import = 0Number of asset objects unloaded after import = 0

========================================================================
Received Import Request.
  Time since last request: 0.000136 seconds.
  path: Packages/com.unity.visualscripting/Runtime/VisualScripting.Core/Graphs/GraphStack.cs
  artifactKey: Guid(33947f447eea3434e9c61e7975f2c9b5) Importer(2089858483,b0f066a214c2f5e87bad3c948f4d605d)
Start importing Packages/com.unity.visualscripting/Runtime/VisualScripting.Core/Graphs/GraphStack.cs using Guid(33947f447eea3434e9c61e7975f2c9b5) Importer(2089858483,b0f066a214c2f5e87bad3c948f4d605d) (ScriptedImporter) -> (artifact id: '6e014e07970c83d6e716390c9dc3af0a') in 0.0052813 seconds
Number of updated asset objects reloaded before import = 0Number of asset objects unloaded after import = 0

========================================================================
Received Import Request.
  Time since last request: 0.000051 seconds.
  path: Packages/com.unity.visualscripting/Editor/VisualScripting.Flow/Units/UnitWidget.cs
  artifactKey: Guid(ad7794cfc60e84645ad3894c60c110ce) Importer(2089858483,b0f066a214c2f5e87bad3c948f4d605d)
Start importing Packages/com.unity.visualscripting/Editor/VisualScripting.Flow/Units/UnitWidget.cs using Guid(ad7794cfc60e84645ad3894c60c110ce) Importer(2089858483,b0f066a214c2f5e87bad3c948f4d605d) (ScriptedImporter) -> (artifact id: 'c87c760fd9e7409a824ff10452ffbcfb') in 0.0062357 seconds
Number of updated asset objects reloaded before import = 0Number of asset objects unloaded after import = 0

========================================================================
Received Import Request.
  Time since last request: 0.000090 seconds.
  path: Packages/com.unity.visualscripting/Runtime/VisualScripting.Core/EditorBinding/TypeIconPriorityAttribute.cs
  artifactKey: Guid(bbe1646219f7b48c194ea44b48bdf8a1) Importer(2089858483,b0f066a214c2f5e87bad3c948f4d605d)
Start importing Packages/com.unity.visualscripting/Runtime/VisualScripting.Core/EditorBinding/TypeIconPriorityAttribute.cs using Guid(bbe1646219f7b48c194ea44b48bdf8a1) Importer(2089858483,b0f066a214c2f5e87bad3c948f4d605d) (ScriptedImporter) -> (artifact id: '0e6afa33e687e9f752979ec5eef1e524') in 0.0065891 seconds
Number of updated asset objects reloaded before import = 0Number of asset objects unloaded after import = 0

========================================================================
Received Import Request.
  Time since last request: 0.000104 seconds.
  path: Packages/com.unity.visualscripting/Editor/VisualScripting.Core/Descriptors/IDescription.cs
  artifactKey: Guid(2931c4fc2c20647cf9362b2b7df46eba) Importer(2089858483,b0f066a214c2f5e87bad3c948f4d605d)
Start importing Packages/com.unity.visualscripting/Editor/VisualScripting.Core/Descriptors/IDescription.cs using Guid(2931c4fc2c20647cf9362b2b7df46eba) Importer(2089858483,b0f066a214c2f5e87bad3c948f4d605d) (ScriptedImporter) -> (artifact id: '85bcf1c4b7be10b3b42e0a38c914075e') in 0.0072024 seconds
Number of updated asset objects reloaded before import = 0Number of asset objects unloaded after import = 0

========================================================================
Received Import Request.
  Time since last request: 0.000081 seconds.
  path: Packages/com.unity.visualscripting/Runtime/VisualScripting.Flow/Unit.cs
  artifactKey: Guid(8b37c8ff4a4874e499c1e8d9407dd2a6) Importer(2089858483,b0f066a214c2f5e87bad3c948f4d605d)
Start importing Packages/com.unity.visualscripting/Runtime/VisualScripting.Flow/Unit.cs using Guid(8b37c8ff4a4874e499c1e8d9407dd2a6) Importer(2089858483,b0f066a214c2f5e87bad3c948f4d605d) (ScriptedImporter) -> (artifact id: 'dd8dea9c79d5a4ba86455eaac5637830') in 0.0059434 seconds
Number of updated asset objects reloaded before import = 0Number of asset objects unloaded after import = 0

========================================================================
Received Import Request.
  Time since last request: 0.000120 seconds.
  path: Packages/com.unity.visualscripting/Editor/VisualScripting.Core/Utilities/Clipboard.cs
  artifactKey: Guid(a726a3ba28c3d49db99c54463ccdf7f9) Importer(2089858483,b0f066a214c2f5e87bad3c948f4d605d)
Start importing Packages/com.unity.visualscripting/Editor/VisualScripting.Core/Utilities/Clipboard.cs using Guid(a726a3ba28c3d49db99c54463ccdf7f9) Importer(2089858483,b0f066a214c2f5e87bad3c948f4d605d) (ScriptedImporter) -> (artifact id: 'bc229d42db944942b22da02aa00e3bef') in 0.0065858 seconds
Number of updated asset objects reloaded before import = 0Number of asset objects unloaded after import = 0

========================================================================
Received Import Request.
  Time since last request: 0.000104 seconds.
  path: Packages/com.unity.visualscripting/Editor/VisualScripting.State/Transitions/FlowStateTransitionAnalyser.cs
  artifactKey: Guid(1275e89e45fac4c26b82fda27d2d9647) Importer(2089858483,b0f066a214c2f5e87bad3c948f4d605d)
Start importing Packages/com.unity.visualscripting/Editor/VisualScripting.State/Transitions/FlowStateTransitionAnalyser.cs using Guid(1275e89e45fac4c26b82fda27d2d9647) Importer(2089858483,b0f066a214c2f5e87bad3c948f4d605d) (ScriptedImporter) -> (artifact id: '9fbf441eada0747e2c6ed541a72c118d') in 0.0063808 seconds
Number of updated asset objects reloaded before import = 0Number of asset objects unloaded after import = 0

========================================================================
Received Import Request.
  Time since last request: 0.000050 seconds.
  path: Packages/com.unity.visualscripting/Editor/SettingsProvider/ProjectSettings/CoreProviderSettings.cs
  artifactKey: Guid(f1505e7010ba447f9087b4398e0e3473) Importer(2089858483,b0f066a214c2f5e87bad3c948f4d605d)
Start importing Packages/com.unity.visualscripting/Editor/SettingsProvider/ProjectSettings/CoreProviderSettings.cs using Guid(f1505e7010ba447f9087b4398e0e3473) Importer(2089858483,b0f066a214c2f5e87bad3c948f4d605d) (ScriptedImporter) -> (artifact id: '5d919e339ecec486edaf647c127266c4') in 0.0070301 seconds
Number of updated asset objects reloaded before import = 0Number of asset objects unloaded after import = 0

========================================================================
Received Import Request.
  Time since last request: 0.000087 seconds.
  path: Packages/com.unity.visualscripting/Runtime/VisualScripting.Core/Attributes/VisualScriptingHelpURLAttribute.cs
  artifactKey: Guid(c3bcf9b19dcb40cdad778458b50003a8) Importer(2089858483,b0f066a214c2f5e87bad3c948f4d605d)
Start importing Packages/com.unity.visualscripting/Runtime/VisualScripting.Core/Attributes/VisualScriptingHelpURLAttribute.cs using Guid(c3bcf9b19dcb40cdad778458b50003a8) Importer(2089858483,b0f066a214c2f5e87bad3c948f4d605d) (ScriptedImporter) -> (artifact id: 'd43930ca01b89582edf76fc726488c6c') in 0.0063102 seconds
Number of updated asset objects reloaded before import = 0Number of asset objects unloaded after import = 0

========================================================================
Received Import Request.
  Time since last request: 0.000078 seconds.
  path: Packages/com.unity.visualscripting/README.md
  artifactKey: Guid(70b768f311ee24d93b61dbdf4169a93f) Importer(2089858483,b0f066a214c2f5e87bad3c948f4d605d)
Start importing Packages/com.unity.visualscripting/README.md using Guid(70b768f311ee24d93b61dbdf4169a93f) Importer(2089858483,b0f066a214c2f5e87bad3c948f4d605d) (ScriptedImporter) -> (artifact id: '4f89395778b7b30ef821330e67050351') in 0.0068579 seconds
Number of updated asset objects reloaded before import = 0Number of asset objects unloaded after import = 1

========================================================================
Received Import Request.
  Time since last request: 0.000076 seconds.
  path: Packages/com.unity.visualscripting/Runtime/VisualScripting.Core/Graphs/MergedGraphElementCollection.cs
  artifactKey: Guid(12ce731cce6f947049d4c6d825a29c3d) Importer(2089858483,b0f066a214c2f5e87bad3c948f4d605d)
Start importing Packages/com.unity.visualscripting/Runtime/VisualScripting.Core/Graphs/MergedGraphElementCollection.cs using Guid(12ce731cce6f947049d4c6d825a29c3d) Importer(2089858483,b0f066a214c2f5e87bad3c948f4d605d) (ScriptedImporter) -> (artifact id: '31ce69b6f1ac1c26385e8ef4f264ab4b') in 0.0072896 seconds
Number of updated asset objects reloaded before import = 0Number of asset objects unloaded after import = 0

========================================================================
Received Import Request.
  Time since last request: 0.000149 seconds.
  path: Packages/com.unity.visualscripting/Editor/VisualScripting.Flow/Description/IUnitDescriptor.cs
  artifactKey: Guid(56af1e1695c6a47bb826414e1888797f) Importer(2089858483,b0f066a214c2f5e87bad3c948f4d605d)
Start importing Packages/com.unity.visualscripting/Editor/VisualScripting.Flow/Description/IUnitDescriptor.cs using Guid(56af1e1695c6a47bb826414e1888797f) Importer(2089858483,b0f066a214c2f5e87bad3c948f4d605d) (ScriptedImporter) -> (artifact id: '77cbe86711476d3773129096ebe81c9e') in 0.0070249 seconds
Number of updated asset objects reloaded before import = 0Number of asset objects unloaded after import = 0

========================================================================
Received Import Request.
  Time since last request: 0.000067 seconds.
  path: Packages/com.unity.visualscripting/Runtime/VisualScripting.Core/SerializedProperties/SerializedPropertyProvider.cs
  artifactKey: Guid(16062f0adc1124e87806f87c109ad3ec) Importer(2089858483,b0f066a214c2f5e87bad3c948f4d605d)
Start importing Packages/com.unity.visualscripting/Runtime/VisualScripting.Core/SerializedProperties/SerializedPropertyProvider.cs using Guid(16062f0adc1124e87806f87c109ad3ec) Importer(2089858483,b0f066a214c2f5e87bad3c948f4d605d) (ScriptedImporter) -> (artifact id: 'cd2dd9d701bb96cfd92e1b69b4e3e626') in 0.0072285 seconds
Number of updated asset objects reloaded before import = 0Number of asset objects unloaded after import = 0

========================================================================
Received Import Request.
  Time since last request: 0.000114 seconds.
  path: Packages/com.unity.visualscripting/Editor/VisualScripting.State/StateRevealCondition.cs
  artifactKey: Guid(86b460b328d2945298f3ad268e33836e) Importer(2089858483,b0f066a214c2f5e87bad3c948f4d605d)
Start importing Packages/com.unity.visualscripting/Editor/VisualScripting.State/StateRevealCondition.cs using Guid(86b460b328d2945298f3ad268e33836e) Importer(2089858483,b0f066a214c2f5e87bad3c948f4d605d) (ScriptedImporter) -> (artifact id: '967b26a957bb37efff65198a3e83c875') in 0.0064626 seconds
Number of updated asset objects reloaded before import = 0Number of asset objects unloaded after import = 0

========================================================================
Received Import Request.
  Time since last request: 0.000067 seconds.
  path: Packages/com.unity.visualscripting/Runtime/VisualScripting.Core/Reflection/Namespace.cs
  artifactKey: Guid(6e8a02b6685f943eebed45a65b807ab8) Importer(2089858483,b0f066a214c2f5e87bad3c948f4d605d)
Start importing Packages/com.unity.visualscripting/Runtime/VisualScripting.Core/Reflection/Namespace.cs using Guid(6e8a02b6685f943eebed45a65b807ab8) Importer(2089858483,b0f066a214c2f5e87bad3c948f4d605d) (ScriptedImporter) -> (artifact id: 'bbaeb352f9d65327e7d52b58df1f0356') in 0.0061444 seconds
Number of updated asset objects reloaded before import = 0Number of asset objects unloaded after import = 0

========================================================================
Received Import Request.
  Time since last request: 0.000062 seconds.
  path: Packages/com.unity.visualscripting/Runtime/VisualScripting.Core/Collections/NonNullableCollection.cs
  artifactKey: Guid(23aff2603b7a04000a57f820b6f71951) Importer(2089858483,b0f066a214c2f5e87bad3c948f4d605d)
Start importing Packages/com.unity.visualscripting/Runtime/VisualScripting.Core/Collections/NonNullableCollection.cs using Guid(23aff2603b7a04000a57f820b6f71951) Importer(2089858483,b0f066a214c2f5e87bad3c948f4d605d) (ScriptedImporter) -> (artifact id: '2378921faaedbc7b7b95b1f400b25ac0') in 0.0071591 seconds
Number of updated asset objects reloaded before import = 0Number of asset objects unloaded after import = 0

========================================================================
Received Import Request.
  Time since last request: 0.000180 seconds.
  path: Packages/com.unity.visualscripting/Editor/VisualScripting.Core/Windows/WebWindow.cs
  artifactKey: Guid(77929a85e47b040f98305209898d8e05) Importer(2089858483,b0f066a214c2f5e87bad3c948f4d605d)
Start importing Packages/com.unity.visualscripting/Editor/VisualScripting.Core/Windows/WebWindow.cs using Guid(77929a85e47b040f98305209898d8e05) Importer(2089858483,b0f066a214c2f5e87bad3c948f4d605d) (ScriptedImporter) -> (artifact id: 'a790f843c0fbc7eb0a64465b3d10ebd8') in 0.0055443 seconds
Number of updated asset objects reloaded before import = 0Number of asset objects unloaded after import = 0

========================================================================
Received Import Request.
  Time since last request: 0.000130 seconds.
  path: Packages/com.unity.visualscripting/Editor/VisualScripting.Core/Plugins/PluginUtility.cs
  artifactKey: Guid(ce1ab0cf92c284610adb327d1a63810e) Importer(2089858483,b0f066a214c2f5e87bad3c948f4d605d)
Start importing Packages/com.unity.visualscripting/Editor/VisualScripting.Core/Plugins/PluginUtility.cs using Guid(ce1ab0cf92c284610adb327d1a63810e) Importer(2089858483,b0f066a214c2f5e87bad3c948f4d605d) (ScriptedImporter) -> (artifact id: '4e48ddd84d59ba4b66e3b932fb6f593b') in 0.0064706 seconds
Number of updated asset objects reloaded before import = 0Number of asset objects unloaded after import = 0

========================================================================
Received Import Request.
  Time since last request: 0.000077 seconds.
  path: Packages/com.unity.visualscripting/Editor/VisualScripting.Core/Inspection/EditorAttribute.cs
  artifactKey: Guid(eea36313850504a6dbb40650d7ff4463) Importer(2089858483,b0f066a214c2f5e87bad3c948f4d605d)
Start importing Packages/com.unity.visualscripting/Editor/VisualScripting.Core/Inspection/EditorAttribute.cs using Guid(eea36313850504a6dbb40650d7ff4463) Importer(2089858483,b0f066a214c2f5e87bad3c948f4d605d) (ScriptedImporter) -> (artifact id: '9e1f1640a248332ab7d7915ae6a9a87e') in 0.0059346 seconds
Number of updated asset objects reloaded before import = 0Number of asset objects unloaded after import = 0

========================================================================
Received Import Request.
  Time since last request: 0.000068 seconds.
  path: Packages/com.unity.visualscripting/Editor/VisualScripting.Core/Widgets/GraphElementWidget.cs
  artifactKey: Guid(42ff2b3640dea47c1bcb2863082b6ba2) Importer(2089858483,b0f066a214c2f5e87bad3c948f4d605d)
Start importing Packages/com.unity.visualscripting/Editor/VisualScripting.Core/Widgets/GraphElementWidget.cs using Guid(42ff2b3640dea47c1bcb2863082b6ba2) Importer(2089858483,b0f066a214c2f5e87bad3c948f4d605d) (ScriptedImporter) -> (artifact id: 'ae497ed5bb1e5cdb30e7c843c5c1edd8') in 0.007069 seconds
Number of updated asset objects reloaded before import = 0Number of asset objects unloaded after import = 0

========================================================================
Received Import Request.
  Time since last request: 0.000109 seconds.
  path: Packages/com.unity.visualscripting/Runtime/VisualScripting.Core/Unity.VisualScripting.Core.asmdef
  artifactKey: Guid(21b0c8d1703a94250bfac916590cea4f) Importer(2089858483,b0f066a214c2f5e87bad3c948f4d605d)
Start importing Packages/com.unity.visualscripting/Runtime/VisualScripting.Core/Unity.VisualScripting.Core.asmdef using Guid(21b0c8d1703a94250bfac916590cea4f) Importer(2089858483,b0f066a214c2f5e87bad3c948f4d605d) (ScriptedImporter) -> (artifact id: 'bb9afc32266c383c19a0df96ff4ce07c') in 0.0062449 seconds
Number of updated asset objects reloaded before import = 0Number of asset objects unloaded after import = 1

========================================================================
Received Import Request.
  Time since last request: 0.000058 seconds.
  path: Packages/com.unity.visualscripting/Editor/VisualScripting.Core/Utilities/UnityAPI.cs
  artifactKey: Guid(4450df258c9194ab384abed0b7e64d23) Importer(2089858483,b0f066a214c2f5e87bad3c948f4d605d)
Start importing Packages/com.unity.visualscripting/Editor/VisualScripting.Core/Utilities/UnityAPI.cs using Guid(4450df258c9194ab384abed0b7e64d23) Importer(2089858483,b0f066a214c2f5e87bad3c948f4d605d) (ScriptedImporter) -> (artifact id: 'f858b2c0e3b48f97fe2400e5fc7c99ae') in 0.0060627 seconds
Number of updated asset objects reloaded before import = 0Number of asset objects unloaded after import = 0

========================================================================
Received Import Request.
  Time since last request: 0.000071 seconds.
  path: Packages/com.unity.visualscripting/Editor/VisualScripting.Core/Plugins/PluginContainer.cs
  artifactKey: Guid(c88b1658a1f6b4a66ab257a8e5510bf5) Importer(2089858483,b0f066a214c2f5e87bad3c948f4d605d)
Start importing Packages/com.unity.visualscripting/Editor/VisualScripting.Core/Plugins/PluginContainer.cs using Guid(c88b1658a1f6b4a66ab257a8e5510bf5) Importer(2089858483,b0f066a214c2f5e87bad3c948f4d605d) (ScriptedImporter) -> (artifact id: '6a2554213c1800b97f72d341bff54dd6') in 0.0057885 seconds
Number of updated asset objects reloaded before import = 0Number of asset objects unloaded after import = 0

========================================================================
Received Import Request.
  Time since last request: 0.000048 seconds.
  path: Packages/com.unity.visualscripting/Editor/SettingsProvider/ProjectSettingsProvider.cs
  artifactKey: Guid(d6a0cc840e6084f62a3e3538f14bf3ce) Importer(2089858483,b0f066a214c2f5e87bad3c948f4d605d)
Start importing Packages/com.unity.visualscripting/Editor/SettingsProvider/ProjectSettingsProvider.cs using Guid(d6a0cc840e6084f62a3e3538f14bf3ce) Importer(2089858483,b0f066a214c2f5e87bad3c948f4d605d) (ScriptedImporter) -> (artifact id: '7b16781a823cc661f622130fa65951fc') in 0.0060204 seconds
Number of updated asset objects reloaded before import = 0Number of asset objects unloaded after import = 0

========================================================================
Received Import Request.
  Time since last request: 0.000102 seconds.
  path: Packages/com.unity.visualscripting/Editor/VisualScripting.Core/Decorators/SingleDecoratorProvider.cs
  artifactKey: Guid(86c24975fbfb04a59936f79276a8882a) Importer(2089858483,b0f066a214c2f5e87bad3c948f4d605d)
Start importing Packages/com.unity.visualscripting/Editor/VisualScripting.Core/Decorators/SingleDecoratorProvider.cs using Guid(86c24975fbfb04a59936f79276a8882a) Importer(2089858483,b0f066a214c2f5e87bad3c948f4d605d) (ScriptedImporter) -> (artifact id: '6bea6d5ecce08ce42abd6f15df11fd3d') in 0.0061647 seconds
Number of updated asset objects reloaded before import = 0Number of asset objects unloaded after import = 0

========================================================================
Received Import Request.
  Time since last request: 0.000094 seconds.
  path: Packages/com.unity.visualscripting/Editor/SettingsProvider/Unity.VisualScripting.SettingsProvider.Editor.asmdef
  artifactKey: Guid(2aa54ddaa48744e1caddee916e39805e) Importer(2089858483,b0f066a214c2f5e87bad3c948f4d605d)
Start importing Packages/com.unity.visualscripting/Editor/SettingsProvider/Unity.VisualScripting.SettingsProvider.Editor.asmdef using Guid(2aa54ddaa48744e1caddee916e39805e) Importer(2089858483,b0f066a214c2f5e87bad3c948f4d605d) (ScriptedImporter) -> (artifact id: '4bb9c85933ec54392f12d1eb9ab498c4') in 0.0068986 seconds
Number of updated asset objects reloaded before import = 0Number of asset objects unloaded after import = 1

========================================================================
Received Import Request.
  Time since last request: 0.000021 seconds.
  path: Packages/com.unity.visualscripting/Editor/VisualScripting.State/Transitions/NesterStateTransitionDescriptor.cs
  artifactKey: Guid(3ef8f00bbef6a4ceaaaa090c41d2cf23) Importer(2089858483,b0f066a214c2f5e87bad3c948f4d605d)
Start importing Packages/com.unity.visualscripting/Editor/VisualScripting.State/Transitions/NesterStateTransitionDescriptor.cs using Guid(3ef8f00bbef6a4ceaaaa090c41d2cf23) Importer(2089858483,b0f066a214c2f5e87bad3c948f4d605d) (ScriptedImporter) -> (artifact id: 'd94de71a9a21190bc3cb11a4d47499de') in 0.0061744 seconds
Number of updated asset objects reloaded before import = 0Number of asset objects unloaded after import = 0

========================================================================
Received Import Request.
  Time since last request: 0.000054 seconds.
  path: Packages/com.unity.visualscripting/Editor/VisualScripting.Core/Variables/InspectorVariableFieldAttributeInspector.cs
  artifactKey: Guid(43746e2a6e81344ba86a06279af5647c) Importer(2089858483,b0f066a214c2f5e87bad3c948f4d605d)
Start importing Packages/com.unity.visualscripting/Editor/VisualScripting.Core/Variables/InspectorVariableFieldAttributeInspector.cs using Guid(43746e2a6e81344ba86a06279af5647c) Importer(2089858483,b0f066a214c2f5e87bad3c948f4d605d) (ScriptedImporter) -> (artifact id: 'a3da1d85a2626efa7501146aedb67a30') in 0.0073526 seconds
Number of updated asset objects reloaded before import = 0Number of asset objects unloaded after import = 0

========================================================================
Received Import Request.
  Time since last request: 0.000060 seconds.
  path: Packages/com.unity.visualscripting/Runtime/VisualScripting.Core/Events/EventHooks.cs
  artifactKey: Guid(cb9374a04c97c4b48b123eff373bc7f9) Importer(2089858483,b0f066a214c2f5e87bad3c948f4d605d)
Start importing Packages/com.unity.visualscripting/Runtime/VisualScripting.Core/Events/EventHooks.cs using Guid(cb9374a04c97c4b48b123eff373bc7f9) Importer(2089858483,b0f066a214c2f5e87bad3c948f4d605d) (ScriptedImporter) -> (artifact id: 'd978ba7bb18d44dca7dfbb5c259e4e0b') in 0.0058635 seconds
Number of updated asset objects reloaded before import = 0Number of asset objects unloaded after import = 0

========================================================================
Received Import Request.
  Time since last request: 0.000117 seconds.
  path: Packages/com.unity.visualscripting/Runtime/VisualScripting.Flow/IDefaultValue.cs
  artifactKey: Guid(c885f6b1d6214c8ea9f1970d774bdfc8) Importer(2089858483,b0f066a214c2f5e87bad3c948f4d605d)
Start importing Packages/com.unity.visualscripting/Runtime/VisualScripting.Flow/IDefaultValue.cs using Guid(c885f6b1d6214c8ea9f1970d774bdfc8) Importer(2089858483,b0f066a214c2f5e87bad3c948f4d605d) (ScriptedImporter) -> (artifact id: '21b50400807802d3d20a7f996aee707c') in 0.0059478 seconds
Number of updated asset objects reloaded before import = 0Number of asset objects unloaded after import = 0

========================================================================
Received Import Request.
  Time since last request: 0.000094 seconds.
  path: Packages/com.unity.visualscripting/Editor/VisualScripting.Core/Variables/VariablesAssetEditor.cs
  artifactKey: Guid(7f42d0d167a7f4de598875889223bdd6) Importer(2089858483,b0f066a214c2f5e87bad3c948f4d605d)
Start importing Packages/com.unity.visualscripting/Editor/VisualScripting.Core/Variables/VariablesAssetEditor.cs using Guid(7f42d0d167a7f4de598875889223bdd6) Importer(2089858483,b0f066a214c2f5e87bad3c948f4d605d) (ScriptedImporter) -> (artifact id: '91a2b0cbabc0be22c7341648ae84865d') in 0.0059679 seconds
Number of updated asset objects reloaded before import = 0Number of asset objects unloaded after import = 0

========================================================================
Received Import Request.
  Time since last request: 0.000026 seconds.
  path: Packages/com.unity.visualscripting/Runtime/VisualScripting.Core/Connections/IConnection.cs
  artifactKey: Guid(b9ef61ff81bd641b98e376b72a35e6d9) Importer(2089858483,b0f066a214c2f5e87bad3c948f4d605d)
Start importing Packages/com.unity.visualscripting/Runtime/VisualScripting.Core/Connections/IConnection.cs using Guid(b9ef61ff81bd641b98e376b72a35e6d9) Importer(2089858483,b0f066a214c2f5e87bad3c948f4d605d) (ScriptedImporter) -> (artifact id: '53387d4fc275a983bad7156b7e3257c5') in 0.0066525 seconds
Number of updated asset objects reloaded before import = 0Number of asset objects unloaded after import = 0

========================================================================
Received Import Request.
  Time since last request: 0.000083 seconds.
  path: Packages/com.unity.visualscripting/Editor/VisualScripting.Core/Inspection/InspectorImplementationOrderAttribute.cs
  artifactKey: Guid(9b1d7484aab754b898411c8a7cc88ea4) Importer(2089858483,b0f066a214c2f5e87bad3c948f4d605d)
Start importing Packages/com.unity.visualscripting/Editor/VisualScripting.Core/Inspection/InspectorImplementationOrderAttribute.cs using Guid(9b1d7484aab754b898411c8a7cc88ea4) Importer(2089858483,b0f066a214c2f5e87bad3c948f4d605d) (ScriptedImporter) -> (artifact id: 'f1fd42c736732fea3c2a812326e66cf4') in 0.0061785 seconds
Number of updated asset objects reloaded before import = 0Number of asset objects unloaded after import = 0

========================================================================
Received Import Request.
  Time since last request: 0.000105 seconds.
  path: Packages/com.unity.visualscripting/Runtime/VisualScripting.Flow/INesterUnit.cs
  artifactKey: Guid(b5ee3c473bbc24eaaaea9bccbee0684b) Importer(2089858483,b0f066a214c2f5e87bad3c948f4d605d)
Start importing Packages/com.unity.visualscripting/Runtime/VisualScripting.Flow/INesterUnit.cs using Guid(b5ee3c473bbc24eaaaea9bccbee0684b) Importer(2089858483,b0f066a214c2f5e87bad3c948f4d605d) (ScriptedImporter) -> (artifact id: 'a8f9423360ac894db5e9b79a4a3cee2e') in 0.0063915 seconds
Number of updated asset objects reloaded before import = 0Number of asset objects unloaded after import = 0

========================================================================
Received Import Request.
  Time since last request: 0.000064 seconds.
  path: Packages/com.unity.visualscripting/Editor/VisualScripting.State/States/StateDescription.cs
  artifactKey: Guid(e2102ddc23fbd412ca4aaec620483938) Importer(2089858483,b0f066a214c2f5e87bad3c948f4d605d)
Start importing Packages/com.unity.visualscripting/Editor/VisualScripting.State/States/StateDescription.cs using Guid(e2102ddc23fbd412ca4aaec620483938) Importer(2089858483,b0f066a214c2f5e87bad3c948f4d605d) (ScriptedImporter) -> (artifact id: 'c5eae35504f97d8da0ab967f94a2d81d') in 0.0064805 seconds
Number of updated asset objects reloaded before import = 0Number of asset objects unloaded after import = 0

========================================================================
Received Import Request.
  Time since last request: 0.000099 seconds.
  path: Packages/com.unity.visualscripting/Editor/VisualScripting.State/Analytics/StateMacroSavedEvent.cs
  artifactKey: Guid(8946f8274f03d4448a452d58da80d1cd) Importer(2089858483,b0f066a214c2f5e87bad3c948f4d605d)
Start importing Packages/com.unity.visualscripting/Editor/VisualScripting.State/Analytics/StateMacroSavedEvent.cs using Guid(8946f8274f03d4448a452d58da80d1cd) Importer(2089858483,b0f066a214c2f5e87bad3c948f4d605d) (ScriptedImporter) -> (artifact id: '40ca4188de274ff4fef4ec6ed956af6f') in 0.008054 seconds
Number of updated asset objects reloaded before import = 0Number of asset objects unloaded after import = 0

========================================================================
Received Import Request.
  Time since last request: 0.000071 seconds.
  path: Packages/com.unity.visualscripting/Runtime/VisualScripting.Core/Graphs/IGraphParent.cs
  artifactKey: Guid(ad05adb7ed2c342ac84cf9a4aafce6fb) Importer(2089858483,b0f066a214c2f5e87bad3c948f4d605d)
Start importing Packages/com.unity.visualscripting/Runtime/VisualScripting.Core/Graphs/IGraphParent.cs using Guid(ad05adb7ed2c342ac84cf9a4aafce6fb) Importer(2089858483,b0f066a214c2f5e87bad3c948f4d605d) (ScriptedImporter) -> (artifact id: 'f1e928f5e4b184a9ff890a4651ee5aba') in 0.0060944 seconds
Number of updated asset objects reloaded before import = 0Number of asset objects unloaded after import = 0

========================================================================
Received Import Request.
  Time since last request: 0.000067 seconds.
  path: Packages/com.unity.visualscripting/Editor/VisualScripting.Flow/Events/EventUnitWidget.cs
  artifactKey: Guid(59a20dbcb66df4db5ae49b183017d4ec) Importer(2089858483,b0f066a214c2f5e87bad3c948f4d605d)
Start importing Packages/com.unity.visualscripting/Editor/VisualScripting.Flow/Events/EventUnitWidget.cs using Guid(59a20dbcb66df4db5ae49b183017d4ec) Importer(2089858483,b0f066a214c2f5e87bad3c948f4d605d) (ScriptedImporter) -> (artifact id: '0531a12540b021bdbcf011e11fa431fb') in 0.0063641 seconds
Number of updated asset objects reloaded before import = 0Number of asset objects unloaded after import = 0

========================================================================
Received Import Request.
  Time since last request: 0.000087 seconds.
  path: Packages/com.unity.visualscripting/Editor/VisualScripting.Core/Descriptors/Descriptor.cs
  artifactKey: Guid(effdda1b8c66446d49d072ddd34860b4) Importer(2089858483,b0f066a214c2f5e87bad3c948f4d605d)
Start importing Packages/com.unity.visualscripting/Editor/VisualScripting.Core/Descriptors/Descriptor.cs using Guid(effdda1b8c66446d49d072ddd34860b4) Importer(2089858483,b0f066a214c2f5e87bad3c948f4d605d) (ScriptedImporter) -> (artifact id: '6ff5a1222ce26e6b06b107b35648df03') in 0.005967 seconds
Number of updated asset objects reloaded before import = 0Number of asset objects unloaded after import = 0

========================================================================
Received Import Request.
  Time since last request: 0.000086 seconds.
  path: Packages/com.unity.visualscripting/Runtime/VisualScripting.Core/Serialization/SerializeAsAttribute.cs
  artifactKey: Guid(feefb3a9e4a2544e292f1f9a9c259bcb) Importer(2089858483,b0f066a214c2f5e87bad3c948f4d605d)
Start importing Packages/com.unity.visualscripting/Runtime/VisualScripting.Core/Serialization/SerializeAsAttribute.cs using Guid(feefb3a9e4a2544e292f1f9a9c259bcb) Importer(2089858483,b0f066a214c2f5e87bad3c948f4d605d) (ScriptedImporter) -> (artifact id: '9ab74581384dfb4292d1b6b9ba5ca65a') in 0.0062493 seconds
Number of updated asset objects reloaded before import = 0Number of asset objects unloaded after import = 0

========================================================================
Received Import Request.
  Time since last request: 0.000126 seconds.
  path: Packages/com.unity.visualscripting/Editor/VisualScripting.State/Unity.VisualScripting.State.Editor.asmdef
  artifactKey: Guid(f10496e9d78b943308af5e7e9e4543c8) Importer(2089858483,b0f066a214c2f5e87bad3c948f4d605d)
Start importing Packages/com.unity.visualscripting/Editor/VisualScripting.State/Unity.VisualScripting.State.Editor.asmdef using Guid(f10496e9d78b943308af5e7e9e4543c8) Importer(2089858483,b0f066a214c2f5e87bad3c948f4d605d) (ScriptedImporter) -> (artifact id: 'ba8d31521bd93d7690679e7a2537dffd') in 0.0068569 seconds
Number of updated asset objects reloaded before import = 0Number of asset objects unloaded after import = 1

========================================================================
Received Import Request.
  Time since last request: 0.000050 seconds.
  path: Packages/com.unity.visualscripting/Editor/VisualScripting.Flow/FlowEditorBindings.cs
  artifactKey: Guid(2f474ced62820425d9936932e5e28161) Importer(2089858483,b0f066a214c2f5e87bad3c948f4d605d)
Start importing Packages/com.unity.visualscripting/Editor/VisualScripting.Flow/FlowEditorBindings.cs using Guid(2f474ced62820425d9936932e5e28161) Importer(2089858483,b0f066a214c2f5e87bad3c948f4d605d) (ScriptedImporter) -> (artifact id: '49d4077bd0bf24d124f24254834c0fd1') in 0.0053801 seconds
Number of updated asset objects reloaded before import = 0Number of asset objects unloaded after import = 0

========================================================================
Received Import Request.
  Time since last request: 0.000092 seconds.
  path: Packages/com.unity.inputsystem/InputSystem/Editor/UITKAssetEditor/Views/ActionsTreeView.cs
  artifactKey: Guid(716898219fc23de4a81300652df80ef3) Importer(2089858483,b0f066a214c2f5e87bad3c948f4d605d)
Start importing Packages/com.unity.inputsystem/InputSystem/Editor/UITKAssetEditor/Views/ActionsTreeView.cs using Guid(716898219fc23de4a81300652df80ef3) Importer(2089858483,b0f066a214c2f5e87bad3c948f4d605d) (ScriptedImporter) -> (artifact id: '29fbcde97cbe47e1883071c51c8f46be') in 0.0058883 seconds
Number of updated asset objects reloaded before import = 0Number of asset objects unloaded after import = 0

========================================================================
Received Import Request.
  Time since last request: 0.000136 seconds.
  path: Packages/com.unity.visualscripting/Editor/VisualScripting.Core/Variables/VariableDeclarationInspector.cs
  artifactKey: Guid(94dbe736e63964efb9215fdf8c609986) Importer(2089858483,b0f066a214c2f5e87bad3c948f4d605d)
Start importing Packages/com.unity.visualscripting/Editor/VisualScripting.Core/Variables/VariableDeclarationInspector.cs using Guid(94dbe736e63964efb9215fdf8c609986) Importer(2089858483,b0f066a214c2f5e87bad3c948f4d605d) (ScriptedImporter) -> (artifact id: '57150dc1341bddf6265f02c3e98d880c') in 0.0057558 seconds
Number of updated asset objects reloaded before import = 0Number of asset objects unloaded after import = 0

========================================================================
Received Import Request.
  Time since last request: 0.000061 seconds.
  path: Packages/com.unity.visualscripting/Editor/VisualScripting.Core/Widgets/Widget.cs
  artifactKey: Guid(8c83776c0292d488392648f9c94e53ad) Importer(2089858483,b0f066a214c2f5e87bad3c948f4d605d)
Start importing Packages/com.unity.visualscripting/Editor/VisualScripting.Core/Widgets/Widget.cs using Guid(8c83776c0292d488392648f9c94e53ad) Importer(2089858483,b0f066a214c2f5e87bad3c948f4d605d) (ScriptedImporter) -> (artifact id: '5abf0e4dc0d0b9654cb07bdb8cf93f98') in 0.0062895 seconds
Number of updated asset objects reloaded before import = 0Number of asset objects unloaded after import = 0

========================================================================
Received Import Request.
  Time since last request: 0.000064 seconds.
  path: Packages/com.unity.visualscripting/Runtime/VisualScripting.Core/Machines/IMachine.cs
  artifactKey: Guid(df194c6a0ebd14f2b9e5debcd26784ee) Importer(2089858483,b0f066a214c2f5e87bad3c948f4d605d)
Start importing Packages/com.unity.visualscripting/Runtime/VisualScripting.Core/Machines/IMachine.cs using Guid(df194c6a0ebd14f2b9e5debcd26784ee) Importer(2089858483,b0f066a214c2f5e87bad3c948f4d605d) (ScriptedImporter) -> (artifact id: '10315ba907164e3dd6151f880b59f847') in 0.0055797 seconds
Number of updated asset objects reloaded before import = 0Number of asset objects unloaded after import = 0

========================================================================
Received Import Request.
  Time since last request: 0.000076 seconds.
  path: Packages/com.unity.visualscripting/Editor/VisualScripting.Flow/Plugin/BoltFlowResources.cs
  artifactKey: Guid(2cd0a0d24519f4791881db992d550519) Importer(2089858483,b0f066a214c2f5e87bad3c948f4d605d)
Start importing Packages/com.unity.visualscripting/Editor/VisualScripting.Flow/Plugin/BoltFlowResources.cs using Guid(2cd0a0d24519f4791881db992d550519) Importer(2089858483,b0f066a214c2f5e87bad3c948f4d605d) (ScriptedImporter) -> (artifact id: '7254a572a659c8aa573ed4616dc46d72') in 0.0061888 seconds
Number of updated asset objects reloaded before import = 0Number of asset objects unloaded after import = 0

========================================================================
Received Import Request.
  Time since last request: 0.000126 seconds.
  path: Packages/com.unity.visualscripting/DocCodeExamples/VariableExamples.cs
  artifactKey: Guid(008aaf0122c64347b088ad6d93484cb6) Importer(2089858483,b0f066a214c2f5e87bad3c948f4d605d)
Start importing Packages/com.unity.visualscripting/DocCodeExamples/VariableExamples.cs using Guid(008aaf0122c64347b088ad6d93484cb6) Importer(2089858483,b0f066a214c2f5e87bad3c948f4d605d) (ScriptedImporter) -> (artifact id: 'b9710b66bf89ceda9d1d14ff92bb85ba') in 0.0055345 seconds
Number of updated asset objects reloaded before import = 0Number of asset objects unloaded after import = 0

========================================================================
Received Import Request.
  Time since last request: 0.000104 seconds.
  path: Packages/com.unity.visualscripting/Runtime/VisualScripting.Core/Serialization/Serialization.cs
  artifactKey: Guid(676514219067342ecad392d89dedb5d4) Importer(2089858483,b0f066a214c2f5e87bad3c948f4d605d)
Start importing Packages/com.unity.visualscripting/Runtime/VisualScripting.Core/Serialization/Serialization.cs using Guid(676514219067342ecad392d89dedb5d4) Importer(2089858483,b0f066a214c2f5e87bad3c948f4d605d) (ScriptedImporter) -> (artifact id: '77b6584c53cef7f512d9eb43baf5b0f1') in 0.0060637 seconds
Number of updated asset objects reloaded before import = 0Number of asset objects unloaded after import = 0

========================================================================
Received Import Request.
  Time since last request: 0.000078 seconds.
  path: Packages/com.unity.visualscripting/Editor/VisualScripting.Flow/Plugin/BoltFlow.cs
  artifactKey: Guid(35120fe15be16499ca078be48d042be0) Importer(2089858483,b0f066a214c2f5e87bad3c948f4d605d)
Start importing Packages/com.unity.visualscripting/Editor/VisualScripting.Flow/Plugin/BoltFlow.cs using Guid(35120fe15be16499ca078be48d042be0) Importer(2089858483,b0f066a214c2f5e87bad3c948f4d605d) (ScriptedImporter) -> (artifact id: 'e99841f343aecfe608fd3836b9d7b89c') in 0.0073341 seconds
Number of updated asset objects reloaded before import = 0Number of asset objects unloaded after import = 0

========================================================================
Received Import Request.
  Time since last request: 0.000097 seconds.
  path: Packages/com.unity.visualscripting/Editor/VisualScripting.Core/Interface/LudiqGUI.cs
  artifactKey: Guid(4b750756c927142e8a8977ac83c7361a) Importer(2089858483,b0f066a214c2f5e87bad3c948f4d605d)
Start importing Packages/com.unity.visualscripting/Editor/VisualScripting.Core/Interface/LudiqGUI.cs using Guid(4b750756c927142e8a8977ac83c7361a) Importer(2089858483,b0f066a214c2f5e87bad3c948f4d605d) (ScriptedImporter) -> (artifact id: '9d835db26291d025561f4336d1bc5cc2') in 0.0055868 seconds
Number of updated asset objects reloaded before import = 0Number of asset objects unloaded after import = 0

========================================================================
Received Import Request.
  Time since last request: 0.000081 seconds.
  path: Packages/com.unity.visualscripting/Runtime/VisualScripting.Flow/ScriptMachine.cs
  artifactKey: Guid(d2fe5546f775c47d2820aa5e8a715f53) Importer(2089858483,b0f066a214c2f5e87bad3c948f4d605d)
Start importing Packages/com.unity.visualscripting/Runtime/VisualScripting.Flow/ScriptMachine.cs using Guid(d2fe5546f775c47d2820aa5e8a715f53) Importer(2089858483,b0f066a214c2f5e87bad3c948f4d605d) (ScriptedImporter) -> (artifact id: '7346329037ce64d0df1656a204af46d0') in 0.0071403 seconds
Number of updated asset objects reloaded before import = 0Number of asset objects unloaded after import = 1

========================================================================
Received Import Request.
  Time since last request: 0.000019 seconds.
  path: Packages/com.unity.visualscripting/Editor/SettingsProvider/ProjectSettings/AssemblyOptionsSettings.cs
  artifactKey: Guid(7cb1615bd41a3442a8aabbcb872046a3) Importer(2089858483,b0f066a214c2f5e87bad3c948f4d605d)
Start importing Packages/com.unity.visualscripting/Editor/SettingsProvider/ProjectSettings/AssemblyOptionsSettings.cs using Guid(7cb1615bd41a3442a8aabbcb872046a3) Importer(2089858483,b0f066a214c2f5e87bad3c948f4d605d) (ScriptedImporter) -> (artifact id: '3ffe734e64d2f5d6cabb8a63d3fc33e7') in 0.0060175 seconds
Number of updated asset objects reloaded before import = 0Number of asset objects unloaded after import = 0

========================================================================
Received Import Request.
  Time since last request: 0.000030 seconds.
  path: Packages/com.unity.visualscripting/Runtime/VisualScripting.Core/Collections/NoAllocEnumerator.cs
  artifactKey: Guid(174d73813488e4011b9b46d8a59ae9d9) Importer(2089858483,b0f066a214c2f5e87bad3c948f4d605d)
Start importing Packages/com.unity.visualscripting/Runtime/VisualScripting.Core/Collections/NoAllocEnumerator.cs using Guid(174d73813488e4011b9b46d8a59ae9d9) Importer(2089858483,b0f066a214c2f5e87bad3c948f4d605d) (ScriptedImporter) -> (artifact id: '40afda9e862c041965289886a7410206') in 0.0074241 seconds
Number of updated asset objects reloaded before import = 0Number of asset objects unloaded after import = 0

========================================================================
Received Import Request.
  Time since last request: 0.000113 seconds.
  path: Packages/com.unity.visualscripting/Runtime/VisualScripting.Core/Ensure/EnsureThat.NullableValueTypes.cs
  artifactKey: Guid(352cb3b74fabb44b3ac894557038d0b0) Importer(2089858483,b0f066a214c2f5e87bad3c948f4d605d)
Start importing Packages/com.unity.visualscripting/Runtime/VisualScripting.Core/Ensure/EnsureThat.NullableValueTypes.cs using Guid(352cb3b74fabb44b3ac894557038d0b0) Importer(2089858483,b0f066a214c2f5e87bad3c948f4d605d) (ScriptedImporter) -> (artifact id: '10aaf048e116addbdc2e28d7b604303a') in 0.0060161 seconds
Number of updated asset objects reloaded before import = 0Number of asset objects unloaded after import = 0

========================================================================
Received Import Request.
  Time since last request: 0.000088 seconds.
  path: Packages/com.unity.visualscripting/Editor/VisualScripting.Core/Utilities/MathfEx.cs
  artifactKey: Guid(76b20087e6bf14ffd9a3403742ccd98c) Importer(2089858483,b0f066a214c2f5e87bad3c948f4d605d)
Start importing Packages/com.unity.visualscripting/Editor/VisualScripting.Core/Utilities/MathfEx.cs using Guid(76b20087e6bf14ffd9a3403742ccd98c) Importer(2089858483,b0f066a214c2f5e87bad3c948f4d605d) (ScriptedImporter) -> (artifact id: 'b3f3f755e57c375a80545345bbf8a10b') in 0.0073226 seconds
Number of updated asset objects reloaded before import = 0Number of asset objects unloaded after import = 0

========================================================================
Received Import Request.
  Time since last request: 0.000104 seconds.
  path: Packages/com.unity.inputsystem/InputSystem/Plugins/XR/Haptics/SendBufferedHapticsCommand.cs
  artifactKey: Guid(e553fed0b97be3349aff36916eb6fefc) Importer(2089858483,b0f066a214c2f5e87bad3c948f4d605d)
Start importing Packages/com.unity.inputsystem/InputSystem/Plugins/XR/Haptics/SendBufferedHapticsCommand.cs using Guid(e553fed0b97be3349aff36916eb6fefc) Importer(2089858483,b0f066a214c2f5e87bad3c948f4d605d) (ScriptedImporter) -> (artifact id: '2f85dd4cf2cb15977c4990e65d80cc25') in 0.0061613 seconds
Number of updated asset objects reloaded before import = 0Number of asset objects unloaded after import = 0

========================================================================
Received Import Request.
  Time since last request: 0.000205 seconds.
  path: Packages/com.unity.visualscripting/Editor/VisualScripting.Flow/Events/CustomEventDescriptor.cs
  artifactKey: Guid(d86368fa2dad24d53acbed4e9df50329) Importer(2089858483,b0f066a214c2f5e87bad3c948f4d605d)
Start importing Packages/com.unity.visualscripting/Editor/VisualScripting.Flow/Events/CustomEventDescriptor.cs using Guid(d86368fa2dad24d53acbed4e9df50329) Importer(2089858483,b0f066a214c2f5e87bad3c948f4d605d) (ScriptedImporter) -> (artifact id: 'd1a0c9079a5c35fec9edd12836ab7bed') in 0.0068087 seconds
Number of updated asset objects reloaded before import = 0Number of asset objects unloaded after import = 0

========================================================================
Received Import Request.
  Time since last request: 0.000090 seconds.
  path: Packages/com.unity.visualscripting/Runtime/VisualScripting.Core/Reflection/TypeUtility.cs
  artifactKey: Guid(201917f07bb3e466db9940011e75d45d) Importer(2089858483,b0f066a214c2f5e87bad3c948f4d605d)
Start importing Packages/com.unity.visualscripting/Runtime/VisualScripting.Core/Reflection/TypeUtility.cs using Guid(201917f07bb3e466db9940011e75d45d) Importer(2089858483,b0f066a214c2f5e87bad3c948f4d605d) (ScriptedImporter) -> (artifact id: 'd814c318d5e74209f3b3894f20472c51') in 0.0062847 seconds
Number of updated asset objects reloaded before import = 0Number of asset objects unloaded after import = 0

========================================================================
Received Import Request.
  Time since last request: 1.004053 seconds.
  path: Packages/com.unity.visualscripting/Runtime/VisualScripting.Core/Unity/ISingleton.cs
  artifactKey: Guid(20f1871733b204f68bf987b34eb48db9) Importer(2089858483,b0f066a214c2f5e87bad3c948f4d605d)
Start importing Packages/com.unity.visualscripting/Runtime/VisualScripting.Core/Unity/ISingleton.cs using Guid(20f1871733b204f68bf987b34eb48db9) Importer(2089858483,b0f066a214c2f5e87bad3c948f4d605d) (ScriptedImporter) -> (artifact id: 'a9d6d4bd8e871a77c5e9f2d26b849752') in 0.0066552 seconds
Number of updated asset objects reloaded before import = 0Number of asset objects unloaded after import = 0

========================================================================
Received Import Request.
  Time since last request: 0.000024 seconds.
  path: Packages/com.unity.visualscripting/Runtime/VisualScripting.Flow/Framework/Literal.cs
  artifactKey: Guid(1f628f4576ec649af80ef422a312141f) Importer(2089858483,b0f066a214c2f5e87bad3c948f4d605d)
Start importing Packages/com.unity.visualscripting/Runtime/VisualScripting.Flow/Framework/Literal.cs using Guid(1f628f4576ec649af80ef422a312141f) Importer(2089858483,b0f066a214c2f5e87bad3c948f4d605d) (ScriptedImporter) -> (artifact id: '36f6801db19bab237961433f2dfaddf1') in 0.0045501 seconds
Number of updated asset objects reloaded before import = 0Number of asset objects unloaded after import = 0

========================================================================
Received Import Request.
  Time since last request: 0.000106 seconds.
  path: Packages/com.unity.visualscripting/Editor/VisualScripting.Core/Inspection/Reflection/TypeInspector.cs
  artifactKey: Guid(e72cc3d4a262642778c0f3923db0245a) Importer(2089858483,b0f066a214c2f5e87bad3c948f4d605d)
Start importing Packages/com.unity.visualscripting/Editor/VisualScripting.Core/Inspection/Reflection/TypeInspector.cs using Guid(e72cc3d4a262642778c0f3923db0245a) Importer(2089858483,b0f066a214c2f5e87bad3c948f4d605d) (ScriptedImporter) -> (artifact id: '6a54f5a90c08e226e24b5db31a871196') in 0.0047684 seconds
Number of updated asset objects reloaded before import = 0Number of asset objects unloaded after import = 0

========================================================================
Received Import Request.
  Time since last request: 0.000110 seconds.
  path: Packages/com.unity.visualscripting/Editor/VisualScripting.Flow/Plugin/Migrations/Migration_1_2_4_to_1_3_0.cs
  artifactKey: Guid(67b4b452425e74ecbb80e16f8f3b7fd7) Importer(2089858483,b0f066a214c2f5e87bad3c948f4d605d)
Start importing Packages/com.unity.visualscripting/Editor/VisualScripting.Flow/Plugin/Migrations/Migration_1_2_4_to_1_3_0.cs using Guid(67b4b452425e74ecbb80e16f8f3b7fd7) Importer(2089858483,b0f066a214c2f5e87bad3c948f4d605d) (ScriptedImporter) -> (artifact id: 'aab208fbf220c7f18115d271a8c51d5a') in 0.0059433 seconds
Number of updated asset objects reloaded before import = 0Number of asset objects unloaded after import = 0

========================================================================
Received Import Request.
  Time since last request: 0.000053 seconds.
  path: Packages/com.unity.visualscripting/Runtime/VisualScripting.Core/Dependencies/FullSerializer/fsSerializer.cs
  artifactKey: Guid(797e2aea528a14145b3cb6b71c34be2e) Importer(2089858483,b0f066a214c2f5e87bad3c948f4d605d)
Start importing Packages/com.unity.visualscripting/Runtime/VisualScripting.Core/Dependencies/FullSerializer/fsSerializer.cs using Guid(797e2aea528a14145b3cb6b71c34be2e) Importer(2089858483,b0f066a214c2f5e87bad3c948f4d605d) (ScriptedImporter) -> (artifact id: 'b2989629f2f44835b406a6fe70f014e6') in 0.006671 seconds
Number of updated asset objects reloaded before import = 0Number of asset objects unloaded after import = 0

========================================================================
Received Import Request.
  Time since last request: 0.000027 seconds.
  path: Packages/com.unity.visualscripting/Runtime/VisualScripting.Flow/Framework/Logic/Greater.cs
  artifactKey: Guid(ef0a26fd5986a47e9810fdb3621ecc23) Importer(2089858483,b0f066a214c2f5e87bad3c948f4d605d)
Start importing Packages/com.unity.visualscripting/Runtime/VisualScripting.Flow/Framework/Logic/Greater.cs using Guid(ef0a26fd5986a47e9810fdb3621ecc23) Importer(2089858483,b0f066a214c2f5e87bad3c948f4d605d) (ScriptedImporter) -> (artifact id: '6b4d19a0fa81edbea4165b2d2563d9c3') in 0.0049218 seconds
Number of updated asset objects reloaded before import = 0Number of asset objects unloaded after import = 0

========================================================================
Received Import Request.
  Time since last request: 0.000031 seconds.
  path: Packages/com.unity.visualscripting/Editor/VisualScripting.Flow/Plugin/Changelogs/Changelog_1_4_3.cs
  artifactKey: Guid(3587d6da02ecd4f56976a4e635866bcd) Importer(2089858483,b0f066a214c2f5e87bad3c948f4d605d)
Start importing Packages/com.unity.visualscripting/Editor/VisualScripting.Flow/Plugin/Changelogs/Changelog_1_4_3.cs using Guid(3587d6da02ecd4f56976a4e635866bcd) Importer(2089858483,b0f066a214c2f5e87bad3c948f4d605d) (ScriptedImporter) -> (artifact id: 'cf8b20070a190eb27fbad2a1caa37d57') in 0.0049641 seconds
Number of updated asset objects reloaded before import = 0Number of asset objects unloaded after import = 0

========================================================================
Received Import Request.
  Time since last request: 0.000041 seconds.
  path: Packages/com.unity.visualscripting/Runtime/VisualScripting.Flow/Framework/Logic/GreaterOrEqual.cs
  artifactKey: Guid(b808f556baccb4bc1a8a7cc6886f95e3) Importer(2089858483,b0f066a214c2f5e87bad3c948f4d605d)
Start importing Packages/com.unity.visualscripting/Runtime/VisualScripting.Flow/Framework/Logic/GreaterOrEqual.cs using Guid(b808f556baccb4bc1a8a7cc6886f95e3) Importer(2089858483,b0f066a214c2f5e87bad3c948f4d605d) (ScriptedImporter) -> (artifact id: '2cc7610d7ad65781d9b7bae5e52834e3') in 0.0052255 seconds
Number of updated asset objects reloaded before import = 0Number of asset objects unloaded after import = 0

========================================================================
Received Import Request.
  Time since last request: 0.000183 seconds.
  path: Packages/com.unity.visualscripting/Editor/VisualScripting.Core/Plugin/Changelogs/LegacyLudiqGraphs/Changelog_1_2_4.cs
  artifactKey: Guid(a9a4efecbd0fe49e8a2f78d04225e5a1) Importer(2089858483,b0f066a214c2f5e87bad3c948f4d605d)
Start importing Packages/com.unity.visualscripting/Editor/VisualScripting.Core/Plugin/Changelogs/LegacyLudiqGraphs/Changelog_1_2_4.cs using Guid(a9a4efecbd0fe49e8a2f78d04225e5a1) Importer(2089858483,b0f066a214c2f5e87bad3c948f4d605d) (ScriptedImporter) -> (artifact id: 'f5e6e4b5e68fb17222766652614c250d') in 0.005857 seconds
Number of updated asset objects reloaded before import = 0Number of asset objects unloaded after import = 0

========================================================================
Received Import Request.
  Time since last request: 0.000020 seconds.
  path: Packages/com.unity.timeline/Editor/inspectors/GroupTrackInspector.cs
  artifactKey: Guid(41dcdc094b311464c8d6cb614548d89b) Importer(2089858483,b0f066a214c2f5e87bad3c948f4d605d)
Start importing Packages/com.unity.timeline/Editor/inspectors/GroupTrackInspector.cs using Guid(41dcdc094b311464c8d6cb614548d89b) Importer(2089858483,b0f066a214c2f5e87bad3c948f4d605d) (ScriptedImporter) -> (artifact id: 'e311716a605722fd3e88fab018a90f61') in 0.0072167 seconds
Number of updated asset objects reloaded before import = 0Number of asset objects unloaded after import = 0

========================================================================
Received Import Request.
  Time since last request: 0.000071 seconds.
  path: Packages/com.unity.timeline/Editor/inspectors/EditorClipFactory.cs
  artifactKey: Guid(f6ba30c492ac73742bc0cfee6817045a) Importer(2089858483,b0f066a214c2f5e87bad3c948f4d605d)
Start importing Packages/com.unity.timeline/Editor/inspectors/EditorClipFactory.cs using Guid(f6ba30c492ac73742bc0cfee6817045a) Importer(2089858483,b0f066a214c2f5e87bad3c948f4d605d) (ScriptedImporter) -> (artifact id: '247811a0de52eddb09eb73e9337df7d0') in 0.0069837 seconds
Number of updated asset objects reloaded before import = 0Number of asset objects unloaded after import = 0

========================================================================
Received Import Request.
  Time since last request: 0.000100 seconds.
  path: Packages/com.unity.visualscripting/Runtime/VisualScripting.Core/Serialization/Converters/NamespaceConverter.cs
  artifactKey: Guid(e01cdd8435cb44f0c9756e6e0de8c548) Importer(2089858483,b0f066a214c2f5e87bad3c948f4d605d)
Start importing Packages/com.unity.visualscripting/Runtime/VisualScripting.Core/Serialization/Converters/NamespaceConverter.cs using Guid(e01cdd8435cb44f0c9756e6e0de8c548) Importer(2089858483,b0f066a214c2f5e87bad3c948f4d605d) (ScriptedImporter) -> (artifact id: '17426c7f854328b3ead8b3e7044add2a') in 0.0066094 seconds
Number of updated asset objects reloaded before import = 0Number of asset objects unloaded after import = 0

========================================================================
Received Import Request.
  Time since last request: 0.000125 seconds.
  path: Packages/com.unity.visualscripting/Editor/VisualScripting.State/Plugin/Changelogs/Changelog_1_2_2.cs
  artifactKey: Guid(9da5e47993cc143868fbaceb76639261) Importer(2089858483,b0f066a214c2f5e87bad3c948f4d605d)
Start importing Packages/com.unity.visualscripting/Editor/VisualScripting.State/Plugin/Changelogs/Changelog_1_2_2.cs using Guid(9da5e47993cc143868fbaceb76639261) Importer(2089858483,b0f066a214c2f5e87bad3c948f4d605d) (ScriptedImporter) -> (artifact id: 'abe64ef355646bb4a03304479e6e7c82') in 0.0061368 seconds
Number of updated asset objects reloaded before import = 0Number of asset objects unloaded after import = 0

========================================================================
Received Import Request.
  Time since last request: 0.000048 seconds.
  path: Packages/com.unity.visualscripting/Runtime/VisualScripting.Flow/Framework/Math/Vector2/Vector2Angle.cs
  artifactKey: Guid(d891cfa0b12b34cc0ac9f9ec7d0f3352) Importer(2089858483,b0f066a214c2f5e87bad3c948f4d605d)
Start importing Packages/com.unity.visualscripting/Runtime/VisualScripting.Flow/Framework/Math/Vector2/Vector2Angle.cs using Guid(d891cfa0b12b34cc0ac9f9ec7d0f3352) Importer(2089858483,b0f066a214c2f5e87bad3c948f4d605d) (ScriptedImporter) -> (artifact id: '37dfd3808d927bbd14dbe3186dd126d0') in 0.0074689 seconds
Number of updated asset objects reloaded before import = 0Number of asset objects unloaded after import = 0

========================================================================
Received Import Request.
  Time since last request: 0.000101 seconds.
  path: Packages/com.unity.visualscripting/Runtime/VisualScripting.Core/Reflection/Optimization/OptimizedReflection.cs
  artifactKey: Guid(ee39a37a542bf463cad5e5cf6be0e3fd) Importer(2089858483,b0f066a214c2f5e87bad3c948f4d605d)
Start importing Packages/com.unity.visualscripting/Runtime/VisualScripting.Core/Reflection/Optimization/OptimizedReflection.cs using Guid(ee39a37a542bf463cad5e5cf6be0e3fd) Importer(2089858483,b0f066a214c2f5e87bad3c948f4d605d) (ScriptedImporter) -> (artifact id: 'ee2d19c9916058327f7357e8a0c2d0b1') in 0.0082453 seconds
Number of updated asset objects reloaded before import = 0Number of asset objects unloaded after import = 0

========================================================================
Received Import Request.
  Time since last request: 0.000240 seconds.
  path: Packages/com.unity.visualscripting/Editor/VisualScripting.Core/Interface/Fuzzy/FuzzyGroupOption.cs
  artifactKey: Guid(a822318c000c5487b893452bfd7bb4e2) Importer(2089858483,b0f066a214c2f5e87bad3c948f4d605d)
Start importing Packages/com.unity.visualscripting/Editor/VisualScripting.Core/Interface/Fuzzy/FuzzyGroupOption.cs using Guid(a822318c000c5487b893452bfd7bb4e2) Importer(2089858483,b0f066a214c2f5e87bad3c948f4d605d) (ScriptedImporter) -> (artifact id: '40942ed498adef01de482b1ef31fe78f') in 0.0060581 seconds
Number of updated asset objects reloaded before import = 0Number of asset objects unloaded after import = 0

========================================================================
Received Import Request.
  Time since last request: 0.000085 seconds.
  path: Packages/com.unity.visualscripting/Editor/VisualScripting.Flow/Framework/Codebase/LiteralDescriptor.cs
  artifactKey: Guid(8860fae1979174c008fe0d7a3e525089) Importer(2089858483,b0f066a214c2f5e87bad3c948f4d605d)
Start importing Packages/com.unity.visualscripting/Editor/VisualScripting.Flow/Framework/Codebase/LiteralDescriptor.cs using Guid(8860fae1979174c008fe0d7a3e525089) Importer(2089858483,b0f066a214c2f5e87bad3c948f4d605d) (ScriptedImporter) -> (artifact id: 'd599755f618e35a6b4544540e7cc2dc7') in 0.0071157 seconds
Number of updated asset objects reloaded before import = 0Number of asset objects unloaded after import = 0

========================================================================
Received Import Request.
  Time since last request: 0.000123 seconds.
  path: Packages/com.unity.visualscripting/Runtime/VisualScripting.Flow/Framework/Events/Lifecycle/OnDestroy.cs
  artifactKey: Guid(f2ff7947be0af4375a2456598bbced2b) Importer(2089858483,b0f066a214c2f5e87bad3c948f4d605d)
Start importing Packages/com.unity.visualscripting/Runtime/VisualScripting.Flow/Framework/Events/Lifecycle/OnDestroy.cs using Guid(f2ff7947be0af4375a2456598bbced2b) Importer(2089858483,b0f066a214c2f5e87bad3c948f4d605d) (ScriptedImporter) -> (artifact id: '4047909827bcf25d1b4cba1e5d5bef28') in 0.005723 seconds
Number of updated asset objects reloaded before import = 0Number of asset objects unloaded after import = 0

========================================================================
Received Import Request.
  Time since last request: 0.000025 seconds.
  path: Packages/com.unity.visualscripting/Editor/VisualScripting.Core/Dependencies/ReorderableList/Internal/ReorderableListResources.cs
  artifactKey: Guid(70ac271f39dd344e6a8b0b7945031914) Importer(2089858483,b0f066a214c2f5e87bad3c948f4d605d)
Start importing Packages/com.unity.visualscripting/Editor/VisualScripting.Core/Dependencies/ReorderableList/Internal/ReorderableListResources.cs using Guid(70ac271f39dd344e6a8b0b7945031914) Importer(2089858483,b0f066a214c2f5e87bad3c948f4d605d) (ScriptedImporter) -> (artifact id: '2a8240fd078c6ef88ee3f5fe6d5c1ac0') in 0.0065072 seconds
Number of updated asset objects reloaded before import = 0Number of asset objects unloaded after import = 0

========================================================================
Received Import Request.
  Time since last request: 0.000044 seconds.
  path: Packages/com.unity.visualscripting/Editor/VisualScripting.Flow/Framework/Codebase/ExposeDescriptor.cs
  artifactKey: Guid(61b4830f444214043a3097b099a3bfaf) Importer(2089858483,b0f066a214c2f5e87bad3c948f4d605d)
Start importing Packages/com.unity.visualscripting/Editor/VisualScripting.Flow/Framework/Codebase/ExposeDescriptor.cs using Guid(61b4830f444214043a3097b099a3bfaf) Importer(2089858483,b0f066a214c2f5e87bad3c948f4d605d) (ScriptedImporter) -> (artifact id: '70662659cb12c4ed7f872d5681ef832a') in 0.0063161 seconds
Number of updated asset objects reloaded before import = 0Number of asset objects unloaded after import = 0

========================================================================
Received Import Request.
  Time since last request: 0.000136 seconds.
  path: Packages/com.unity.visualscripting/Editor/VisualScripting.Core/Inspection/Special/UnknownInspector.cs
  artifactKey: Guid(bb2c26586b3714c07be672d4c63e568e) Importer(2089858483,b0f066a214c2f5e87bad3c948f4d605d)
Start importing Packages/com.unity.visualscripting/Editor/VisualScripting.Core/Inspection/Special/UnknownInspector.cs using Guid(bb2c26586b3714c07be672d4c63e568e) Importer(2089858483,b0f066a214c2f5e87bad3c948f4d605d) (ScriptedImporter) -> (artifact id: '03e2474fcf5818ed504c4aceed2d3063') in 0.0077839 seconds
Number of updated asset objects reloaded before import = 0Number of asset objects unloaded after import = 0

========================================================================
Received Import Request.
  Time since last request: 0.000119 seconds.
  path: Packages/com.unity.visualscripting/Runtime/VisualScripting.Flow/Framework/Collections/FirstItem.cs
  artifactKey: Guid(fd9a980a91f9b49fd88a6e484b27d51e) Importer(2089858483,b0f066a214c2f5e87bad3c948f4d605d)
Start importing Packages/com.unity.visualscripting/Runtime/VisualScripting.Flow/Framework/Collections/FirstItem.cs using Guid(fd9a980a91f9b49fd88a6e484b27d51e) Importer(2089858483,b0f066a214c2f5e87bad3c948f4d605d) (ScriptedImporter) -> (artifact id: 'b1564ffb58be0eff792c4ef4ca8de5bf') in 0.0065069 seconds
Number of updated asset objects reloaded before import = 0Number of asset objects unloaded after import = 0

========================================================================
Received Import Request.
  Time since last request: 0.000074 seconds.
  path: Packages/com.unity.visualscripting/Editor/VisualScripting.Core/Plugin/Changelogs/LegacyLudiqCore/Changelog_1_4_4.cs
  artifactKey: Guid(2a4b178a058dd48f28bedb6d3da3dfab) Importer(2089858483,b0f066a214c2f5e87bad3c948f4d605d)
Start importing Packages/com.unity.visualscripting/Editor/VisualScripting.Core/Plugin/Changelogs/LegacyLudiqCore/Changelog_1_4_4.cs using Guid(2a4b178a058dd48f28bedb6d3da3dfab) Importer(2089858483,b0f066a214c2f5e87bad3c948f4d605d) (ScriptedImporter) -> (artifact id: '09ff5f0a5e41dfe099b580b925db2de4') in 0.0063935 seconds
Number of updated asset objects reloaded before import = 0Number of asset objects unloaded after import = 0

========================================================================
Received Import Request.
  Time since last request: 0.000061 seconds.
  path: Packages/com.unity.visualscripting/Runtime/VisualScripting.Flow/Framework/Variables/UnifiedVariableUnit.cs
  artifactKey: Guid(7ae172004cdd6412d917b38e624846bd) Importer(2089858483,b0f066a214c2f5e87bad3c948f4d605d)
Start importing Packages/com.unity.visualscripting/Runtime/VisualScripting.Flow/Framework/Variables/UnifiedVariableUnit.cs using Guid(7ae172004cdd6412d917b38e624846bd) Importer(2089858483,b0f066a214c2f5e87bad3c948f4d605d) (ScriptedImporter) -> (artifact id: 'bf6b1dfa074cba84dcbab5e83421510b') in 0.0068482 seconds
Number of updated asset objects reloaded before import = 0Number of asset objects unloaded after import = 0

========================================================================
Received Import Request.
  Time since last request: 0.000097 seconds.
  path: Packages/com.unity.visualscripting/Runtime/VisualScripting.Flow/Dependencies/NCalc/ParameterArgs.cs
  artifactKey: Guid(1b211073028ea4467ad1c7f48e0b3530) Importer(2089858483,b0f066a214c2f5e87bad3c948f4d605d)
Start importing Packages/com.unity.visualscripting/Runtime/VisualScripting.Flow/Dependencies/NCalc/ParameterArgs.cs using Guid(1b211073028ea4467ad1c7f48e0b3530) Importer(2089858483,b0f066a214c2f5e87bad3c948f4d605d) (ScriptedImporter) -> (artifact id: '49ed7192301aaf2dde0f08804477263d') in 0.0058968 seconds
Number of updated asset objects reloaded before import = 0Number of asset objects unloaded after import = 0

========================================================================
Received Import Request.
  Time since last request: 0.000085 seconds.
  path: Packages/com.unity.visualscripting/Editor/VisualScripting.Flow/Framework/Control/SwitchOnEnumDescriptor.cs
  artifactKey: Guid(3691dc0753d9d43da89b6f14c3bc9e1b) Importer(2089858483,b0f066a214c2f5e87bad3c948f4d605d)
Start importing Packages/com.unity.visualscripting/Editor/VisualScripting.Flow/Framework/Control/SwitchOnEnumDescriptor.cs using Guid(3691dc0753d9d43da89b6f14c3bc9e1b) Importer(2089858483,b0f066a214c2f5e87bad3c948f4d605d) (ScriptedImporter) -> (artifact id: '670508aab34ef1b0a3182875448b9cbc') in 0.0060847 seconds
Number of updated asset objects reloaded before import = 0Number of asset objects unloaded after import = 0

========================================================================
Received Import Request.
  Time since last request: 0.000083 seconds.
  path: Packages/com.unity.timeline/Editor/Analytics/TimelineAnalytics.cs
  artifactKey: Guid(10ba9bc9317e315439b0223674162c52) Importer(2089858483,b0f066a214c2f5e87bad3c948f4d605d)
Start importing Packages/com.unity.timeline/Editor/Analytics/TimelineAnalytics.cs using Guid(10ba9bc9317e315439b0223674162c52) Importer(2089858483,b0f066a214c2f5e87bad3c948f4d605d) (ScriptedImporter) -> (artifact id: 'bbaf9538817fcdcd4ae191c62061d38d') in 0.0054056 seconds
Number of updated asset objects reloaded before import = 0Number of asset objects unloaded after import = 0

========================================================================
Received Import Request.
  Time since last request: 0.000066 seconds.
  path: Packages/com.unity.visualscripting/Editor/VisualScripting.Core/Windows/AboutWindow/IAboutable.cs
  artifactKey: Guid(fcb3a4fc629fd4578a0d482a494a873d) Importer(2089858483,b0f066a214c2f5e87bad3c948f4d605d)
Start importing Packages/com.unity.visualscripting/Editor/VisualScripting.Core/Windows/AboutWindow/IAboutable.cs using Guid(fcb3a4fc629fd4578a0d482a494a873d) Importer(2089858483,b0f066a214c2f5e87bad3c948f4d605d) (ScriptedImporter) -> (artifact id: '54fa13a2501877e23226919174d980ca') in 0.0070244 seconds
Number of updated asset objects reloaded before import = 0Number of asset objects unloaded after import = 0

========================================================================
Received Import Request.
  Time since last request: 0.000041 seconds.
  path: Packages/com.unity.visualscripting/Runtime/VisualScripting.Core/Reflection/Operators/OperatorHandler.cs
  artifactKey: Guid(fc755412ef51440c086b9a82a3eb1e97) Importer(2089858483,b0f066a214c2f5e87bad3c948f4d605d)
Start importing Packages/com.unity.visualscripting/Runtime/VisualScripting.Core/Reflection/Operators/OperatorHandler.cs using Guid(fc755412ef51440c086b9a82a3eb1e97) Importer(2089858483,b0f066a214c2f5e87bad3c948f4d605d) (ScriptedImporter) -> (artifact id: 'fc10714039ad5bb205e61ca670b66813') in 0.0055352 seconds
Number of updated asset objects reloaded before import = 0Number of asset objects unloaded after import = 0

========================================================================
Received Import Request.
  Time since last request: 0.000072 seconds.
  path: Packages/com.unity.visualscripting/Editor/VisualScripting.Core/Plugin/Changelogs/LegacyLudiqCore/Changelog_1_2_0.cs
  artifactKey: Guid(d8ddc46856b3146d693158e7ca0b7f89) Importer(2089858483,b0f066a214c2f5e87bad3c948f4d605d)
Start importing Packages/com.unity.visualscripting/Editor/VisualScripting.Core/Plugin/Changelogs/LegacyLudiqCore/Changelog_1_2_0.cs using Guid(d8ddc46856b3146d693158e7ca0b7f89) Importer(2089858483,b0f066a214c2f5e87bad3c948f4d605d) (ScriptedImporter) -> (artifact id: '2c2c2fa06290e8e58835df47e7623d2a') in 0.0057869 seconds
Number of updated asset objects reloaded before import = 0Number of asset objects unloaded after import = 0

========================================================================
Received Import Request.
  Time since last request: 0.000081 seconds.
  path: Packages/com.unity.timeline/Editor/Recording/TimelineRecording.cs
  artifactKey: Guid(ef4c81c9368d5a340b14c2fec1cad345) Importer(2089858483,b0f066a214c2f5e87bad3c948f4d605d)
Start importing Packages/com.unity.timeline/Editor/Recording/TimelineRecording.cs using Guid(ef4c81c9368d5a340b14c2fec1cad345) Importer(2089858483,b0f066a214c2f5e87bad3c948f4d605d) (ScriptedImporter) -> (artifact id: '8c17f823285080c7e06809ffeb8b6899') in 0.0070048 seconds
Number of updated asset objects reloaded before import = 0Number of asset objects unloaded after import = 0

========================================================================
Received Import Request.
  Time since last request: 0.000094 seconds.
  path: Packages/com.unity.visualscripting/Editor/VisualScripting.Core/Inspection/Unity/VectorInspector.cs
  artifactKey: Guid(86801c1d462894752a04b4b93d0250bc) Importer(2089858483,b0f066a214c2f5e87bad3c948f4d605d)
Start importing Packages/com.unity.visualscripting/Editor/VisualScripting.Core/Inspection/Unity/VectorInspector.cs using Guid(86801c1d462894752a04b4b93d0250bc) Importer(2089858483,b0f066a214c2f5e87bad3c948f4d605d) (ScriptedImporter) -> (artifact id: 'c8d46be109e1ac903376c2038be7893e') in 0.0063027 seconds
Number of updated asset objects reloaded before import = 0Number of asset objects unloaded after import = 0

========================================================================
Received Import Request.
  Time since last request: 0.000579 seconds.
  path: Packages/com.unity.visualscripting/Editor/VisualScripting.State/Plugin/Changelogs/Changelog_1_0_0.cs
  artifactKey: Guid(7ce3ec6fc91e046a4a8911343aa505c7) Importer(2089858483,b0f066a214c2f5e87bad3c948f4d605d)
Start importing Packages/com.unity.visualscripting/Editor/VisualScripting.State/Plugin/Changelogs/Changelog_1_0_0.cs using Guid(7ce3ec6fc91e046a4a8911343aa505c7) Importer(2089858483,b0f066a214c2f5e87bad3c948f4d605d) (ScriptedImporter) -> (artifact id: 'd50121124bd68562e2304c38823a070e') in 0.0061174 seconds
Number of updated asset objects reloaded before import = 0Number of asset objects unloaded after import = 0

========================================================================
Received Import Request.
  Time since last request: 0.000080 seconds.
  path: Packages/com.unity.visualscripting/Editor/VisualScripting.Flow/Framework/Nesting/GraphInputWidget.cs
  artifactKey: Guid(4707fa01fbb6d42e8a05d7d7f83d784f) Importer(2089858483,b0f066a214c2f5e87bad3c948f4d605d)
Start importing Packages/com.unity.visualscripting/Editor/VisualScripting.Flow/Framework/Nesting/GraphInputWidget.cs using Guid(4707fa01fbb6d42e8a05d7d7f83d784f) Importer(2089858483,b0f066a214c2f5e87bad3c948f4d605d) (ScriptedImporter) -> (artifact id: '024baea239a8df1688213de0d6b4f27e') in 0.006234 seconds
Number of updated asset objects reloaded before import = 0Number of asset objects unloaded after import = 0

========================================================================
Received Import Request.
  Time since last request: 0.000071 seconds.
  path: Packages/com.unity.visualscripting/Editor/VisualScripting.Core/Dependencies/ReorderableList/ElementAdderMenu/ElementAdderMenuCommandAttribute.cs
  artifactKey: Guid(9499dcfe8b4e7461ba7881c30897fc49) Importer(2089858483,b0f066a214c2f5e87bad3c948f4d605d)
Start importing Packages/com.unity.visualscripting/Editor/VisualScripting.Core/Dependencies/ReorderableList/ElementAdderMenu/ElementAdderMenuCommandAttribute.cs using Guid(9499dcfe8b4e7461ba7881c30897fc49) Importer(2089858483,b0f066a214c2f5e87bad3c948f4d605d) (ScriptedImporter) -> (artifact id: '59a8f0c2c41c282ab4649c5de623d2a5') in 0.0060041 seconds
Number of updated asset objects reloaded before import = 0Number of asset objects unloaded after import = 0

========================================================================
Received Import Request.
  Time since last request: 0.000024 seconds.
  path: Packages/com.unity.visualscripting/Runtime/VisualScripting.Flow/Framework/Events/Physics/OnParticleCollision.cs
  artifactKey: Guid(29de1fc267e004ed4bee9066b133258e) Importer(2089858483,b0f066a214c2f5e87bad3c948f4d605d)
Start importing Packages/com.unity.visualscripting/Runtime/VisualScripting.Flow/Framework/Events/Physics/OnParticleCollision.cs using Guid(29de1fc267e004ed4bee9066b133258e) Importer(2089858483,b0f066a214c2f5e87bad3c948f4d605d) (ScriptedImporter) -> (artifact id: '7d7690e1806185470b7e1192efd41617') in 0.0063005 seconds
Number of updated asset objects reloaded before import = 0Number of asset objects unloaded after import = 0

========================================================================
Received Import Request.
  Time since last request: 0.000101 seconds.
  path: Packages/com.unity.visualscripting/Runtime/VisualScripting.Flow/Framework/Math/Vector4/Vector4Absolute.cs
  artifactKey: Guid(8ac28fde6331642239c0d8fc317211bf) Importer(2089858483,b0f066a214c2f5e87bad3c948f4d605d)
Start importing Packages/com.unity.visualscripting/Runtime/VisualScripting.Flow/Framework/Math/Vector4/Vector4Absolute.cs using Guid(8ac28fde6331642239c0d8fc317211bf) Importer(2089858483,b0f066a214c2f5e87bad3c948f4d605d) (ScriptedImporter) -> (artifact id: '235b7ecec46010b2b98a3265a18cf5e6') in 0.0066892 seconds
Number of updated asset objects reloaded before import = 0Number of asset objects unloaded after import = 0

========================================================================
Received Import Request.
  Time since last request: 0.000050 seconds.
  path: Packages/com.unity.visualscripting/Runtime/VisualScripting.Flow/Framework/Events/Physics2D/OnCollisionEnter2D.cs
  artifactKey: Guid(ddd8f3642494344d7937d9b32f751b2d) Importer(2089858483,b0f066a214c2f5e87bad3c948f4d605d)
Start importing Packages/com.unity.visualscripting/Runtime/VisualScripting.Flow/Framework/Events/Physics2D/OnCollisionEnter2D.cs using Guid(ddd8f3642494344d7937d9b32f751b2d) Importer(2089858483,b0f066a214c2f5e87bad3c948f4d605d) (ScriptedImporter) -> (artifact id: '120f439a9d3ba11fc3bc51fa4ff49155') in 0.0070904 seconds
Number of updated asset objects reloaded before import = 0Number of asset objects unloaded after import = 0

========================================================================
Received Import Request.
  Time since last request: 0.000102 seconds.
  path: Packages/com.unity.visualscripting/Editor/VisualScripting.Core/Widgets/StickyNote/StickyNoteWidget.cs
  artifactKey: Guid(12f5bc5527c2418f84e8308d16026fe5) Importer(2089858483,b0f066a214c2f5e87bad3c948f4d605d)
Start importing Packages/com.unity.visualscripting/Editor/VisualScripting.Core/Widgets/StickyNote/StickyNoteWidget.cs using Guid(12f5bc5527c2418f84e8308d16026fe5) Importer(2089858483,b0f066a214c2f5e87bad3c948f4d605d) (ScriptedImporter) -> (artifact id: 'bce65daa826081b0f557f091c3a56e8c') in 0.0067031 seconds
Number of updated asset objects reloaded before import = 0Number of asset objects unloaded after import = 0

========================================================================
Received Import Request.
  Time since last request: 0.000161 seconds.
  path: Packages/com.unity.visualscripting/Runtime/VisualScripting.Flow/Framework/Variables/Obsolete/IsGraphVariableDefined.cs
  artifactKey: Guid(174f315b4bc7c4f36806d210235d06f3) Importer(2089858483,b0f066a214c2f5e87bad3c948f4d605d)
Start importing Packages/com.unity.visualscripting/Runtime/VisualScripting.Flow/Framework/Variables/Obsolete/IsGraphVariableDefined.cs using Guid(174f315b4bc7c4f36806d210235d06f3) Importer(2089858483,b0f066a214c2f5e87bad3c948f4d605d) (ScriptedImporter) -> (artifact id: 'aa284e7e4d06de655d63f330acb911c1') in 0.0070609 seconds
Number of updated asset objects reloaded before import = 0Number of asset objects unloaded after import = 0

========================================================================
Received Import Request.
  Time since last request: 0.000126 seconds.
  path: Packages/com.unity.visualscripting/Runtime/VisualScripting.Flow/Ports/UnitPortDefinition.cs
  artifactKey: Guid(52bd864b8af3845ac9f54bb7580284f6) Importer(2089858483,b0f066a214c2f5e87bad3c948f4d605d)
Start importing Packages/com.unity.visualscripting/Runtime/VisualScripting.Flow/Ports/UnitPortDefinition.cs using Guid(52bd864b8af3845ac9f54bb7580284f6) Importer(2089858483,b0f066a214c2f5e87bad3c948f4d605d) (ScriptedImporter) -> (artifact id: '2078cd0eb7f8345e075df4b2d3ff4895') in 0.0064454 seconds
Number of updated asset objects reloaded before import = 0Number of asset objects unloaded after import = 0

========================================================================
Received Import Request.
  Time since last request: 0.000075 seconds.
  path: Packages/com.unity.visualscripting/Runtime/VisualScripting.Flow/Framework/Variables/Obsolete/GetApplicationVariable.cs
  artifactKey: Guid(7bfae76d280dc41b0bdf920ed2c37a41) Importer(2089858483,b0f066a214c2f5e87bad3c948f4d605d)
Start importing Packages/com.unity.visualscripting/Runtime/VisualScripting.Flow/Framework/Variables/Obsolete/GetApplicationVariable.cs using Guid(7bfae76d280dc41b0bdf920ed2c37a41) Importer(2089858483,b0f066a214c2f5e87bad3c948f4d605d) (ScriptedImporter) -> (artifact id: '1c307b4c448a1408e964ae50e0a72ea1') in 0.0082898 seconds
Number of updated asset objects reloaded before import = 0Number of asset objects unloaded after import = 0

========================================================================
Received Import Request.
  Time since last request: 0.000043 seconds.
  path: Packages/com.unity.visualscripting/Editor/VisualScripting.Flow/Plugin/Changelogs/Changelog_1_1_0..cs
  artifactKey: Guid(08be229f18d1b43f7a1bcf8db4bcb6f1) Importer(2089858483,b0f066a214c2f5e87bad3c948f4d605d)
Start importing Packages/com.unity.visualscripting/Editor/VisualScripting.Flow/Plugin/Changelogs/Changelog_1_1_0..cs using Guid(08be229f18d1b43f7a1bcf8db4bcb6f1) Importer(2089858483,b0f066a214c2f5e87bad3c948f4d605d) (ScriptedImporter) -> (artifact id: 'ad4ea7aff353db74834b491577555131') in 0.006472 seconds
Number of updated asset objects reloaded before import = 0Number of asset objects unloaded after import = 0

========================================================================
Received Import Request.
  Time since last request: 0.000126 seconds.
  path: Packages/com.unity.visualscripting/Runtime/VisualScripting.Flow/Framework/Nesting/GraphOutput.cs
  artifactKey: Guid(1e7022f31fb6241748cc2cb35bace5b6) Importer(2089858483,b0f066a214c2f5e87bad3c948f4d605d)
Start importing Packages/com.unity.visualscripting/Runtime/VisualScripting.Flow/Framework/Nesting/GraphOutput.cs using Guid(1e7022f31fb6241748cc2cb35bace5b6) Importer(2089858483,b0f066a214c2f5e87bad3c948f4d605d) (ScriptedImporter) -> (artifact id: '9ab250f8743f190d8a1d19f6ec0600ef') in 0.0080009 seconds
Number of updated asset objects reloaded before import = 0Number of asset objects unloaded after import = 0

========================================================================
Received Import Request.
  Time since last request: 0.000055 seconds.
  path: Packages/com.unity.visualscripting/Runtime/VisualScripting.Core/Variables/SceneVariables.cs
  artifactKey: Guid(765181c9ef4b24d32a4f7cbd2ef370dc) Importer(2089858483,b0f066a214c2f5e87bad3c948f4d605d)
Start importing Packages/com.unity.visualscripting/Runtime/VisualScripting.Core/Variables/SceneVariables.cs using Guid(765181c9ef4b24d32a4f7cbd2ef370dc) Importer(2089858483,b0f066a214c2f5e87bad3c948f4d605d) (ScriptedImporter) -> (artifact id: 'bad0d4d670959bd6a8f240d0814d0b54') in 0.0080277 seconds
Number of updated asset objects reloaded before import = 0Number of asset objects unloaded after import = 1

========================================================================
Received Import Request.
  Time since last request: 0.000017 seconds.
  path: Packages/com.unity.visualscripting/Editor/VisualScripting.Flow/Framework/Codebase/CreateStructOption.cs
  artifactKey: Guid(5f25afcb4762e4dad98e5b628f5f7730) Importer(2089858483,b0f066a214c2f5e87bad3c948f4d605d)
Start importing Packages/com.unity.visualscripting/Editor/VisualScripting.Flow/Framework/Codebase/CreateStructOption.cs using Guid(5f25afcb4762e4dad98e5b628f5f7730) Importer(2089858483,b0f066a214c2f5e87bad3c948f4d605d) (ScriptedImporter) -> (artifact id: 'f2f670fbf78ce383b486344b9685cd52') in 0.0063913 seconds
Number of updated asset objects reloaded before import = 0Number of asset objects unloaded after import = 0

========================================================================
Received Import Request.
  Time since last request: 0.000112 seconds.
  path: Packages/com.unity.timeline/Runtime/Unity.Timeline.asmdef
  artifactKey: Guid(f06555f75b070af458a003d92f9efb00) Importer(2089858483,b0f066a214c2f5e87bad3c948f4d605d)
Start importing Packages/com.unity.timeline/Runtime/Unity.Timeline.asmdef using Guid(f06555f75b070af458a003d92f9efb00) Importer(2089858483,b0f066a214c2f5e87bad3c948f4d605d) (ScriptedImporter) -> (artifact id: '9eabc4e31bc62b3460c40661dc0cd5a0') in 0.0060752 seconds
Number of updated asset objects reloaded before import = 0Number of asset objects unloaded after import = 1

========================================================================
Received Import Request.
  Time since last request: 0.000022 seconds.
  path: Packages/com.unity.visualscripting/Editor/VisualScripting.Flow/Framework/Codebase/CreateStructDescriptor.cs
  artifactKey: Guid(4eda0cc90c769438e8a22e872e15bf9a) Importer(2089858483,b0f066a214c2f5e87bad3c948f4d605d)
Start importing Packages/com.unity.visualscripting/Editor/VisualScripting.Flow/Framework/Codebase/CreateStructDescriptor.cs using Guid(4eda0cc90c769438e8a22e872e15bf9a) Importer(2089858483,b0f066a214c2f5e87bad3c948f4d605d) (ScriptedImporter) -> (artifact id: '221bb717027f04fa1d0d82c64446a090') in 0.008613 seconds
Number of updated asset objects reloaded before import = 0Number of asset objects unloaded after import = 0

========================================================================
Received Import Request.
  Time since last request: 0.000093 seconds.
  path: Packages/com.unity.timeline/Editor/Animation/AnimationOffsetMenu.cs
  artifactKey: Guid(9ace5095cc37ed849b52109d2ee305d4) Importer(2089858483,b0f066a214c2f5e87bad3c948f4d605d)
Start importing Packages/com.unity.timeline/Editor/Animation/AnimationOffsetMenu.cs using Guid(9ace5095cc37ed849b52109d2ee305d4) Importer(2089858483,b0f066a214c2f5e87bad3c948f4d605d) (ScriptedImporter) -> (artifact id: '96c9adaa624289732b3525a751a0c0c0') in 0.027494 seconds
Number of updated asset objects reloaded before import = 0Number of asset objects unloaded after import = 0

========================================================================
Received Import Request.
  Time since last request: 0.000171 seconds.
  path: Packages/com.unity.visualscripting/Runtime/VisualScripting.Core/Dependencies/FullSerializer/fsResult.cs
  artifactKey: Guid(8b8a5eaccadbf4f358099fed75053ea8) Importer(2089858483,b0f066a214c2f5e87bad3c948f4d605d)
Start importing Packages/com.unity.visualscripting/Runtime/VisualScripting.Core/Dependencies/FullSerializer/fsResult.cs using Guid(8b8a5eaccadbf4f358099fed75053ea8) Importer(2089858483,b0f066a214c2f5e87bad3c948f4d605d) (ScriptedImporter) -> (artifact id: '9a25ead8bb69167f31d7c968e5e36016') in 0.0061087 seconds
Number of updated asset objects reloaded before import = 0Number of asset objects unloaded after import = 0

========================================================================
Received Import Request.
  Time since last request: 0.000110 seconds.
  path: Packages/com.unity.timeline/Editor/Audio/AudioPlayableAssetEditor.cs
  artifactKey: Guid(74374298effb78d47b85450f7f724cef) Importer(2089858483,b0f066a214c2f5e87bad3c948f4d605d)
Start importing Packages/com.unity.timeline/Editor/Audio/AudioPlayableAssetEditor.cs using Guid(74374298effb78d47b85450f7f724cef) Importer(2089858483,b0f066a214c2f5e87bad3c948f4d605d) (ScriptedImporter) -> (artifact id: '326c1f7380e5673e3e8e2cc765960dd5') in 0.0064034 seconds
Number of updated asset objects reloaded before import = 0Number of asset objects unloaded after import = 0

========================================================================
Received Import Request.
  Time since last request: 0.000192 seconds.
  path: Packages/com.unity.visualscripting/Runtime/VisualScripting.Flow/Framework/Math/Vector3/Vector3Divide.cs
  artifactKey: Guid(15d3a609022674400b5e72b897a265de) Importer(2089858483,b0f066a214c2f5e87bad3c948f4d605d)
Start importing Packages/com.unity.visualscripting/Runtime/VisualScripting.Flow/Framework/Math/Vector3/Vector3Divide.cs using Guid(15d3a609022674400b5e72b897a265de) Importer(2089858483,b0f066a214c2f5e87bad3c948f4d605d) (ScriptedImporter) -> (artifact id: 'af6fb30ef3889f4272a2d79ebf516de1') in 0.0061435 seconds
Number of updated asset objects reloaded before import = 0Number of asset objects unloaded after import = 0

========================================================================
Received Import Request.
  Time since last request: 0.000148 seconds.
  path: Packages/com.unity.timeline/Editor/CustomEditors/TrackEditor.cs
  artifactKey: Guid(35cb34351b19cf44ba78afbd58746610) Importer(2089858483,b0f066a214c2f5e87bad3c948f4d605d)
Start importing Packages/com.unity.timeline/Editor/CustomEditors/TrackEditor.cs using Guid(35cb34351b19cf44ba78afbd58746610) Importer(2089858483,b0f066a214c2f5e87bad3c948f4d605d) (ScriptedImporter) -> (artifact id: 'd4d4efb608c360f5df69cb283e035993') in 0.0057399 seconds
Number of updated asset objects reloaded before import = 0Number of asset objects unloaded after import = 0

========================================================================
Received Import Request.
  Time since last request: 0.000019 seconds.
  path: Packages/com.unity.visualscripting/Runtime/VisualScripting.State/Units/StateGraphContainerType.cs
  artifactKey: Guid(b488efcb6f9324626a8970c660bb5d0c) Importer(2089858483,b0f066a214c2f5e87bad3c948f4d605d)
Start importing Packages/com.unity.visualscripting/Runtime/VisualScripting.State/Units/StateGraphContainerType.cs using Guid(b488efcb6f9324626a8970c660bb5d0c) Importer(2089858483,b0f066a214c2f5e87bad3c948f4d605d) (ScriptedImporter) -> (artifact id: 'bfdccd2c14b543ecc452a849eae5fbb8') in 0.0056692 seconds
Number of updated asset objects reloaded before import = 0Number of asset objects unloaded after import = 0

========================================================================
Received Import Request.
  Time since last request: 0.000080 seconds.
  path: Packages/com.unity.visualscripting/Editor/VisualScripting.Core/Plugin/Changelogs/LegacyLudiqGraphs/Changelog_1_0_0.cs
  artifactKey: Guid(88c617e7448984bd8bf8b0f44f886997) Importer(2089858483,b0f066a214c2f5e87bad3c948f4d605d)
Start importing Packages/com.unity.visualscripting/Editor/VisualScripting.Core/Plugin/Changelogs/LegacyLudiqGraphs/Changelog_1_0_0.cs using Guid(88c617e7448984bd8bf8b0f44f886997) Importer(2089858483,b0f066a214c2f5e87bad3c948f4d605d) (ScriptedImporter) -> (artifact id: 'dbb3067119408eb57a6b14a64b935149') in 0.006899 seconds
Number of updated asset objects reloaded before import = 0Number of asset objects unloaded after import = 0

========================================================================
Received Import Request.
  Time since last request: 0.000035 seconds.
  path: Packages/com.unity.visualscripting/Runtime/VisualScripting.Flow/Dependencies/NCalc/Unity.VisualScripting.Antlr3.Runtime.dll
  artifactKey: Guid(f9e773f6742c84fa28f8820bd00cce30) Importer(2089858483,b0f066a214c2f5e87bad3c948f4d605d)
Start importing Packages/com.unity.visualscripting/Runtime/VisualScripting.Flow/Dependencies/NCalc/Unity.VisualScripting.Antlr3.Runtime.dll using Guid(f9e773f6742c84fa28f8820bd00cce30) Importer(2089858483,b0f066a214c2f5e87bad3c948f4d605d) (ScriptedImporter) -> (artifact id: '26940da1ea366165624ee8c804a3fa41') in 0.0071167 seconds
Number of updated asset objects reloaded before import = 0Number of asset objects unloaded after import = 0

========================================================================
Received Import Request.
  Time since last request: 0.000046 seconds.
  path: Packages/com.unity.visualscripting/Editor/VisualScripting.Flow/Framework/Codebase/SetMemberOption.cs
  artifactKey: Guid(ec01c3e522a8243d49d3b709fbefa311) Importer(2089858483,b0f066a214c2f5e87bad3c948f4d605d)
Start importing Packages/com.unity.visualscripting/Editor/VisualScripting.Flow/Framework/Codebase/SetMemberOption.cs using Guid(ec01c3e522a8243d49d3b709fbefa311) Importer(2089858483,b0f066a214c2f5e87bad3c948f4d605d) (ScriptedImporter) -> (artifact id: '976f73fbda8085b8b2823bf87f645df3') in 0.0061771 seconds
Number of updated asset objects reloaded before import = 0Number of asset objects unloaded after import = 0

========================================================================
Received Import Request.
  Time since last request: 0.000085 seconds.
  path: Packages/com.unity.timeline/Editor/Localization/Localization.cs
  artifactKey: Guid(52d9cbed2cc0d4faab5168848d1f2e37) Importer(2089858483,b0f066a214c2f5e87bad3c948f4d605d)
Start importing Packages/com.unity.timeline/Editor/Localization/Localization.cs using Guid(52d9cbed2cc0d4faab5168848d1f2e37) Importer(2089858483,b0f066a214c2f5e87bad3c948f4d605d) (ScriptedImporter) -> (artifact id: '71426f627dbea3dba228e8aaddaa7bbf') in 0.0056301 seconds
Number of updated asset objects reloaded before import = 0Number of asset objects unloaded after import = 0

========================================================================
Received Import Request.
  Time since last request: 0.000035 seconds.
  path: Packages/com.unity.visualscripting/Editor/VisualScripting.Core/Interface/Icons/IconSize.cs
  artifactKey: Guid(c4e04ee1b2a064abfbdb4ab9e4b744ce) Importer(2089858483,b0f066a214c2f5e87bad3c948f4d605d)
Start importing Packages/com.unity.visualscripting/Editor/VisualScripting.Core/Interface/Icons/IconSize.cs using Guid(c4e04ee1b2a064abfbdb4ab9e4b744ce) Importer(2089858483,b0f066a214c2f5e87bad3c948f4d605d) (ScriptedImporter) -> (artifact id: '59ee24aa6bb369e6650791a1d1dc2ea4') in 0.0053118 seconds
Number of updated asset objects reloaded before import = 0Number of asset objects unloaded after import = 0

========================================================================
Received Import Request.
  Time since last request: 0.000088 seconds.
  path: Packages/com.unity.visualscripting/Runtime/VisualScripting.Flow/Framework/Variables/Obsolete/SetVariableUnit.cs
  artifactKey: Guid(2204277c69e504885b4b384a1d27e120) Importer(2089858483,b0f066a214c2f5e87bad3c948f4d605d)
Start importing Packages/com.unity.visualscripting/Runtime/VisualScripting.Flow/Framework/Variables/Obsolete/SetVariableUnit.cs using Guid(2204277c69e504885b4b384a1d27e120) Importer(2089858483,b0f066a214c2f5e87bad3c948f4d605d) (ScriptedImporter) -> (artifact id: '56dd8180daa17115f18d8cca35688800') in 0.0066532 seconds
Number of updated asset objects reloaded before import = 0Number of asset objects unloaded after import = 0

========================================================================
Received Import Request.
  Time since last request: 0.000133 seconds.
  path: Packages/com.unity.visualscripting/Runtime/VisualScripting.Flow/Framework/Events/Hierarchy/OnTransformChildrenChanged.cs
  artifactKey: Guid(9c2590fcaf8284fd4a2f8de1abcf3021) Importer(2089858483,b0f066a214c2f5e87bad3c948f4d605d)
Start importing Packages/com.unity.visualscripting/Runtime/VisualScripting.Flow/Framework/Events/Hierarchy/OnTransformChildrenChanged.cs using Guid(9c2590fcaf8284fd4a2f8de1abcf3021) Importer(2089858483,b0f066a214c2f5e87bad3c948f4d605d) (ScriptedImporter) -> (artifact id: '5a3bb9ca1812efcfcfc5da9e9f2295d9') in 0.0072571 seconds
Number of updated asset objects reloaded before import = 0Number of asset objects unloaded after import = 0

========================================================================
Received Import Request.
  Time since last request: 0.000077 seconds.
  path: Packages/com.unity.visualscripting/Editor/VisualScripting.Core/Windows/UpdateWizard/UpdateBackupPage.cs
  artifactKey: Guid(864d86c69db0b4ea58f2cce27af5efc5) Importer(2089858483,b0f066a214c2f5e87bad3c948f4d605d)
Start importing Packages/com.unity.visualscripting/Editor/VisualScripting.Core/Windows/UpdateWizard/UpdateBackupPage.cs using Guid(864d86c69db0b4ea58f2cce27af5efc5) Importer(2089858483,b0f066a214c2f5e87bad3c948f4d605d) (ScriptedImporter) -> (artifact id: '964f5651cc1e0cd3a888d65609290d70') in 0.0056672 seconds
Number of updated asset objects reloaded before import = 0Number of asset objects unloaded after import = 0

========================================================================
Received Import Request.
  Time since last request: 0.000115 seconds.
  path: Packages/com.unity.visualscripting/Runtime/VisualScripting.Core/Utilities/ReferenceCollector.cs
  artifactKey: Guid(6641aaf2964f14d2ca96abe794c52929) Importer(2089858483,b0f066a214c2f5e87bad3c948f4d605d)
Start importing Packages/com.unity.visualscripting/Runtime/VisualScripting.Core/Utilities/ReferenceCollector.cs using Guid(6641aaf2964f14d2ca96abe794c52929) Importer(2089858483,b0f066a214c2f5e87bad3c948f4d605d) (ScriptedImporter) -> (artifact id: '09ae7c7647c79db699545915af8a3a70') in 0.0063721 seconds
Number of updated asset objects reloaded before import = 0Number of asset objects unloaded after import = 0

========================================================================
Received Import Request.
  Time since last request: 0.000081 seconds.
  path: Packages/com.unity.visualscripting/Runtime/VisualScripting.Flow/Framework/Events/GUI/OnSubmit.cs
  artifactKey: Guid(53b84e2c33f614e819d1917fbf0c6230) Importer(2089858483,b0f066a214c2f5e87bad3c948f4d605d)
Start importing Packages/com.unity.visualscripting/Runtime/VisualScripting.Flow/Framework/Events/GUI/OnSubmit.cs using Guid(53b84e2c33f614e819d1917fbf0c6230) Importer(2089858483,b0f066a214c2f5e87bad3c948f4d605d) (ScriptedImporter) -> (artifact id: '183b7c32a75e12353f4be6c020cb5de7') in 0.006165 seconds
Number of updated asset objects reloaded before import = 0Number of asset objects unloaded after import = 0

========================================================================
Received Import Request.
  Time since last request: 0.000043 seconds.
  path: Packages/com.unity.visualscripting/Editor/VisualScripting.Core/Plugin/Changelogs/LegacyLudiqGraphs/Changelog_1_4_0.cs
  artifactKey: Guid(a28779cb0a23d45e99974cbfa752905c) Importer(2089858483,b0f066a214c2f5e87bad3c948f4d605d)
Start importing Packages/com.unity.visualscripting/Editor/VisualScripting.Core/Plugin/Changelogs/LegacyLudiqGraphs/Changelog_1_4_0.cs using Guid(a28779cb0a23d45e99974cbfa752905c) Importer(2089858483,b0f066a214c2f5e87bad3c948f4d605d) (ScriptedImporter) -> (artifact id: '347e2fb2c2564121d0f7412e5d8e9ab9') in 0.0054208 seconds
Number of updated asset objects reloaded before import = 0Number of asset objects unloaded after import = 0

========================================================================
Received Import Request.
  Time since last request: 0.000173 seconds.
  path: Packages/com.unity.visualscripting/Editor/VisualScripting.Core/Plugin/Migrations/Migration_1_4_5_to_1_4_6.cs
  artifactKey: Guid(2ed16725e340b4df2b34729d800f140c) Importer(2089858483,b0f066a214c2f5e87bad3c948f4d605d)
Start importing Packages/com.unity.visualscripting/Editor/VisualScripting.Core/Plugin/Migrations/Migration_1_4_5_to_1_4_6.cs using Guid(2ed16725e340b4df2b34729d800f140c) Importer(2089858483,b0f066a214c2f5e87bad3c948f4d605d) (ScriptedImporter) -> (artifact id: '451e58846a5e8ca15c73341f00f273b8') in 0.0062113 seconds
Number of updated asset objects reloaded before import = 0Number of asset objects unloaded after import = 0

========================================================================
Received Import Request.
  Time since last request: 0.000078 seconds.
  path: Packages/com.unity.visualscripting/Runtime/VisualScripting.Flow/Framework/Control/Cache.cs
  artifactKey: Guid(25116eac09c45452aa611bfda069d229) Importer(2089858483,b0f066a214c2f5e87bad3c948f4d605d)
Start importing Packages/com.unity.visualscripting/Runtime/VisualScripting.Flow/Framework/Control/Cache.cs using Guid(25116eac09c45452aa611bfda069d229) Importer(2089858483,b0f066a214c2f5e87bad3c948f4d605d) (ScriptedImporter) -> (artifact id: '6569bd2b4e2a5b39951af60740c517e9') in 0.005544 seconds
Number of updated asset objects reloaded before import = 0Number of asset objects unloaded after import = 0

========================================================================
Received Import Request.
  Time since last request: 0.000083 seconds.
  path: Packages/com.unity.visualscripting/Runtime/VisualScripting.Flow/Framework/Math/Vector4/Vector4Round.cs
  artifactKey: Guid(382ed71bc0e824afcaf35f90d9deaecd) Importer(2089858483,b0f066a214c2f5e87bad3c948f4d605d)
Start importing Packages/com.unity.visualscripting/Runtime/VisualScripting.Flow/Framework/Math/Vector4/Vector4Round.cs using Guid(382ed71bc0e824afcaf35f90d9deaecd) Importer(2089858483,b0f066a214c2f5e87bad3c948f4d605d) (ScriptedImporter) -> (artifact id: '2abd9626781ec36fa3d702a96e42554b') in 0.0053518 seconds
Number of updated asset objects reloaded before import = 0Number of asset objects unloaded after import = 0

========================================================================
Received Import Request.
  Time since last request: 0.000125 seconds.
  path: Packages/com.unity.visualscripting/Runtime/VisualScripting.Flow/Ports/IUnitValuePort.cs
  artifactKey: Guid(5d3f06806b31e482b9cf45fc97d29fcb) Importer(2089858483,b0f066a214c2f5e87bad3c948f4d605d)
Start importing Packages/com.unity.visualscripting/Runtime/VisualScripting.Flow/Ports/IUnitValuePort.cs using Guid(5d3f06806b31e482b9cf45fc97d29fcb) Importer(2089858483,b0f066a214c2f5e87bad3c948f4d605d) (ScriptedImporter) -> (artifact id: '0beeac81a72365d9a87250197ff0171f') in 0.0065837 seconds
Number of updated asset objects reloaded before import = 0Number of asset objects unloaded after import = 0

========================================================================
Received Import Request.
  Time since last request: 0.000053 seconds.
  path: Packages/com.unity.visualscripting/Runtime/VisualScripting.Flow/Framework/Events/Input/OnMouseDrag.cs
  artifactKey: Guid(43c149e9c671c4f6b96609c75ffbf503) Importer(2089858483,b0f066a214c2f5e87bad3c948f4d605d)
Start importing Packages/com.unity.visualscripting/Runtime/VisualScripting.Flow/Framework/Events/Input/OnMouseDrag.cs using Guid(43c149e9c671c4f6b96609c75ffbf503) Importer(2089858483,b0f066a214c2f5e87bad3c948f4d605d) (ScriptedImporter) -> (artifact id: 'd82b78dc3dc6f9c35962411637742128') in 0.0056337 seconds
Number of updated asset objects reloaded before import = 0Number of asset objects unloaded after import = 0

========================================================================
Received Import Request.
  Time since last request: 0.000084 seconds.
  path: Packages/com.unity.visualscripting/Runtime/VisualScripting.Core/Unity/MacroScriptableObject.cs
  artifactKey: Guid(5510687ee5c3845e3915224bb868c9f2) Importer(2089858483,b0f066a214c2f5e87bad3c948f4d605d)
Start importing Packages/com.unity.visualscripting/Runtime/VisualScripting.Core/Unity/MacroScriptableObject.cs using Guid(5510687ee5c3845e3915224bb868c9f2) Importer(2089858483,b0f066a214c2f5e87bad3c948f4d605d) (ScriptedImporter) -> (artifact id: '26d7202908ee87c7ab903f352f6d3638') in 0.0064326 seconds
Number of updated asset objects reloaded before import = 0Number of asset objects unloaded after import = 0

========================================================================
Received Import Request.
  Time since last request: 0.000063 seconds.
  path: Packages/com.unity.visualscripting/Runtime/VisualScripting.Core/Listeners/UI/UnityOnScrollbarValueChangedMessageListener.cs
  artifactKey: Guid(da2557a16d954a8194c9dfb15e52a21d) Importer(2089858483,b0f066a214c2f5e87bad3c948f4d605d)
Start importing Packages/com.unity.visualscripting/Runtime/VisualScripting.Core/Listeners/UI/UnityOnScrollbarValueChangedMessageListener.cs using Guid(da2557a16d954a8194c9dfb15e52a21d) Importer(2089858483,b0f066a214c2f5e87bad3c948f4d605d) (ScriptedImporter) -> (artifact id: 'f8e4bfc3963c24fa19ae64372ead1674') in 0.0074125 seconds
Number of updated asset objects reloaded before import = 0Number of asset objects unloaded after import = 0

========================================================================
Received Import Request.
  Time since last request: 0.000053 seconds.
  path: Packages/com.unity.visualscripting/Runtime/VisualScripting.Flow/Framework/Math/MoveTowards.cs
  artifactKey: Guid(b821313717eb047e5a54728b020594af) Importer(2089858483,b0f066a214c2f5e87bad3c948f4d605d)
Start importing Packages/com.unity.visualscripting/Runtime/VisualScripting.Flow/Framework/Math/MoveTowards.cs using Guid(b821313717eb047e5a54728b020594af) Importer(2089858483,b0f066a214c2f5e87bad3c948f4d605d) (ScriptedImporter) -> (artifact id: 'b0b287068e9c3fbcc1a31912eb83ac0a') in 0.0058301 seconds
Number of updated asset objects reloaded before import = 0Number of asset objects unloaded after import = 0

========================================================================
Received Import Request.
  Time since last request: 0.000064 seconds.
  path: Packages/com.unity.visualscripting/Runtime/VisualScripting.Flow/Connections/IUnitRelation.cs
  artifactKey: Guid(20177830b472f40faa7374d0861ddad0) Importer(2089858483,b0f066a214c2f5e87bad3c948f4d605d)
Start importing Packages/com.unity.visualscripting/Runtime/VisualScripting.Flow/Connections/IUnitRelation.cs using Guid(20177830b472f40faa7374d0861ddad0) Importer(2089858483,b0f066a214c2f5e87bad3c948f4d605d) (ScriptedImporter) -> (artifact id: '1c0220940cf471275d974a8e614d18a2') in 0.0054473 seconds
Number of updated asset objects reloaded before import = 0Number of asset objects unloaded after import = 0

========================================================================
Received Import Request.
  Time since last request: 0.000095 seconds.
  path: Packages/com.unity.timeline/Editor/CustomEditors/ClipEditor.cs
  artifactKey: Guid(2537ddddebaa455409dec422eb08fd7e) Importer(2089858483,b0f066a214c2f5e87bad3c948f4d605d)
Start importing Packages/com.unity.timeline/Editor/CustomEditors/ClipEditor.cs using Guid(2537ddddebaa455409dec422eb08fd7e) Importer(2089858483,b0f066a214c2f5e87bad3c948f4d605d) (ScriptedImporter) -> (artifact id: '6b4d72a7b0e45a55a8f0e753aa910dfa') in 0.0064136 seconds
Number of updated asset objects reloaded before import = 0Number of asset objects unloaded after import = 0

========================================================================
Received Import Request.
  Time since last request: 0.000099 seconds.
  path: Packages/com.unity.visualscripting/Editor/VisualScripting.Core/Inspection/Special/ReflectedInspector.cs
  artifactKey: Guid(6e74deccaa2a24680b5734ca4ce92f8a) Importer(2089858483,b0f066a214c2f5e87bad3c948f4d605d)
Start importing Packages/com.unity.visualscripting/Editor/VisualScripting.Core/Inspection/Special/ReflectedInspector.cs using Guid(6e74deccaa2a24680b5734ca4ce92f8a) Importer(2089858483,b0f066a214c2f5e87bad3c948f4d605d) (ScriptedImporter) -> (artifact id: 'e80ed487f28028075938d8971b46d776') in 0.0067854 seconds
Number of updated asset objects reloaded before import = 0Number of asset objects unloaded after import = 0

========================================================================
Received Import Request.
  Time since last request: 0.000094 seconds.
  path: Packages/com.unity.visualscripting/Editor/VisualScripting.Core/Interface/DragAndDrop/IDragAndDropHandler.cs
  artifactKey: Guid(fac855c584e6543fd9c9e5b09d9012a3) Importer(2089858483,b0f066a214c2f5e87bad3c948f4d605d)
Start importing Packages/com.unity.visualscripting/Editor/VisualScripting.Core/Interface/DragAndDrop/IDragAndDropHandler.cs using Guid(fac855c584e6543fd9c9e5b09d9012a3) Importer(2089858483,b0f066a214c2f5e87bad3c948f4d605d) (ScriptedImporter) -> (artifact id: '6f043f3ea864684fefa214ff66b77181') in 0.00686 seconds
Number of updated asset objects reloaded before import = 0Number of asset objects unloaded after import = 0

========================================================================
Received Import Request.
  Time since last request: 0.000123 seconds.
  path: Packages/com.unity.visualscripting/Runtime/VisualScripting.Flow/Connections/IUnitConnection.cs
  artifactKey: Guid(dc809ec21d2bf44b983265840a5ed2f4) Importer(2089858483,b0f066a214c2f5e87bad3c948f4d605d)
Start importing Packages/com.unity.visualscripting/Runtime/VisualScripting.Flow/Connections/IUnitConnection.cs using Guid(dc809ec21d2bf44b983265840a5ed2f4) Importer(2089858483,b0f066a214c2f5e87bad3c948f4d605d) (ScriptedImporter) -> (artifact id: '5810c94bfc39993ab255f3ab72cbf031') in 0.0062948 seconds
Number of updated asset objects reloaded before import = 0Number of asset objects unloaded after import = 0

========================================================================
Received Import Request.
  Time since last request: 0.000064 seconds.
  path: Packages/com.unity.visualscripting/Runtime/VisualScripting.Core/Listeners/MonoBehaviour/UnityOnCollisionExit2DMessageListener.cs
  artifactKey: Guid(ec726b0fd1614658817fda6edfc15b69) Importer(2089858483,b0f066a214c2f5e87bad3c948f4d605d)
Start importing Packages/com.unity.visualscripting/Runtime/VisualScripting.Core/Listeners/MonoBehaviour/UnityOnCollisionExit2DMessageListener.cs using Guid(ec726b0fd1614658817fda6edfc15b69) Importer(2089858483,b0f066a214c2f5e87bad3c948f4d605d) (ScriptedImporter) -> (artifact id: 'bd7cb4b4618911c1128dc77c8ffb00f1') in 0.0069593 seconds
Number of updated asset objects reloaded before import = 0Number of asset objects unloaded after import = 0

========================================================================
Received Import Request.
  Time since last request: 0.000045 seconds.
  path: Packages/com.unity.visualscripting/Runtime/VisualScripting.Flow/Framework/Math/Generic/GenericModulo.cs
  artifactKey: Guid(e0c6067d02e96482bb3220423798537c) Importer(2089858483,b0f066a214c2f5e87bad3c948f4d605d)
Start importing Packages/com.unity.visualscripting/Runtime/VisualScripting.Flow/Framework/Math/Generic/GenericModulo.cs using Guid(e0c6067d02e96482bb3220423798537c) Importer(2089858483,b0f066a214c2f5e87bad3c948f4d605d) (ScriptedImporter) -> (artifact id: 'a49b402fb6b131f1cc153b5fd802891f') in 0.0070593 seconds
Number of updated asset objects reloaded before import = 0Number of asset objects unloaded after import = 0

========================================================================
Received Import Request.
  Time since last request: 0.000041 seconds.
  path: Packages/com.unity.timeline/Editor/State/SequencePath.cs
  artifactKey: Guid(d1207768d96c479488b6b81f3483e0c1) Importer(2089858483,b0f066a214c2f5e87bad3c948f4d605d)
Start importing Packages/com.unity.timeline/Editor/State/SequencePath.cs using Guid(d1207768d96c479488b6b81f3483e0c1) Importer(2089858483,b0f066a214c2f5e87bad3c948f4d605d) (ScriptedImporter) -> (artifact id: 'f6eff31c01568f40e3293f65410862a0') in 0.0097723 seconds
Number of updated asset objects reloaded before import = 0Number of asset objects unloaded after import = 0

========================================================================
Received Import Request.
  Time since last request: 0.000104 seconds.
  path: Packages/com.unity.visualscripting/Runtime/VisualScripting.Flow/Framework/Events/GUI/OnMove.cs
  artifactKey: Guid(2a27e2d609de84c398a54131860c6a4c) Importer(2089858483,b0f066a214c2f5e87bad3c948f4d605d)
Start importing Packages/com.unity.visualscripting/Runtime/VisualScripting.Flow/Framework/Events/GUI/OnMove.cs using Guid(2a27e2d609de84c398a54131860c6a4c) Importer(2089858483,b0f066a214c2f5e87bad3c948f4d605d) (ScriptedImporter) -> (artifact id: '26448d123f58539375a9ff833edce8ae') in 0.0058466 seconds
Number of updated asset objects reloaded before import = 0Number of asset objects unloaded after import = 0

========================================================================
Received Import Request.
  Time since last request: 0.000069 seconds.
  path: Packages/com.unity.visualscripting/Runtime/VisualScripting.Core/Utilities/RuntimeVSUsageUtility.cs
  artifactKey: Guid(b96eb9aabc64402bafabc13dfcfbc1ad) Importer(2089858483,b0f066a214c2f5e87bad3c948f4d605d)
Start importing Packages/com.unity.visualscripting/Runtime/VisualScripting.Core/Utilities/RuntimeVSUsageUtility.cs using Guid(b96eb9aabc64402bafabc13dfcfbc1ad) Importer(2089858483,b0f066a214c2f5e87bad3c948f4d605d) (ScriptedImporter) -> (artifact id: 'c54993438c47332e29cfac091cdf2bbd') in 0.0054634 seconds
Number of updated asset objects reloaded before import = 0Number of asset objects unloaded after import = 0

========================================================================
Received Import Request.
  Time since last request: 0.000053 seconds.
  path: Packages/com.unity.visualscripting/Editor/VisualScripting.Flow/Framework/Variables/Obsolete/SetVariableUnitOption.cs
  artifactKey: Guid(61be118634d734d7298484c1415d484f) Importer(2089858483,b0f066a214c2f5e87bad3c948f4d605d)
Start importing Packages/com.unity.visualscripting/Editor/VisualScripting.Flow/Framework/Variables/Obsolete/SetVariableUnitOption.cs using Guid(61be118634d734d7298484c1415d484f) Importer(2089858483,b0f066a214c2f5e87bad3c948f4d605d) (ScriptedImporter) -> (artifact id: 'f732c499fe4432f320d3eee4408e8f93') in 0.0061504 seconds
Number of updated asset objects reloaded before import = 0Number of asset objects unloaded after import = 0

========================================================================
Received Import Request.
  Time since last request: 0.000135 seconds.
  path: Packages/com.unity.visualscripting/Runtime/VisualScripting.Flow/Framework/Logic/ApproximatelyEqual.cs
  artifactKey: Guid(e6845fb1b3e234ec3a032ba6e14b7e85) Importer(2089858483,b0f066a214c2f5e87bad3c948f4d605d)
Start importing Packages/com.unity.visualscripting/Runtime/VisualScripting.Flow/Framework/Logic/ApproximatelyEqual.cs using Guid(e6845fb1b3e234ec3a032ba6e14b7e85) Importer(2089858483,b0f066a214c2f5e87bad3c948f4d605d) (ScriptedImporter) -> (artifact id: '5aea57cc6c411352dec064b796437fbe') in 0.0061206 seconds
Number of updated asset objects reloaded before import = 0Number of asset objects unloaded after import = 0

========================================================================
Received Import Request.
  Time since last request: 0.000097 seconds.
  path: Packages/com.unity.visualscripting/Runtime/VisualScripting.Flow/Framework/Control/Once.cs
  artifactKey: Guid(ce34cee84b3684ac990325bd89f87e2d) Importer(2089858483,b0f066a214c2f5e87bad3c948f4d605d)
Start importing Packages/com.unity.visualscripting/Runtime/VisualScripting.Flow/Framework/Control/Once.cs using Guid(ce34cee84b3684ac990325bd89f87e2d) Importer(2089858483,b0f066a214c2f5e87bad3c948f4d605d) (ScriptedImporter) -> (artifact id: 'd702db6c3faf7c3d8882eabe1c20734d') in 0.006593 seconds
Number of updated asset objects reloaded before import = 0Number of asset objects unloaded after import = 0

========================================================================
Received Import Request.
  Time since last request: 0.000023 seconds.
  path: Packages/com.unity.visualscripting/Editor/VisualScripting.Flow/Framework/Variables/Obsolete/IsVariableDefinedUnitOption.cs
  artifactKey: Guid(ad616a949437546f69bf983d1694c021) Importer(2089858483,b0f066a214c2f5e87bad3c948f4d605d)
Start importing Packages/com.unity.visualscripting/Editor/VisualScripting.Flow/Framework/Variables/Obsolete/IsVariableDefinedUnitOption.cs using Guid(ad616a949437546f69bf983d1694c021) Importer(2089858483,b0f066a214c2f5e87bad3c948f4d605d) (ScriptedImporter) -> (artifact id: '954d932bd37ba5a0b0898cb6e5438751') in 0.0065312 seconds
Number of updated asset objects reloaded before import = 0Number of asset objects unloaded after import = 0

========================================================================
Received Import Request.
  Time since last request: 0.000096 seconds.
  path: Packages/com.unity.visualscripting/Runtime/VisualScripting.Core/Listeners/UI/UnityOnDropdownValueChangedMessageListener.cs
  artifactKey: Guid(6f74fcfae4c849879f19488dcf898594) Importer(2089858483,b0f066a214c2f5e87bad3c948f4d605d)
Start importing Packages/com.unity.visualscripting/Runtime/VisualScripting.Core/Listeners/UI/UnityOnDropdownValueChangedMessageListener.cs using Guid(6f74fcfae4c849879f19488dcf898594) Importer(2089858483,b0f066a214c2f5e87bad3c948f4d605d) (ScriptedImporter) -> (artifact id: 'c27ee9fd48637e4f59e31f5f26079aee') in 0.0069403 seconds
Number of updated asset objects reloaded before import = 0Number of asset objects unloaded after import = 0

========================================================================
Received Import Request.
  Time since last request: 0.000098 seconds.
  path: Packages/com.unity.timeline/Editor/Attributes/ShortcutAttribute.cs
  artifactKey: Guid(c50a694a8232898498c1cdd47ce9873f) Importer(2089858483,b0f066a214c2f5e87bad3c948f4d605d)
Start importing Packages/com.unity.timeline/Editor/Attributes/ShortcutAttribute.cs using Guid(c50a694a8232898498c1cdd47ce9873f) Importer(2089858483,b0f066a214c2f5e87bad3c948f4d605d) (ScriptedImporter) -> (artifact id: '752ac757e402c78e9ce26cbd88b391a5') in 0.0084959 seconds
Number of updated asset objects reloaded before import = 0Number of asset objects unloaded after import = 0

========================================================================
Received Import Request.
  Time since last request: 0.000185 seconds.
  path: Packages/com.unity.visualscripting/Runtime/VisualScripting.Flow/Framework/Math/Vector3/Vector3Lerp.cs
  artifactKey: Guid(f9f2286b8c9244c3b855f2abe9f244ba) Importer(2089858483,b0f066a214c2f5e87bad3c948f4d605d)
Start importing Packages/com.unity.visualscripting/Runtime/VisualScripting.Flow/Framework/Math/Vector3/Vector3Lerp.cs using Guid(f9f2286b8c9244c3b855f2abe9f244ba) Importer(2089858483,b0f066a214c2f5e87bad3c948f4d605d) (ScriptedImporter) -> (artifact id: '3f0eca8ec81068b62ea69ae326bb1676') in 0.006546 seconds
Number of updated asset objects reloaded before import = 0Number of asset objects unloaded after import = 0

========================================================================
Received Import Request.
  Time since last request: 0.000097 seconds.
  path: Packages/com.unity.timeline/Editor/Actions/ClipsActions.cs
  artifactKey: Guid(4b721099b5d509d4093e516f59ad9ad6) Importer(2089858483,b0f066a214c2f5e87bad3c948f4d605d)
Start importing Packages/com.unity.timeline/Editor/Actions/ClipsActions.cs using Guid(4b721099b5d509d4093e516f59ad9ad6) Importer(2089858483,b0f066a214c2f5e87bad3c948f4d605d) (ScriptedImporter) -> (artifact id: 'a07c2963ee599fa41caca472bcdd4cac') in 0.0077551 seconds
Number of updated asset objects reloaded before import = 0Number of asset objects unloaded after import = 0

========================================================================
Received Import Request.
  Time since last request: 0.000065 seconds.
  path: Packages/com.unity.timeline/CHANGELOG.md
  artifactKey: Guid(4a0757ee0236f39489520769ae710288) Importer(2089858483,b0f066a214c2f5e87bad3c948f4d605d)
Start importing Packages/com.unity.timeline/CHANGELOG.md using Guid(4a0757ee0236f39489520769ae710288) Importer(2089858483,b0f066a214c2f5e87bad3c948f4d605d) (ScriptedImporter) -> (artifact id: '6002b0f80d29cce385aa2e2c88b40a5b') in 0.0073721 seconds
Number of updated asset objects reloaded before import = 0Number of asset objects unloaded after import = 1

========================================================================
Received Import Request.
  Time since last request: 0.000057 seconds.
  path: Packages/com.unity.visualscripting/Editor/VisualScripting.Flow/Framework/Nesting/NesterUnitOption.cs
  artifactKey: Guid(03ffbe4749f4844648417d734d61d520) Importer(2089858483,b0f066a214c2f5e87bad3c948f4d605d)
Start importing Packages/com.unity.visualscripting/Editor/VisualScripting.Flow/Framework/Nesting/NesterUnitOption.cs using Guid(03ffbe4749f4844648417d734d61d520) Importer(2089858483,b0f066a214c2f5e87bad3c948f4d605d) (ScriptedImporter) -> (artifact id: '661b209f86581ec9d1b4b8ecf75d9bf8') in 0.0070675 seconds
Number of updated asset objects reloaded before import = 0Number of asset objects unloaded after import = 0

========================================================================
Received Import Request.
  Time since last request: 0.000126 seconds.
  path: Packages/com.unity.visualscripting/Runtime/VisualScripting.Flow/Ports/IUnitControlPortDefinition.cs
  artifactKey: Guid(80f1beca4f65e4c2f8ca6030e735149a) Importer(2089858483,b0f066a214c2f5e87bad3c948f4d605d)
Start importing Packages/com.unity.visualscripting/Runtime/VisualScripting.Flow/Ports/IUnitControlPortDefinition.cs using Guid(80f1beca4f65e4c2f8ca6030e735149a) Importer(2089858483,b0f066a214c2f5e87bad3c948f4d605d) (ScriptedImporter) -> (artifact id: 'ede5d249af1a9ac23beac99475b34fda') in 0.0061574 seconds
Number of updated asset objects reloaded before import = 0Number of asset objects unloaded after import = 0

========================================================================
Received Import Request.
  Time since last request: 0.000075 seconds.
  path: Packages/com.unity.visualscripting/Editor/VisualScripting.Flow/Framework/Control/SwitchOnStringDescriptor.cs
  artifactKey: Guid(308bba4415a32497eac134cb5c638acc) Importer(2089858483,b0f066a214c2f5e87bad3c948f4d605d)
Start importing Packages/com.unity.visualscripting/Editor/VisualScripting.Flow/Framework/Control/SwitchOnStringDescriptor.cs using Guid(308bba4415a32497eac134cb5c638acc) Importer(2089858483,b0f066a214c2f5e87bad3c948f4d605d) (ScriptedImporter) -> (artifact id: 'c8e7eae63b3dde9f9f6dbe733477cfe9') in 0.0062023 seconds
Number of updated asset objects reloaded before import = 0Number of asset objects unloaded after import = 0

========================================================================
Received Import Request.
  Time since last request: 0.000114 seconds.
  path: Packages/com.unity.visualscripting/Runtime/VisualScripting.Flow/Framework/Events/Input/OnMouseEnter.cs
  artifactKey: Guid(cfcb9515328904f638aa187b04404c6c) Importer(2089858483,b0f066a214c2f5e87bad3c948f4d605d)
Start importing Packages/com.unity.visualscripting/Runtime/VisualScripting.Flow/Framework/Events/Input/OnMouseEnter.cs using Guid(cfcb9515328904f638aa187b04404c6c) Importer(2089858483,b0f066a214c2f5e87bad3c948f4d605d) (ScriptedImporter) -> (artifact id: '8941b6f9b20ec725f7fc0587da6d1021') in 0.006575 seconds
Number of updated asset objects reloaded before import = 0Number of asset objects unloaded after import = 0

========================================================================
Received Import Request.
  Time since last request: 0.000091 seconds.
  path: Packages/com.unity.visualscripting/Editor/VisualScripting.Flow/Framework/Variables/UnifiedVariableUnitWidget.cs
  artifactKey: Guid(b586d76e38d834ff69f0f2ebb64cb0d0) Importer(2089858483,b0f066a214c2f5e87bad3c948f4d605d)
Start importing Packages/com.unity.visualscripting/Editor/VisualScripting.Flow/Framework/Variables/UnifiedVariableUnitWidget.cs using Guid(b586d76e38d834ff69f0f2ebb64cb0d0) Importer(2089858483,b0f066a214c2f5e87bad3c948f4d605d) (ScriptedImporter) -> (artifact id: '2da9d49121bd67f5190ee7ea5a1eb932') in 0.0069955 seconds
Number of updated asset objects reloaded before import = 0Number of asset objects unloaded after import = 0

========================================================================
Received Import Request.
  Time since last request: 0.000094 seconds.
  path: Packages/com.unity.visualscripting/Runtime/VisualScripting.Flow/Framework/Math/Vector4/Vector4PerSecond.cs
  artifactKey: Guid(df00c99de947d4266aad40a0136a1034) Importer(2089858483,b0f066a214c2f5e87bad3c948f4d605d)
Start importing Packages/com.unity.visualscripting/Runtime/VisualScripting.Flow/Framework/Math/Vector4/Vector4PerSecond.cs using Guid(df00c99de947d4266aad40a0136a1034) Importer(2089858483,b0f066a214c2f5e87bad3c948f4d605d) (ScriptedImporter) -> (artifact id: '7e4052444135c9a34c8679fcc7df29ec') in 0.0070373 seconds
Number of updated asset objects reloaded before import = 0Number of asset objects unloaded after import = 0

========================================================================
Received Import Request.
  Time since last request: 0.000125 seconds.
  path: Packages/com.unity.visualscripting/Runtime/VisualScripting.Flow/Framework/Events/Input/OnMouseUp.cs
  artifactKey: Guid(8cfbad04217e44fc0b2657e7de230c11) Importer(2089858483,b0f066a214c2f5e87bad3c948f4d605d)
Start importing Packages/com.unity.visualscripting/Runtime/VisualScripting.Flow/Framework/Events/Input/OnMouseUp.cs using Guid(8cfbad04217e44fc0b2657e7de230c11) Importer(2089858483,b0f066a214c2f5e87bad3c948f4d605d) (ScriptedImporter) -> (artifact id: '5fe6010667524275393f9c84b324dc56') in 0.0064298 seconds
Number of updated asset objects reloaded before import = 0Number of asset objects unloaded after import = 0

========================================================================
Received Import Request.
  Time since last request: 0.000077 seconds.
  path: Packages/com.unity.timeline/Editor/Recording/TrackAssetRecordingExtensions.cs
  artifactKey: Guid(49f1d2c7420db4444b011955726d0046) Importer(2089858483,b0f066a214c2f5e87bad3c948f4d605d)
Start importing Packages/com.unity.timeline/Editor/Recording/TrackAssetRecordingExtensions.cs using Guid(49f1d2c7420db4444b011955726d0046) Importer(2089858483,b0f066a214c2f5e87bad3c948f4d605d) (ScriptedImporter) -> (artifact id: 'c017346b151ac463e69df8623aba2365') in 0.0059697 seconds
Number of updated asset objects reloaded before import = 0Number of asset objects unloaded after import = 0

========================================================================
Received Import Request.
  Time since last request: 0.000102 seconds.
  path: Packages/com.unity.visualscripting/Runtime/VisualScripting.Flow/Framework/Events/GUI/OnScrollRectValueChanged.cs
  artifactKey: Guid(3b75af33dbac24758a8197828e87f8a1) Importer(2089858483,b0f066a214c2f5e87bad3c948f4d605d)
Start importing Packages/com.unity.visualscripting/Runtime/VisualScripting.Flow/Framework/Events/GUI/OnScrollRectValueChanged.cs using Guid(3b75af33dbac24758a8197828e87f8a1) Importer(2089858483,b0f066a214c2f5e87bad3c948f4d605d) (ScriptedImporter) -> (artifact id: '3281f63d98b91169af826b44cb0b4f83') in 0.0065331 seconds
Number of updated asset objects reloaded before import = 0Number of asset objects unloaded after import = 0

========================================================================
Received Import Request.
  Time since last request: 0.000106 seconds.
  path: Packages/com.unity.visualscripting/Runtime/VisualScripting.Core/Listeners/MonoBehaviour/UnityOnTriggerEnterMessageListener.cs
  artifactKey: Guid(55edd124aa014fc2a4d8ef1794dcd775) Importer(2089858483,b0f066a214c2f5e87bad3c948f4d605d)
Start importing Packages/com.unity.visualscripting/Runtime/VisualScripting.Core/Listeners/MonoBehaviour/UnityOnTriggerEnterMessageListener.cs using Guid(55edd124aa014fc2a4d8ef1794dcd775) Importer(2089858483,b0f066a214c2f5e87bad3c948f4d605d) (ScriptedImporter) -> (artifact id: '7f004ae0063a305945a586d850fd1d88') in 0.0080973 seconds
Number of updated asset objects reloaded before import = 0Number of asset objects unloaded after import = 0

========================================================================
Received Import Request.
  Time since last request: 0.000075 seconds.
  path: Packages/com.unity.visualscripting/Runtime/VisualScripting.Core/Reflection/Operators/OperatorException.cs
  artifactKey: Guid(46d4b046e765e4eeb8d73bbf9f5470ec) Importer(2089858483,b0f066a214c2f5e87bad3c948f4d605d)
Start importing Packages/com.unity.visualscripting/Runtime/VisualScripting.Core/Reflection/Operators/OperatorException.cs using Guid(46d4b046e765e4eeb8d73bbf9f5470ec) Importer(2089858483,b0f066a214c2f5e87bad3c948f4d605d) (ScriptedImporter) -> (artifact id: '0735c04378824d8a81001f6f76e550e6') in 0.00681 seconds
Number of updated asset objects reloaded before import = 0Number of asset objects unloaded after import = 0

========================================================================
Received Import Request.
  Time since last request: 0.000127 seconds.
  path: Packages/com.unity.timeline/Editor/Actions/ActionContext.cs
  artifactKey: Guid(5e79d50dea5c9c74d9297cce6cd6d053) Importer(2089858483,b0f066a214c2f5e87bad3c948f4d605d)
Start importing Packages/com.unity.timeline/Editor/Actions/ActionContext.cs using Guid(5e79d50dea5c9c74d9297cce6cd6d053) Importer(2089858483,b0f066a214c2f5e87bad3c948f4d605d) (ScriptedImporter) -> (artifact id: 'a806d37eeb8113f48b14f43059418802') in 0.0064443 seconds
Number of updated asset objects reloaded before import = 0Number of asset objects unloaded after import = 0

========================================================================
Received Import Request.
  Time since last request: 0.000106 seconds.
  path: Packages/com.unity.visualscripting/Runtime/VisualScripting.Core/Dependencies/FullSerializer/Internal/fsCyclicReferenceManager.cs
  artifactKey: Guid(0304625fd852e4c1a88e3a6367245d13) Importer(2089858483,b0f066a214c2f5e87bad3c948f4d605d)
Start importing Packages/com.unity.visualscripting/Runtime/VisualScripting.Core/Dependencies/FullSerializer/Internal/fsCyclicReferenceManager.cs using Guid(0304625fd852e4c1a88e3a6367245d13) Importer(2089858483,b0f066a214c2f5e87bad3c948f4d605d) (ScriptedImporter) -> (artifact id: 'd13d87e5162ecffabe4950aa2f953082') in 0.0067236 seconds
Number of updated asset objects reloaded before import = 0Number of asset objects unloaded after import = 0

========================================================================
Received Import Request.
  Time since last request: 0.000058 seconds.
  path: Packages/com.unity.visualscripting/Editor/VisualScripting.Core/Plugin/Changelogs/Changelog_1_4_13.cs
  artifactKey: Guid(a9b2c593452c14bbbbb1704b21fc6eb1) Importer(2089858483,b0f066a214c2f5e87bad3c948f4d605d)
Start importing Packages/com.unity.visualscripting/Editor/VisualScripting.Core/Plugin/Changelogs/Changelog_1_4_13.cs using Guid(a9b2c593452c14bbbbb1704b21fc6eb1) Importer(2089858483,b0f066a214c2f5e87bad3c948f4d605d) (ScriptedImporter) -> (artifact id: 'dec53420cb2b2c0a72a4f978768f838e') in 0.007006 seconds
Number of updated asset objects reloaded before import = 0Number of asset objects unloaded after import = 0

========================================================================
Received Import Request.
  Time since last request: 0.000133 seconds.
  path: Packages/com.unity.visualscripting/Editor/VisualScripting.Core/Inspection/Primitives/ContinuousNumberDrawer.cs
  artifactKey: Guid(74b7634d1929f4524b4c4510cc5e84d3) Importer(2089858483,b0f066a214c2f5e87bad3c948f4d605d)
Start importing Packages/com.unity.visualscripting/Editor/VisualScripting.Core/Inspection/Primitives/ContinuousNumberDrawer.cs using Guid(74b7634d1929f4524b4c4510cc5e84d3) Importer(2089858483,b0f066a214c2f5e87bad3c948f4d605d) (ScriptedImporter) -> (artifact id: '3b93406d96bd18b2c3fce8423855eb9f') in 0.0066111 seconds
Number of updated asset objects reloaded before import = 0Number of asset objects unloaded after import = 0

========================================================================
Received Import Request.
  Time since last request: 0.000098 seconds.
  path: Packages/com.unity.visualscripting/Runtime/VisualScripting.Flow/Framework/Math/Scalar/ScalarSubtract.cs
  artifactKey: Guid(c67283f54d58842718fdf793bb6a248e) Importer(2089858483,b0f066a214c2f5e87bad3c948f4d605d)
Start importing Packages/com.unity.visualscripting/Runtime/VisualScripting.Flow/Framework/Math/Scalar/ScalarSubtract.cs using Guid(c67283f54d58842718fdf793bb6a248e) Importer(2089858483,b0f066a214c2f5e87bad3c948f4d605d) (ScriptedImporter) -> (artifact id: '93d02301b6daec79739f923c6d609be9') in 0.0076126 seconds
Number of updated asset objects reloaded before import = 0Number of asset objects unloaded after import = 0

========================================================================
Received Import Request.
  Time since last request: 0.000069 seconds.
  path: Packages/com.unity.visualscripting/Runtime/VisualScripting.Core/Reflection/Operators/ModuloHandler.cs
  artifactKey: Guid(951eec3420d7c48d2b7f8cd764b18650) Importer(2089858483,b0f066a214c2f5e87bad3c948f4d605d)
Start importing Packages/com.unity.visualscripting/Runtime/VisualScripting.Core/Reflection/Operators/ModuloHandler.cs using Guid(951eec3420d7c48d2b7f8cd764b18650) Importer(2089858483,b0f066a214c2f5e87bad3c948f4d605d) (ScriptedImporter) -> (artifact id: '082312b72a05a7527588daf8c8dd0207') in 0.007586 seconds
Number of updated asset objects reloaded before import = 0Number of asset objects unloaded after import = 0

========================================================================
Received Import Request.
  Time since last request: 0.000090 seconds.
  path: Packages/com.unity.timeline/Editor/inspectors/FrameRateDrawer.cs
  artifactKey: Guid(6c503dbc4e0a4e9db2d004409138d5cc) Importer(2089858483,b0f066a214c2f5e87bad3c948f4d605d)
Start importing Packages/com.unity.timeline/Editor/inspectors/FrameRateDrawer.cs using Guid(6c503dbc4e0a4e9db2d004409138d5cc) Importer(2089858483,b0f066a214c2f5e87bad3c948f4d605d) (ScriptedImporter) -> (artifact id: 'f570bda9602131e83a74d973d4cc4dbf') in 0.0073444 seconds
Number of updated asset objects reloaded before import = 0Number of asset objects unloaded after import = 0

========================================================================
Received Import Request.
  Time since last request: 0.000082 seconds.
  path: Packages/com.unity.visualscripting/Editor/VisualScripting.Core/Plugin/Changelogs/Changelog_1_4_0.cs
  artifactKey: Guid(8152fc2318e3340418481ba0f46e52ff) Importer(2089858483,b0f066a214c2f5e87bad3c948f4d605d)
Start importing Packages/com.unity.visualscripting/Editor/VisualScripting.Core/Plugin/Changelogs/Changelog_1_4_0.cs using Guid(8152fc2318e3340418481ba0f46e52ff) Importer(2089858483,b0f066a214c2f5e87bad3c948f4d605d) (ScriptedImporter) -> (artifact id: '1e0c60ac279e10d41bec669bbf868dd1') in 0.0068724 seconds
Number of updated asset objects reloaded before import = 0Number of asset objects unloaded after import = 0

========================================================================
Received Import Request.
  Time since last request: 0.000113 seconds.
  path: Packages/com.unity.visualscripting/Runtime/VisualScripting.Flow/Framework/Events/Animation/OnAnimatorIK.cs
  artifactKey: Guid(6cd0cea553003493886d72e9be8e23dc) Importer(2089858483,b0f066a214c2f5e87bad3c948f4d605d)
Start importing Packages/com.unity.visualscripting/Runtime/VisualScripting.Flow/Framework/Events/Animation/OnAnimatorIK.cs using Guid(6cd0cea553003493886d72e9be8e23dc) Importer(2089858483,b0f066a214c2f5e87bad3c948f4d605d) (ScriptedImporter) -> (artifact id: '9f7718bf50ab1e0a67e10b68906a7226') in 0.0074203 seconds
Number of updated asset objects reloaded before import = 0Number of asset objects unloaded after import = 0

========================================================================
Received Import Request.
  Time since last request: 0.000135 seconds.
  path: Packages/com.unity.timeline/Editor/inspectors/BasicAssetInspector.cs
  artifactKey: Guid(e086b15460c228c4f9b116f0e3e2f175) Importer(2089858483,b0f066a214c2f5e87bad3c948f4d605d)
Start importing Packages/com.unity.timeline/Editor/inspectors/BasicAssetInspector.cs using Guid(e086b15460c228c4f9b116f0e3e2f175) Importer(2089858483,b0f066a214c2f5e87bad3c948f4d605d) (ScriptedImporter) -> (artifact id: '2d4a8203be3ff9b9bc51d8dab59295b6') in 0.0070557 seconds
Number of updated asset objects reloaded before import = 0Number of asset objects unloaded after import = 0

========================================================================
Received Import Request.
  Time since last request: 0.000095 seconds.
  path: Packages/com.unity.visualscripting/Runtime/VisualScripting.Flow/Framework/Logic/NotEqual.cs
  artifactKey: Guid(38896f6eca9ec4ba19dbc1d2bcd46aef) Importer(2089858483,b0f066a214c2f5e87bad3c948f4d605d)
Start importing Packages/com.unity.visualscripting/Runtime/VisualScripting.Flow/Framework/Logic/NotEqual.cs using Guid(38896f6eca9ec4ba19dbc1d2bcd46aef) Importer(2089858483,b0f066a214c2f5e87bad3c948f4d605d) (ScriptedImporter) -> (artifact id: '2268ee47593c51771ffb41b55288f9fb') in 0.0086583 seconds
Number of updated asset objects reloaded before import = 0Number of asset objects unloaded after import = 0

========================================================================
Received Import Request.
  Time since last request: 0.000152 seconds.
  path: Packages/com.unity.visualscripting/Editor/VisualScripting.Core/Inspection/Root/LudiqRootObjectEditor.cs
  artifactKey: Guid(7c923b42c33844452b9ccf75ee4e88ea) Importer(2089858483,b0f066a214c2f5e87bad3c948f4d605d)
Start importing Packages/com.unity.visualscripting/Editor/VisualScripting.Core/Inspection/Root/LudiqRootObjectEditor.cs using Guid(7c923b42c33844452b9ccf75ee4e88ea) Importer(2089858483,b0f066a214c2f5e87bad3c948f4d605d) (ScriptedImporter) -> (artifact id: '65c2a4caef3fb474c5604c9f15d6159c') in 0.0108906 seconds
Number of updated asset objects reloaded before import = 0Number of asset objects unloaded after import = 0

========================================================================
Received Import Request.
  Time since last request: 0.000080 seconds.
  path: Packages/com.unity.visualscripting/Editor/VisualScripting.Core/Windows/Sidebars/ISidebarPanelContent.cs
  artifactKey: Guid(e2f4f918aabc040608a6d474a65ee692) Importer(2089858483,b0f066a214c2f5e87bad3c948f4d605d)
Start importing Packages/com.unity.visualscripting/Editor/VisualScripting.Core/Windows/Sidebars/ISidebarPanelContent.cs using Guid(e2f4f918aabc040608a6d474a65ee692) Importer(2089858483,b0f066a214c2f5e87bad3c948f4d605d) (ScriptedImporter) -> (artifact id: '86f78209bd50edec13f7bb830854fbbc') in 0.0099804 seconds
Number of updated asset objects reloaded before import = 0Number of asset objects unloaded after import = 0

========================================================================
Received Import Request.
  Time since last request: 0.000055 seconds.
  path: Packages/com.unity.timeline/Editor/TimelineUtility.cs
  artifactKey: Guid(a3949cc8bd731bb47bedf6589367d0c9) Importer(2089858483,b0f066a214c2f5e87bad3c948f4d605d)
Start importing Packages/com.unity.timeline/Editor/TimelineUtility.cs using Guid(a3949cc8bd731bb47bedf6589367d0c9) Importer(2089858483,b0f066a214c2f5e87bad3c948f4d605d) (ScriptedImporter) -> (artifact id: '53cf474e1e1d2c23f5515d30dd60e8ea') in 0.0070868 seconds
Number of updated asset objects reloaded before import = 0Number of asset objects unloaded after import = 0

========================================================================
Received Import Request.
  Time since last request: 0.000079 seconds.
  path: Packages/com.unity.visualscripting/Editor/VisualScripting.Core/Inspection/Special/TypeHandleInspector.cs
  artifactKey: Guid(1827561248e74afe92bbcc68ec2c5615) Importer(2089858483,b0f066a214c2f5e87bad3c948f4d605d)
Start importing Packages/com.unity.visualscripting/Editor/VisualScripting.Core/Inspection/Special/TypeHandleInspector.cs using Guid(1827561248e74afe92bbcc68ec2c5615) Importer(2089858483,b0f066a214c2f5e87bad3c948f4d605d) (ScriptedImporter) -> (artifact id: '109e21583a596804e577f3a6eb685cd6') in 0.0075932 seconds
Number of updated asset objects reloaded before import = 0Number of asset objects unloaded after import = 0

========================================================================
Received Import Request.
  Time since last request: 0.000098 seconds.
  path: Packages/com.unity.visualscripting/Editor/VisualScripting.Core/Inspection/Special/CustomPropertyDrawerInspector.cs
  artifactKey: Guid(54399a1e83331450eb9e7b8d6e3a2213) Importer(2089858483,b0f066a214c2f5e87bad3c948f4d605d)
Start importing Packages/com.unity.visualscripting/Editor/VisualScripting.Core/Inspection/Special/CustomPropertyDrawerInspector.cs using Guid(54399a1e83331450eb9e7b8d6e3a2213) Importer(2089858483,b0f066a214c2f5e87bad3c948f4d605d) (ScriptedImporter) -> (artifact id: '9f9665c77c10fb9a3bf269f382bcef54') in 0.0066688 seconds
Number of updated asset objects reloaded before import = 0Number of asset objects unloaded after import = 0

========================================================================
Received Import Request.
  Time since last request: 0.000022 seconds.
  path: Packages/com.unity.visualscripting/Runtime/VisualScripting.State/Units/GetStateGraph.cs
  artifactKey: Guid(02340750a7dc34f77b5c1050bbc54f64) Importer(2089858483,b0f066a214c2f5e87bad3c948f4d605d)
Start importing Packages/com.unity.visualscripting/Runtime/VisualScripting.State/Units/GetStateGraph.cs using Guid(02340750a7dc34f77b5c1050bbc54f64) Importer(2089858483,b0f066a214c2f5e87bad3c948f4d605d) (ScriptedImporter) -> (artifact id: 'a124219d8719f03d79d5ca8f4569283a') in 0.0069689 seconds
Number of updated asset objects reloaded before import = 0Number of asset objects unloaded after import = 0

========================================================================
Received Import Request.
  Time since last request: 0.000073 seconds.
  path: Packages/com.unity.visualscripting/Runtime/VisualScripting.Flow/Ports/ControlInput.cs
  artifactKey: Guid(a718e6fb4b5d14b5d9a65a854759bb7b) Importer(2089858483,b0f066a214c2f5e87bad3c948f4d605d)
Start importing Packages/com.unity.visualscripting/Runtime/VisualScripting.Flow/Ports/ControlInput.cs using Guid(a718e6fb4b5d14b5d9a65a854759bb7b) Importer(2089858483,b0f066a214c2f5e87bad3c948f4d605d) (ScriptedImporter) -> (artifact id: '1a0e8073eb9ccd11143a284e29b73458') in 0.0067163 seconds
Number of updated asset objects reloaded before import = 0Number of asset objects unloaded after import = 0

========================================================================
Received Import Request.
  Time since last request: 0.000101 seconds.
  path: Packages/com.unity.visualscripting/Runtime/VisualScripting.Core/Listeners/UIInterfaces/UnityOnPointerExitMessageListener.cs
  artifactKey: Guid(43c48baefc484ce080c9eac92934e309) Importer(2089858483,b0f066a214c2f5e87bad3c948f4d605d)
Start importing Packages/com.unity.visualscripting/Runtime/VisualScripting.Core/Listeners/UIInterfaces/UnityOnPointerExitMessageListener.cs using Guid(43c48baefc484ce080c9eac92934e309) Importer(2089858483,b0f066a214c2f5e87bad3c948f4d605d) (ScriptedImporter) -> (artifact id: '96363cd62aedf47bd70efc2cb221e696') in 0.0075535 seconds
Number of updated asset objects reloaded before import = 0Number of asset objects unloaded after import = 0

========================================================================
Received Import Request.
  Time since last request: 0.000111 seconds.
  path: Packages/com.unity.visualscripting/Runtime/VisualScripting.Flow/Framework/Events/Physics2D/OnCollisionStay2D.cs
  artifactKey: Guid(f9c4d45d61b5c44cca42f46457f2f8ed) Importer(2089858483,b0f066a214c2f5e87bad3c948f4d605d)
Start importing Packages/com.unity.visualscripting/Runtime/VisualScripting.Flow/Framework/Events/Physics2D/OnCollisionStay2D.cs using Guid(f9c4d45d61b5c44cca42f46457f2f8ed) Importer(2089858483,b0f066a214c2f5e87bad3c948f4d605d) (ScriptedImporter) -> (artifact id: '78f6120f7fb8a4d9c228b5dd944dbe94') in 0.0084546 seconds
Number of updated asset objects reloaded before import = 0Number of asset objects unloaded after import = 0

========================================================================
Received Import Request.
  Time since last request: 0.000075 seconds.
  path: Packages/com.unity.visualscripting/Editor/VisualScripting.Core/Dependencies/YamlDotNet/Unity.VisualScripting.YamlDotNet.xml
  artifactKey: Guid(72e2048684c0c45b5875f26f9ccb4f21) Importer(2089858483,b0f066a214c2f5e87bad3c948f4d605d)
Start importing Packages/com.unity.visualscripting/Editor/VisualScripting.Core/Dependencies/YamlDotNet/Unity.VisualScripting.YamlDotNet.xml using Guid(72e2048684c0c45b5875f26f9ccb4f21) Importer(2089858483,b0f066a214c2f5e87bad3c948f4d605d) (ScriptedImporter) -> (artifact id: '3677a8085e25bb28129f955b9e1a004c') in 0.0085302 seconds
Number of updated asset objects reloaded before import = 0Number of asset objects unloaded after import = 1

========================================================================
Received Import Request.
  Time since last request: 0.000056 seconds.
  path: Packages/com.unity.visualscripting/Runtime/VisualScripting.Flow/Framework/Math/Scalar/ScalarMinimum.cs
  artifactKey: Guid(9541b23dd8d1d46db9fe9a8d0741ffbc) Importer(2089858483,b0f066a214c2f5e87bad3c948f4d605d)
Start importing Packages/com.unity.visualscripting/Runtime/VisualScripting.Flow/Framework/Math/Scalar/ScalarMinimum.cs using Guid(9541b23dd8d1d46db9fe9a8d0741ffbc) Importer(2089858483,b0f066a214c2f5e87bad3c948f4d605d) (ScriptedImporter) -> (artifact id: '387c30b0a276766f4edfa4992da5661c') in 0.0064817 seconds
Number of updated asset objects reloaded before import = 0Number of asset objects unloaded after import = 0

========================================================================
Received Import Request.
  Time since last request: 0.000074 seconds.
  path: Packages/com.unity.visualscripting/Runtime/VisualScripting.Flow/Framework/Math/Scalar/ScalarExponentiate.cs
  artifactKey: Guid(9321123edcf304431887764ab0a6c652) Importer(2089858483,b0f066a214c2f5e87bad3c948f4d605d)
Start importing Packages/com.unity.visualscripting/Runtime/VisualScripting.Flow/Framework/Math/Scalar/ScalarExponentiate.cs using Guid(9321123edcf304431887764ab0a6c652) Importer(2089858483,b0f066a214c2f5e87bad3c948f4d605d) (ScriptedImporter) -> (artifact id: '1170851b56c99f8724703929e7cac8ed') in 0.0069429 seconds
Number of updated asset objects reloaded before import = 0Number of asset objects unloaded after import = 0

========================================================================
Received Import Request.
  Time since last request: 0.000080 seconds.
  path: Packages/com.unity.visualscripting/Runtime/VisualScripting.Core/Dependencies/FullSerializer/Converters/Unity/RectOffset_DirectConverter.cs
  artifactKey: Guid(c5f6a2c1ca71a441b9bfcfa0403794b4) Importer(2089858483,b0f066a214c2f5e87bad3c948f4d605d)
Start importing Packages/com.unity.visualscripting/Runtime/VisualScripting.Core/Dependencies/FullSerializer/Converters/Unity/RectOffset_DirectConverter.cs using Guid(c5f6a2c1ca71a441b9bfcfa0403794b4) Importer(2089858483,b0f066a214c2f5e87bad3c948f4d605d) (ScriptedImporter) -> (artifact id: '58c00988a057daf3896f358c2daf9303') in 0.0067204 seconds
Number of updated asset objects reloaded before import = 0Number of asset objects unloaded after import = 0

========================================================================
Received Import Request.
  Time since last request: 0.000046 seconds.
  path: Packages/com.unity.visualscripting/Runtime/VisualScripting.Flow/Framework/Math/Vector2/Vector2Round.cs
  artifactKey: Guid(1295b2f73900d49faa55b8f4392a7bef) Importer(2089858483,b0f066a214c2f5e87bad3c948f4d605d)
Start importing Packages/com.unity.visualscripting/Runtime/VisualScripting.Flow/Framework/Math/Vector2/Vector2Round.cs using Guid(1295b2f73900d49faa55b8f4392a7bef) Importer(2089858483,b0f066a214c2f5e87bad3c948f4d605d) (ScriptedImporter) -> (artifact id: '9452e87920642d7659029780d73456dd') in 0.005915 seconds
Number of updated asset objects reloaded before import = 0Number of asset objects unloaded after import = 0

========================================================================
Received Import Request.
  Time since last request: 0.000051 seconds.
  path: Packages/com.unity.visualscripting/Runtime/VisualScripting.Flow/Connections/IUnitConnectionDebugData.cs
  artifactKey: Guid(9239efc28f45f4c848294b936db9bfa0) Importer(2089858483,b0f066a214c2f5e87bad3c948f4d605d)
Start importing Packages/com.unity.visualscripting/Runtime/VisualScripting.Flow/Connections/IUnitConnectionDebugData.cs using Guid(9239efc28f45f4c848294b936db9bfa0) Importer(2089858483,b0f066a214c2f5e87bad3c948f4d605d) (ScriptedImporter) -> (artifact id: '2e2e70783a248398d02fdd4ebd01215d') in 0.0058476 seconds
Number of updated asset objects reloaded before import = 0Number of asset objects unloaded after import = 0

========================================================================
Received Import Request.
  Time since last request: 0.000047 seconds.
  path: Packages/com.unity.visualscripting/Runtime/VisualScripting.Flow/Ports/ControlOutputDefinition.cs
  artifactKey: Guid(2a676fd081381487380127c5eb603392) Importer(2089858483,b0f066a214c2f5e87bad3c948f4d605d)
Start importing Packages/com.unity.visualscripting/Runtime/VisualScripting.Flow/Ports/ControlOutputDefinition.cs using Guid(2a676fd081381487380127c5eb603392) Importer(2089858483,b0f066a214c2f5e87bad3c948f4d605d) (ScriptedImporter) -> (artifact id: 'd65c49c17c5de1acac89e80015dd9b69') in 0.0065741 seconds
Number of updated asset objects reloaded before import = 0Number of asset objects unloaded after import = 0

========================================================================
Received Import Request.
  Time since last request: 0.000023 seconds.
  path: Packages/com.unity.visualscripting/Runtime/VisualScripting.Flow/Framework/Math/Vector2/Vector2Normalize.cs
  artifactKey: Guid(5f551070dc51d44388d6962425c3cb16) Importer(2089858483,b0f066a214c2f5e87bad3c948f4d605d)
Start importing Packages/com.unity.visualscripting/Runtime/VisualScripting.Flow/Framework/Math/Vector2/Vector2Normalize.cs using Guid(5f551070dc51d44388d6962425c3cb16) Importer(2089858483,b0f066a214c2f5e87bad3c948f4d605d) (ScriptedImporter) -> (artifact id: 'd804ec134f310fcedb19197be2a2548b') in 0.0072411 seconds
Number of updated asset objects reloaded before import = 0Number of asset objects unloaded after import = 0

========================================================================
Received Import Request.
  Time since last request: 0.000064 seconds.
  path: Packages/com.unity.visualscripting/Runtime/VisualScripting.Flow/Ports/InvalidOutput.cs
  artifactKey: Guid(29dddc44cbcf54a8ea0ac623012344c1) Importer(2089858483,b0f066a214c2f5e87bad3c948f4d605d)
Start importing Packages/com.unity.visualscripting/Runtime/VisualScripting.Flow/Ports/InvalidOutput.cs using Guid(29dddc44cbcf54a8ea0ac623012344c1) Importer(2089858483,b0f066a214c2f5e87bad3c948f4d605d) (ScriptedImporter) -> (artifact id: '36f1cfc0b7cfade3114e93214fb94631') in 0.0070784 seconds
Number of updated asset objects reloaded before import = 0Number of asset objects unloaded after import = 0

========================================================================
Received Import Request.
  Time since last request: 0.000088 seconds.
  path: Packages/com.unity.visualscripting/Runtime/VisualScripting.Flow/Dependencies/NCalc/SerializationVisitor.cs
  artifactKey: Guid(207ce2879c26b4ef0a891282aa1dfb27) Importer(2089858483,b0f066a214c2f5e87bad3c948f4d605d)
Start importing Packages/com.unity.visualscripting/Runtime/VisualScripting.Flow/Dependencies/NCalc/SerializationVisitor.cs using Guid(207ce2879c26b4ef0a891282aa1dfb27) Importer(2089858483,b0f066a214c2f5e87bad3c948f4d605d) (ScriptedImporter) -> (artifact id: '50a129d140b55a4eec19b9a8c958f24f') in 0.007552 seconds
Number of updated asset objects reloaded before import = 0Number of asset objects unloaded after import = 0

========================================================================
Received Import Request.
  Time since last request: 0.000192 seconds.
  path: Packages/com.unity.visualscripting/Editor/VisualScripting.Flow/Framework/Codebase/ExposeOption.cs
  artifactKey: Guid(e5deae2e654bb4bc086635b77b883b36) Importer(2089858483,b0f066a214c2f5e87bad3c948f4d605d)
Start importing Packages/com.unity.visualscripting/Editor/VisualScripting.Flow/Framework/Codebase/ExposeOption.cs using Guid(e5deae2e654bb4bc086635b77b883b36) Importer(2089858483,b0f066a214c2f5e87bad3c948f4d605d) (ScriptedImporter) -> (artifact id: '700d50dfdd2f6df766981a0f62a22a71') in 0.0084889 seconds
Number of updated asset objects reloaded before import = 0Number of asset objects unloaded after import = 0

========================================================================
Received Import Request.
  Time since last request: 0.000153 seconds.
  path: Packages/com.unity.visualscripting/Runtime/VisualScripting.Flow/Framework/Collections/Dictionaries/DictionaryContainsKey.cs
  artifactKey: Guid(5302f3f2f10ec4408b355b4a2898b3dc) Importer(2089858483,b0f066a214c2f5e87bad3c948f4d605d)
Start importing Packages/com.unity.visualscripting/Runtime/VisualScripting.Flow/Framework/Collections/Dictionaries/DictionaryContainsKey.cs using Guid(5302f3f2f10ec4408b355b4a2898b3dc) Importer(2089858483,b0f066a214c2f5e87bad3c948f4d605d) (ScriptedImporter) -> (artifact id: 'fd833fafe6d06e12ff96fb57f6f6e728') in 0.0080834 seconds
Number of updated asset objects reloaded before import = 0Number of asset objects unloaded after import = 0

========================================================================
Received Import Request.
  Time since last request: 0.000071 seconds.
  path: Packages/com.unity.visualscripting/Editor/VisualScripting.Core/Plugin/Changelogs/Changelog_1_4_2.cs
  artifactKey: Guid(692b1039a590847d9a57c9b394ed29bb) Importer(2089858483,b0f066a214c2f5e87bad3c948f4d605d)
Start importing Packages/com.unity.visualscripting/Editor/VisualScripting.Core/Plugin/Changelogs/Changelog_1_4_2.cs using Guid(692b1039a590847d9a57c9b394ed29bb) Importer(2089858483,b0f066a214c2f5e87bad3c948f4d605d) (ScriptedImporter) -> (artifact id: 'cd92231c5da8707e786c1e40d1e918c9') in 0.0068673 seconds
Number of updated asset objects reloaded before import = 0Number of asset objects unloaded after import = 0

========================================================================
Received Import Request.
  Time since last request: 0.000087 seconds.
  path: Packages/com.unity.visualscripting/Runtime/VisualScripting.Flow/Framework/Math/Average.cs
  artifactKey: Guid(56b542bbc53e849d48aaa938b56cad94) Importer(2089858483,b0f066a214c2f5e87bad3c948f4d605d)
Start importing Packages/com.unity.visualscripting/Runtime/VisualScripting.Flow/Framework/Math/Average.cs using Guid(56b542bbc53e849d48aaa938b56cad94) Importer(2089858483,b0f066a214c2f5e87bad3c948f4d605d) (ScriptedImporter) -> (artifact id: 'a7c67e65e468fa3036568aa55950eec6') in 0.006319 seconds
Number of updated asset objects reloaded before import = 0Number of asset objects unloaded after import = 0

========================================================================
Received Import Request.
  Time since last request: 0.000141 seconds.
  path: Packages/com.unity.visualscripting/Editor/VisualScripting.Flow/Framework/Nesting/NesterUnitDescriptor.cs
  artifactKey: Guid(4aa4ecc37c1a147c1b3658b615afb89a) Importer(2089858483,b0f066a214c2f5e87bad3c948f4d605d)
Start importing Packages/com.unity.visualscripting/Editor/VisualScripting.Flow/Framework/Nesting/NesterUnitDescriptor.cs using Guid(4aa4ecc37c1a147c1b3658b615afb89a) Importer(2089858483,b0f066a214c2f5e87bad3c948f4d605d) (ScriptedImporter) -> (artifact id: '95af2c2871a0858967b45d84cb27990f') in 0.0065366 seconds
Number of updated asset objects reloaded before import = 0Number of asset objects unloaded after import = 0

========================================================================
Received Import Request.
  Time since last request: 0.000082 seconds.
  path: Packages/com.unity.visualscripting/Runtime/VisualScripting.Core/Dependencies/FullSerializer/Reflection/fsTypeCache.cs
  artifactKey: Guid(75dc9dc2af22844e2a7d47d23b127f49) Importer(2089858483,b0f066a214c2f5e87bad3c948f4d605d)
Start importing Packages/com.unity.visualscripting/Runtime/VisualScripting.Core/Dependencies/FullSerializer/Reflection/fsTypeCache.cs using Guid(75dc9dc2af22844e2a7d47d23b127f49) Importer(2089858483,b0f066a214c2f5e87bad3c948f4d605d) (ScriptedImporter) -> (artifact id: '224c6cb248ab73104421e27ee610b36b') in 0.0063752 seconds
Number of updated asset objects reloaded before import = 0Number of asset objects unloaded after import = 0

========================================================================
Received Import Request.
  Time since last request: 0.000110 seconds.
  path: Packages/com.unity.visualscripting/Runtime/VisualScripting.Flow/Framework/Math/Vector2/Vector2Maximum.cs
  artifactKey: Guid(2773b1278094c421baea92a3238c8231) Importer(2089858483,b0f066a214c2f5e87bad3c948f4d605d)
Start importing Packages/com.unity.visualscripting/Runtime/VisualScripting.Flow/Framework/Math/Vector2/Vector2Maximum.cs using Guid(2773b1278094c421baea92a3238c8231) Importer(2089858483,b0f066a214c2f5e87bad3c948f4d605d) (ScriptedImporter) -> (artifact id: '3b936c8b1ec0c8777765482d75163f76') in 0.0068701 seconds
Number of updated asset objects reloaded before import = 0Number of asset objects unloaded after import = 0

========================================================================
Received Import Request.
  Time since last request: 0.000087 seconds.
  path: Packages/com.unity.timeline/Runtime/ILayerable.cs
  artifactKey: Guid(1dc9fdfe61a6a8749a0f6b89b45e887d) Importer(2089858483,b0f066a214c2f5e87bad3c948f4d605d)
Start importing Packages/com.unity.timeline/Runtime/ILayerable.cs using Guid(1dc9fdfe61a6a8749a0f6b89b45e887d) Importer(2089858483,b0f066a214c2f5e87bad3c948f4d605d) (ScriptedImporter) -> (artifact id: '8b47ec16e4e9f7ba426af1ff926dfca9') in 0.0062784 seconds
Number of updated asset objects reloaded before import = 0Number of asset objects unloaded after import = 0

========================================================================
Received Import Request.
  Time since last request: 0.000060 seconds.
  path: Packages/com.unity.visualscripting/Editor/VisualScripting.Core/Inspection/Unity/RectInspector.cs
  artifactKey: Guid(bd0ff5dee24964acaa3b0a7f63a98511) Importer(2089858483,b0f066a214c2f5e87bad3c948f4d605d)
Start importing Packages/com.unity.visualscripting/Editor/VisualScripting.Core/Inspection/Unity/RectInspector.cs using Guid(bd0ff5dee24964acaa3b0a7f63a98511) Importer(2089858483,b0f066a214c2f5e87bad3c948f4d605d) (ScriptedImporter) -> (artifact id: '62356d76662e6ec62a4b76c472c959ce') in 0.0072135 seconds
Number of updated asset objects reloaded before import = 0Number of asset objects unloaded after import = 0

========================================================================
Received Import Request.
  Time since last request: 0.000101 seconds.
  path: Packages/com.unity.visualscripting/Editor/VisualScripting.Flow/Framework/Codebase/LiteralInspector.cs
  artifactKey: Guid(0de8b1e3472c14ae99456cce529e933c) Importer(2089858483,b0f066a214c2f5e87bad3c948f4d605d)
Start importing Packages/com.unity.visualscripting/Editor/VisualScripting.Flow/Framework/Codebase/LiteralInspector.cs using Guid(0de8b1e3472c14ae99456cce529e933c) Importer(2089858483,b0f066a214c2f5e87bad3c948f4d605d) (ScriptedImporter) -> (artifact id: '4604557886b9a08c17c526d3cee3850c') in 0.0068068 seconds
Number of updated asset objects reloaded before import = 0Number of asset objects unloaded after import = 0

========================================================================
Received Import Request.
  Time since last request: 0.000106 seconds.
  path: Packages/com.unity.visualscripting/Runtime/VisualScripting.Core/Reflection/Optimization/InstanceFunctionInvoker_2.cs
  artifactKey: Guid(b8cf332f6f70a4b03986a507d0d25755) Importer(2089858483,b0f066a214c2f5e87bad3c948f4d605d)
Start importing Packages/com.unity.visualscripting/Runtime/VisualScripting.Core/Reflection/Optimization/InstanceFunctionInvoker_2.cs using Guid(b8cf332f6f70a4b03986a507d0d25755) Importer(2089858483,b0f066a214c2f5e87bad3c948f4d605d) (ScriptedImporter) -> (artifact id: 'ed82df1221c248507d6586ff44b1ecf1') in 0.0066769 seconds
Number of updated asset objects reloaded before import = 0Number of asset objects unloaded after import = 0

========================================================================
Received Import Request.
  Time since last request: 0.000120 seconds.
  path: Packages/com.unity.visualscripting/Runtime/VisualScripting.Flow/Framework/Math/Vector3/Vector3Modulo.cs
  artifactKey: Guid(d1158b8eb76074d23891010ce3a7de67) Importer(2089858483,b0f066a214c2f5e87bad3c948f4d605d)
Start importing Packages/com.unity.visualscripting/Runtime/VisualScripting.Flow/Framework/Math/Vector3/Vector3Modulo.cs using Guid(d1158b8eb76074d23891010ce3a7de67) Importer(2089858483,b0f066a214c2f5e87bad3c948f4d605d) (ScriptedImporter) -> (artifact id: '452545ba4864f65a3d4b0bb87a309274') in 0.005955 seconds
Number of updated asset objects reloaded before import = 0Number of asset objects unloaded after import = 0

========================================================================
Received Import Request.
  Time since last request: 0.000095 seconds.
  path: Packages/com.unity.visualscripting/Editor/VisualScripting.Core/Dependencies/ReorderableList/IReorderableListDropTarget.cs
  artifactKey: Guid(23da87a1c9c7548268d5277908e99367) Importer(2089858483,b0f066a214c2f5e87bad3c948f4d605d)
Start importing Packages/com.unity.visualscripting/Editor/VisualScripting.Core/Dependencies/ReorderableList/IReorderableListDropTarget.cs using Guid(23da87a1c9c7548268d5277908e99367) Importer(2089858483,b0f066a214c2f5e87bad3c948f4d605d) (ScriptedImporter) -> (artifact id: '8d8156d97fda6609eaf5011b4e71ffb6') in 0.0075837 seconds
Number of updated asset objects reloaded before import = 0Number of asset objects unloaded after import = 0

========================================================================
Received Import Request.
  Time since last request: 0.000022 seconds.
  path: Packages/com.unity.visualscripting/Editor/VisualScripting.Core/Interface/Fuzzy/FuzzyWindow.cs
  artifactKey: Guid(2f82a32d65f5e434e916a3d2a1600745) Importer(2089858483,b0f066a214c2f5e87bad3c948f4d605d)
Start importing Packages/com.unity.visualscripting/Editor/VisualScripting.Core/Interface/Fuzzy/FuzzyWindow.cs using Guid(2f82a32d65f5e434e916a3d2a1600745) Importer(2089858483,b0f066a214c2f5e87bad3c948f4d605d) (ScriptedImporter) -> (artifact id: 'c8f6100b3a4f6aa63270a901938430c7') in 0.007727 seconds
Number of updated asset objects reloaded before import = 0Number of asset objects unloaded after import = 0

========================================================================
Received Import Request.
  Time since last request: 0.000092 seconds.
  path: Packages/com.unity.visualscripting/Editor/VisualScripting.State/Plugin/Changelogs/Changelog_1_0_1.cs
  artifactKey: Guid(dcc6f0c1385114ccf94f9a7112c95d79) Importer(2089858483,b0f066a214c2f5e87bad3c948f4d605d)
Start importing Packages/com.unity.visualscripting/Editor/VisualScripting.State/Plugin/Changelogs/Changelog_1_0_1.cs using Guid(dcc6f0c1385114ccf94f9a7112c95d79) Importer(2089858483,b0f066a214c2f5e87bad3c948f4d605d) (ScriptedImporter) -> (artifact id: '7d0289ae5b15a5f93afe1356d740d493') in 0.0071205 seconds
Number of updated asset objects reloaded before import = 0Number of asset objects unloaded after import = 0

========================================================================
Received Import Request.
  Time since last request: 0.000043 seconds.
  path: Packages/com.unity.visualscripting/Editor/VisualScripting.Flow/Framework/Nesting/GraphOutputWidget.cs
  artifactKey: Guid(7e3b945fe4958447ea2acee2fc137913) Importer(2089858483,b0f066a214c2f5e87bad3c948f4d605d)
Start importing Packages/com.unity.visualscripting/Editor/VisualScripting.Flow/Framework/Nesting/GraphOutputWidget.cs using Guid(7e3b945fe4958447ea2acee2fc137913) Importer(2089858483,b0f066a214c2f5e87bad3c948f4d605d) (ScriptedImporter) -> (artifact id: 'da52db9af0b0c9983b46ba8631af393a') in 0.0062408 seconds
Number of updated asset objects reloaded before import = 0Number of asset objects unloaded after import = 0

========================================================================
Received Import Request.
  Time since last request: 0.000066 seconds.
  path: Packages/com.unity.visualscripting/Editor/VisualScripting.Core/Plugin/Changelogs/Changelog_1_4_5.cs
  artifactKey: Guid(312a07416da8b4c2480dcb2a68e1d628) Importer(2089858483,b0f066a214c2f5e87bad3c948f4d605d)
Start importing Packages/com.unity.visualscripting/Editor/VisualScripting.Core/Plugin/Changelogs/Changelog_1_4_5.cs using Guid(312a07416da8b4c2480dcb2a68e1d628) Importer(2089858483,b0f066a214c2f5e87bad3c948f4d605d) (ScriptedImporter) -> (artifact id: 'e1f3b2e535fee408d45bdb3ac76e1012') in 0.0067843 seconds
Number of updated asset objects reloaded before import = 0Number of asset objects unloaded after import = 0

========================================================================
Received Import Request.
  Time since last request: 0.000138 seconds.
  path: Packages/com.unity.visualscripting/Editor/VisualScripting.State/Plugin/Changelogs/Changelog_1_2_3.cs
  artifactKey: Guid(237934135a3b1433eade240044ab5490) Importer(2089858483,b0f066a214c2f5e87bad3c948f4d605d)
Start importing Packages/com.unity.visualscripting/Editor/VisualScripting.State/Plugin/Changelogs/Changelog_1_2_3.cs using Guid(237934135a3b1433eade240044ab5490) Importer(2089858483,b0f066a214c2f5e87bad3c948f4d605d) (ScriptedImporter) -> (artifact id: 'fd53666e397594398a58b3fe2194c8d8') in 0.0054185 seconds
Number of updated asset objects reloaded before import = 0Number of asset objects unloaded after import = 0

========================================================================
Received Import Request.
  Time since last request: 0.000087 seconds.
  path: Packages/com.unity.visualscripting/Runtime/VisualScripting.Flow/Framework/Variables/Obsolete/GetSavedVariable.cs
  artifactKey: Guid(81f76c12258c046e182116c0c8b5ec25) Importer(2089858483,b0f066a214c2f5e87bad3c948f4d605d)
Start importing Packages/com.unity.visualscripting/Runtime/VisualScripting.Flow/Framework/Variables/Obsolete/GetSavedVariable.cs using Guid(81f76c12258c046e182116c0c8b5ec25) Importer(2089858483,b0f066a214c2f5e87bad3c948f4d605d) (ScriptedImporter) -> (artifact id: 'b598e7fbe36cc9549b293b6f479a0995') in 0.0063299 seconds
Number of updated asset objects reloaded before import = 0Number of asset objects unloaded after import = 0

========================================================================
Received Import Request.
  Time since last request: 0.000058 seconds.
  path: Packages/com.unity.visualscripting/Runtime/VisualScripting.Core/Dependencies/FullSerializer/Converters/Unity/Rect_DirectConverter.cs
  artifactKey: Guid(7f819e9b71fcc40da8cab6328e655887) Importer(2089858483,b0f066a214c2f5e87bad3c948f4d605d)
Start importing Packages/com.unity.visualscripting/Runtime/VisualScripting.Core/Dependencies/FullSerializer/Converters/Unity/Rect_DirectConverter.cs using Guid(7f819e9b71fcc40da8cab6328e655887) Importer(2089858483,b0f066a214c2f5e87bad3c948f4d605d) (ScriptedImporter) -> (artifact id: 'db737811c6c34d850ba81c3a4f20822e') in 0.0072829 seconds
Number of updated asset objects reloaded before import = 0Number of asset objects unloaded after import = 0

========================================================================
Received Import Request.
  Time since last request: 0.000091 seconds.
  path: Packages/com.unity.visualscripting/Runtime/VisualScripting.Core/Listeners/MonoBehaviour/UnityOnJointBreak2DMessageListener.cs
  artifactKey: Guid(816a280be4534656bc2404f15002e25b) Importer(2089858483,b0f066a214c2f5e87bad3c948f4d605d)
Start importing Packages/com.unity.visualscripting/Runtime/VisualScripting.Core/Listeners/MonoBehaviour/UnityOnJointBreak2DMessageListener.cs using Guid(816a280be4534656bc2404f15002e25b) Importer(2089858483,b0f066a214c2f5e87bad3c948f4d605d) (ScriptedImporter) -> (artifact id: 'b248f62f41e3f770ee3d4d0333129100') in 0.0059446 seconds
Number of updated asset objects reloaded before import = 0Number of asset objects unloaded after import = 0

========================================================================
Received Import Request.
  Time since last request: 0.000092 seconds.
  path: Packages/com.unity.feature.development/CHANGELOG.md
  artifactKey: Guid(5f2f5f9622f1e424c8e6cda71ab1c9e8) Importer(2089858483,b0f066a214c2f5e87bad3c948f4d605d)
Start importing Packages/com.unity.feature.development/CHANGELOG.md using Guid(5f2f5f9622f1e424c8e6cda71ab1c9e8) Importer(2089858483,b0f066a214c2f5e87bad3c948f4d605d) (ScriptedImporter) -> (artifact id: 'd8189d20096cde61958e7412a76222d6') in 0.0075881 seconds
Number of updated asset objects reloaded before import = 0Number of asset objects unloaded after import = 1

========================================================================
Received Import Request.
  Time since last request: 0.000024 seconds.
  path: Packages/com.unity.visualscripting/Runtime/VisualScripting.Flow/Framework/Collections/Lists/RemoveListItem.cs
  artifactKey: Guid(71622f52435b1425ea3f9f1324bcbccc) Importer(2089858483,b0f066a214c2f5e87bad3c948f4d605d)
Start importing Packages/com.unity.visualscripting/Runtime/VisualScripting.Flow/Framework/Collections/Lists/RemoveListItem.cs using Guid(71622f52435b1425ea3f9f1324bcbccc) Importer(2089858483,b0f066a214c2f5e87bad3c948f4d605d) (ScriptedImporter) -> (artifact id: '72de2319f2d1c08e780d6106000305b9') in 0.0072948 seconds
Number of updated asset objects reloaded before import = 0Number of asset objects unloaded after import = 0

========================================================================
Received Import Request.
  Time since last request: 0.000089 seconds.
  path: Packages/com.unity.visualscripting/Runtime/VisualScripting.Core/Dependencies/FullSerializer/fsData.cs
  artifactKey: Guid(3520c694a43b048559591ea21c37a8d4) Importer(2089858483,b0f066a214c2f5e87bad3c948f4d605d)
Start importing Packages/com.unity.visualscripting/Runtime/VisualScripting.Core/Dependencies/FullSerializer/fsData.cs using Guid(3520c694a43b048559591ea21c37a8d4) Importer(2089858483,b0f066a214c2f5e87bad3c948f4d605d) (ScriptedImporter) -> (artifact id: 'c43dc9bad2fbbe345195609011a4e90a') in 0.0073182 seconds
Number of updated asset objects reloaded before import = 0Number of asset objects unloaded after import = 0

========================================================================
Received Import Request.
  Time since last request: 0.000148 seconds.
  path: Packages/com.unity.visualscripting/Editor/VisualScripting.Flow/Framework/Time/WaitForFlowDescriptor.cs
  artifactKey: Guid(37ee537227ac94804ab3f383727f88d1) Importer(2089858483,b0f066a214c2f5e87bad3c948f4d605d)
Start importing Packages/com.unity.visualscripting/Editor/VisualScripting.Flow/Framework/Time/WaitForFlowDescriptor.cs using Guid(37ee537227ac94804ab3f383727f88d1) Importer(2089858483,b0f066a214c2f5e87bad3c948f4d605d) (ScriptedImporter) -> (artifact id: 'ef7cdd848feb2df191bb0ad398f26295') in 0.0064618 seconds
Number of updated asset objects reloaded before import = 0Number of asset objects unloaded after import = 0

========================================================================
Received Import Request.
  Time since last request: 0.000105 seconds.
  path: Packages/com.unity.visualscripting/Editor/VisualScripting.Core/Dependencies/Assemblies/WINx64/Unity.VisualScripting.sqlite3.dll
  artifactKey: Guid(9ff592532ebe14369b3bca09ee600108) Importer(2089858483,b0f066a214c2f5e87bad3c948f4d605d)
Start importing Packages/com.unity.visualscripting/Editor/VisualScripting.Core/Dependencies/Assemblies/WINx64/Unity.VisualScripting.sqlite3.dll using Guid(9ff592532ebe14369b3bca09ee600108) Importer(2089858483,b0f066a214c2f5e87bad3c948f4d605d) (ScriptedImporter) -> (artifact id: 'a5f5bd7775f4db7d8f5bb6b274d6dce6') in 0.0080138 seconds
Number of updated asset objects reloaded before import = 0Number of asset objects unloaded after import = 0

========================================================================
Received Import Request.
  Time since last request: 0.000084 seconds.
  path: Packages/com.unity.visualscripting/Editor/VisualScripting.Flow/Plugin/Changelogs/Changelog_1_4_10.cs
  artifactKey: Guid(205b259773bb848f5b9140a1b8bad6df) Importer(2089858483,b0f066a214c2f5e87bad3c948f4d605d)
Start importing Packages/com.unity.visualscripting/Editor/VisualScripting.Flow/Plugin/Changelogs/Changelog_1_4_10.cs using Guid(205b259773bb848f5b9140a1b8bad6df) Importer(2089858483,b0f066a214c2f5e87bad3c948f4d605d) (ScriptedImporter) -> (artifact id: '375bc195f15bf85df4bd044229ec41ec') in 0.006305 seconds
Number of updated asset objects reloaded before import = 0Number of asset objects unloaded after import = 0

========================================================================
Received Import Request.
  Time since last request: 0.000070 seconds.
  path: Packages/com.unity.timeline/Editor/Audio/AudioPlayableAssetInspector.cs
  artifactKey: Guid(23884ce4c1de32846adafea2d53a4cee) Importer(2089858483,b0f066a214c2f5e87bad3c948f4d605d)
Start importing Packages/com.unity.timeline/Editor/Audio/AudioPlayableAssetInspector.cs using Guid(23884ce4c1de32846adafea2d53a4cee) Importer(2089858483,b0f066a214c2f5e87bad3c948f4d605d) (ScriptedImporter) -> (artifact id: 'cab1ae50d206da3247f8db32ff3bf3a4') in 0.0057378 seconds
Number of updated asset objects reloaded before import = 0Number of asset objects unloaded after import = 0

========================================================================
Received Import Request.
  Time since last request: 0.000087 seconds.
  path: Packages/com.unity.visualscripting/Editor/VisualScripting.Core/Inspection/Other/SemanticVersionInspector.cs
  artifactKey: Guid(885cfbf5600174e6dadfddfb7ff337c4) Importer(2089858483,b0f066a214c2f5e87bad3c948f4d605d)
Start importing Packages/com.unity.visualscripting/Editor/VisualScripting.Core/Inspection/Other/SemanticVersionInspector.cs using Guid(885cfbf5600174e6dadfddfb7ff337c4) Importer(2089858483,b0f066a214c2f5e87bad3c948f4d605d) (ScriptedImporter) -> (artifact id: '72f4399df3f3497e0c9eae034d998ed9') in 0.0073473 seconds
Number of updated asset objects reloaded before import = 0Number of asset objects unloaded after import = 0

========================================================================
Received Import Request.
  Time since last request: 0.000022 seconds.
  path: Packages/com.unity.visualscripting/Runtime/VisualScripting.Flow/Framework/Collections/Dictionaries/GetDictionaryItem.cs
  artifactKey: Guid(0a8e3e47147a543cfbfa969532386942) Importer(2089858483,b0f066a214c2f5e87bad3c948f4d605d)
Start importing Packages/com.unity.visualscripting/Runtime/VisualScripting.Flow/Framework/Collections/Dictionaries/GetDictionaryItem.cs using Guid(0a8e3e47147a543cfbfa969532386942) Importer(2089858483,b0f066a214c2f5e87bad3c948f4d605d) (ScriptedImporter) -> (artifact id: '9248e59de8ea67a61be2efedab1f0e38') in 0.0065222 seconds
Number of updated asset objects reloaded before import = 0Number of asset objects unloaded after import = 0

========================================================================
Received Import Request.
  Time since last request: 0.000065 seconds.
  path: Packages/com.unity.visualscripting/Runtime/VisualScripting.Flow/Framework/Math/Vector3/Vector3Angle.cs
  artifactKey: Guid(0477178b781c14585ab8bdf5de793c55) Importer(2089858483,b0f066a214c2f5e87bad3c948f4d605d)
Start importing Packages/com.unity.visualscripting/Runtime/VisualScripting.Flow/Framework/Math/Vector3/Vector3Angle.cs using Guid(0477178b781c14585ab8bdf5de793c55) Importer(2089858483,b0f066a214c2f5e87bad3c948f4d605d) (ScriptedImporter) -> (artifact id: '15f4578525344a4efd39b0fbbcf0aee5') in 0.0060935 seconds
Number of updated asset objects reloaded before import = 0Number of asset objects unloaded after import = 0

========================================================================
Received Import Request.
  Time since last request: 0.000049 seconds.
  path: Packages/com.unity.visualscripting/Runtime/VisualScripting.Flow/Framework/Events/CustomEventArgs.cs
  artifactKey: Guid(3c1ba3d93ef674e0791b3de1b1c1e556) Importer(2089858483,b0f066a214c2f5e87bad3c948f4d605d)
Start importing Packages/com.unity.visualscripting/Runtime/VisualScripting.Flow/Framework/Events/CustomEventArgs.cs using Guid(3c1ba3d93ef674e0791b3de1b1c1e556) Importer(2089858483,b0f066a214c2f5e87bad3c948f4d605d) (ScriptedImporter) -> (artifact id: 'bae70fe6b0b82aa5fccfe008c373d7f8') in 0.006238 seconds
Number of updated asset objects reloaded before import = 0Number of asset objects unloaded after import = 0

========================================================================
Received Import Request.
  Time since last request: 0.000051 seconds.
  path: Packages/com.unity.visualscripting/Runtime/VisualScripting.Flow/Framework/Control/SelectOnInteger.cs
  artifactKey: Guid(9b892089634d44ff589ed38e55688715) Importer(2089858483,b0f066a214c2f5e87bad3c948f4d605d)
Start importing Packages/com.unity.visualscripting/Runtime/VisualScripting.Flow/Framework/Control/SelectOnInteger.cs using Guid(9b892089634d44ff589ed38e55688715) Importer(2089858483,b0f066a214c2f5e87bad3c948f4d605d) (ScriptedImporter) -> (artifact id: 'de4871318a48eb1f1172b90ef527f839') in 0.0063764 seconds
Number of updated asset objects reloaded before import = 0Number of asset objects unloaded after import = 0

========================================================================
Received Import Request.
  Time since last request: 0.000114 seconds.
  path: Packages/com.unity.visualscripting/Runtime/VisualScripting.Core/Serialization/Converters/RayConverter.cs
  artifactKey: Guid(09866f522fd194ad594f316ca5a60535) Importer(2089858483,b0f066a214c2f5e87bad3c948f4d605d)
Start importing Packages/com.unity.visualscripting/Runtime/VisualScripting.Core/Serialization/Converters/RayConverter.cs using Guid(09866f522fd194ad594f316ca5a60535) Importer(2089858483,b0f066a214c2f5e87bad3c948f4d605d) (ScriptedImporter) -> (artifact id: 'ca18e89b9141a054167482d9d6e1d86b') in 0.0065488 seconds
Number of updated asset objects reloaded before import = 0Number of asset objects unloaded after import = 0

========================================================================
Received Import Request.
  Time since last request: 0.000040 seconds.
  path: Packages/com.unity.visualscripting/Editor/VisualScripting.Core/Plugin/Acknowledgements/Acknowledgement_DotNetZip.cs
  artifactKey: Guid(5b3e9ef4d6fa745eb9786ad61f89e0a0) Importer(2089858483,b0f066a214c2f5e87bad3c948f4d605d)
Start importing Packages/com.unity.visualscripting/Editor/VisualScripting.Core/Plugin/Acknowledgements/Acknowledgement_DotNetZip.cs using Guid(5b3e9ef4d6fa745eb9786ad61f89e0a0) Importer(2089858483,b0f066a214c2f5e87bad3c948f4d605d) (ScriptedImporter) -> (artifact id: '3cdbc2c91494aa2cac8d734d7d5cf77f') in 0.0063942 seconds
Number of updated asset objects reloaded before import = 0Number of asset objects unloaded after import = 0

========================================================================
Received Import Request.
  Time since last request: 0.000101 seconds.
  path: Packages/com.unity.visualscripting/Runtime/VisualScripting.Flow/Framework/Logic/NotApproximatelyEqual.cs
  artifactKey: Guid(b5658b09198d84f91ae7360864557308) Importer(2089858483,b0f066a214c2f5e87bad3c948f4d605d)
Start importing Packages/com.unity.visualscripting/Runtime/VisualScripting.Flow/Framework/Logic/NotApproximatelyEqual.cs using Guid(b5658b09198d84f91ae7360864557308) Importer(2089858483,b0f066a214c2f5e87bad3c948f4d605d) (ScriptedImporter) -> (artifact id: '99f16c739278a9def0c173b2ebc3420c') in 0.0065938 seconds
Number of updated asset objects reloaded before import = 0Number of asset objects unloaded after import = 0

========================================================================
Received Import Request.
  Time since last request: 0.000110 seconds.
  path: Packages/com.unity.visualscripting/Runtime/VisualScripting.Core/Dependencies/FullSerializer/fsMemberSerialization.cs
  artifactKey: Guid(982b5d67d0e9746ebae3d2af855f181b) Importer(2089858483,b0f066a214c2f5e87bad3c948f4d605d)
Start importing Packages/com.unity.visualscripting/Runtime/VisualScripting.Core/Dependencies/FullSerializer/fsMemberSerialization.cs using Guid(982b5d67d0e9746ebae3d2af855f181b) Importer(2089858483,b0f066a214c2f5e87bad3c948f4d605d) (ScriptedImporter) -> (artifact id: '12f139ff764ab28eb11855d5b22a7b80') in 0.0061149 seconds
Number of updated asset objects reloaded before import = 0Number of asset objects unloaded after import = 0

========================================================================
Received Import Request.
  Time since last request: 0.000038 seconds.
  path: Packages/com.unity.visualscripting/Runtime/VisualScripting.Core/Reflection/Operators/InequalityHandler.cs
  artifactKey: Guid(d0aa0da2ce60d44ceaeb7718d323010d) Importer(2089858483,b0f066a214c2f5e87bad3c948f4d605d)
Start importing Packages/com.unity.visualscripting/Runtime/VisualScripting.Core/Reflection/Operators/InequalityHandler.cs using Guid(d0aa0da2ce60d44ceaeb7718d323010d) Importer(2089858483,b0f066a214c2f5e87bad3c948f4d605d) (ScriptedImporter) -> (artifact id: 'bcf292ecc95c619f4cbd96478629355d') in 0.0057277 seconds
Number of updated asset objects reloaded before import = 0Number of asset objects unloaded after import = 0

========================================================================
Received Import Request.
  Time since last request: 0.000123 seconds.
  path: Packages/com.unity.visualscripting/Editor/VisualScripting.Core/Plugin/Changelogs/LegacyLudiqCore/Changelog_1_4_13.cs
  artifactKey: Guid(77b5ada58b7944b10845007e13f78a5f) Importer(2089858483,b0f066a214c2f5e87bad3c948f4d605d)
Start importing Packages/com.unity.visualscripting/Editor/VisualScripting.Core/Plugin/Changelogs/LegacyLudiqCore/Changelog_1_4_13.cs using Guid(77b5ada58b7944b10845007e13f78a5f) Importer(2089858483,b0f066a214c2f5e87bad3c948f4d605d) (ScriptedImporter) -> (artifact id: '3a954ffe0e0f120c01b21c65a2b449e0') in 0.0060462 seconds
Number of updated asset objects reloaded before import = 0Number of asset objects unloaded after import = 0

========================================================================
Received Import Request.
  Time since last request: 0.000099 seconds.
  path: Packages/com.unity.visualscripting/Runtime/VisualScripting.Flow/Framework/Collections/Lists/SetListItem.cs
  artifactKey: Guid(b845e4c74766f4b87a8fc3d2441f24a5) Importer(2089858483,b0f066a214c2f5e87bad3c948f4d605d)
Start importing Packages/com.unity.visualscripting/Runtime/VisualScripting.Flow/Framework/Collections/Lists/SetListItem.cs using Guid(b845e4c74766f4b87a8fc3d2441f24a5) Importer(2089858483,b0f066a214c2f5e87bad3c948f4d605d) (ScriptedImporter) -> (artifact id: '2c768bcefd43aa4edfffd6d4caf38856') in 0.0057586 seconds
Number of updated asset objects reloaded before import = 0Number of asset objects unloaded after import = 0

========================================================================
Received Import Request.
  Time since last request: 0.000091 seconds.
  path: Packages/com.unity.visualscripting/Editor/VisualScripting.Core/Interface/Dropdowns/DropdownOption.cs
  artifactKey: Guid(913aa0c5d2545457e9ba83d09977392e) Importer(2089858483,b0f066a214c2f5e87bad3c948f4d605d)
Start importing Packages/com.unity.visualscripting/Editor/VisualScripting.Core/Interface/Dropdowns/DropdownOption.cs using Guid(913aa0c5d2545457e9ba83d09977392e) Importer(2089858483,b0f066a214c2f5e87bad3c948f4d605d) (ScriptedImporter) -> (artifact id: 'a4d6844896ca49cbf1bacbba02131942') in 0.0055979 seconds
Number of updated asset objects reloaded before import = 0Number of asset objects unloaded after import = 0

========================================================================
Received Import Request.
  Time since last request: 0.000095 seconds.
  path: Packages/com.unity.visualscripting/Editor/VisualScripting.State/Plugin/Migrations/Migration_Asset_to_Package.cs
  artifactKey: Guid(80b5f06f2b254106834105b126a44f19) Importer(2089858483,b0f066a214c2f5e87bad3c948f4d605d)
Start importing Packages/com.unity.visualscripting/Editor/VisualScripting.State/Plugin/Migrations/Migration_Asset_to_Package.cs using Guid(80b5f06f2b254106834105b126a44f19) Importer(2089858483,b0f066a214c2f5e87bad3c948f4d605d) (ScriptedImporter) -> (artifact id: '1f13b4b592ab61caeea868f2e9f6501d') in 0.006872 seconds
Number of updated asset objects reloaded before import = 0Number of asset objects unloaded after import = 0

========================================================================
Received Import Request.
  Time since last request: 0.000074 seconds.
  path: Packages/com.unity.visualscripting/Runtime/VisualScripting.Flow/Framework/Math/Subtract.cs
  artifactKey: Guid(1efe947ef683942f98e532c233dfa9d3) Importer(2089858483,b0f066a214c2f5e87bad3c948f4d605d)
Start importing Packages/com.unity.visualscripting/Runtime/VisualScripting.Flow/Framework/Math/Subtract.cs using Guid(1efe947ef683942f98e532c233dfa9d3) Importer(2089858483,b0f066a214c2f5e87bad3c948f4d605d) (ScriptedImporter) -> (artifact id: 'b378c09e135e209b0f22b01f4d127e43') in 0.0069397 seconds
Number of updated asset objects reloaded before import = 0Number of asset objects unloaded after import = 0

========================================================================
Received Import Request.
  Time since last request: 0.000088 seconds.
  path: Packages/com.unity.visualscripting/Editor/VisualScripting.Core/Interface/Dropdowns/DropdownSeparator.cs
  artifactKey: Guid(84e29af8edc904b6cadc870d2fb37b45) Importer(2089858483,b0f066a214c2f5e87bad3c948f4d605d)
Start importing Packages/com.unity.visualscripting/Editor/VisualScripting.Core/Interface/Dropdowns/DropdownSeparator.cs using Guid(84e29af8edc904b6cadc870d2fb37b45) Importer(2089858483,b0f066a214c2f5e87bad3c948f4d605d) (ScriptedImporter) -> (artifact id: 'b3a866b866b6ac6ce3e0cbda69822c8b') in 0.007006 seconds
Number of updated asset objects reloaded before import = 0Number of asset objects unloaded after import = 0

========================================================================
Received Import Request.
  Time since last request: 0.000045 seconds.
  path: Packages/com.unity.visualscripting/Editor/VisualScripting.Flow/Framework/Nesting/GraphInputInspector.cs
  artifactKey: Guid(61620174ad6604a7cbe0f211462830eb) Importer(2089858483,b0f066a214c2f5e87bad3c948f4d605d)
Start importing Packages/com.unity.visualscripting/Editor/VisualScripting.Flow/Framework/Nesting/GraphInputInspector.cs using Guid(61620174ad6604a7cbe0f211462830eb) Importer(2089858483,b0f066a214c2f5e87bad3c948f4d605d) (ScriptedImporter) -> (artifact id: '9b5dc72a0f87d87ef92e9640f523ef58') in 0.0069407 seconds
Number of updated asset objects reloaded before import = 0Number of asset objects unloaded after import = 0

========================================================================
Received Import Request.
  Time since last request: 0.000103 seconds.
  path: Packages/com.unity.visualscripting/Editor/VisualScripting.Flow/Framework/Codebase/LiteralWidget.cs
  artifactKey: Guid(04c08655b26284f21b41bddeec3acd2c) Importer(2089858483,b0f066a214c2f5e87bad3c948f4d605d)
Start importing Packages/com.unity.visualscripting/Editor/VisualScripting.Flow/Framework/Codebase/LiteralWidget.cs using Guid(04c08655b26284f21b41bddeec3acd2c) Importer(2089858483,b0f066a214c2f5e87bad3c948f4d605d) (ScriptedImporter) -> (artifact id: 'd77f4cecacdc5e42cc50e9a4119ade7d') in 0.0074431 seconds
Number of updated asset objects reloaded before import = 0Number of asset objects unloaded after import = 0

========================================================================
Received Import Request.
  Time since last request: 0.000055 seconds.
  path: Packages/com.unity.visualscripting/Runtime/VisualScripting.Flow/Framework/Events/Animation/OnAnimatorMove.cs
  artifactKey: Guid(2a614d65cdef1498eb33e5312e5b8672) Importer(2089858483,b0f066a214c2f5e87bad3c948f4d605d)
Start importing Packages/com.unity.visualscripting/Runtime/VisualScripting.Flow/Framework/Events/Animation/OnAnimatorMove.cs using Guid(2a614d65cdef1498eb33e5312e5b8672) Importer(2089858483,b0f066a214c2f5e87bad3c948f4d605d) (ScriptedImporter) -> (artifact id: 'b61648e3efa6bf3232a49f629d1555dc') in 0.0078872 seconds
Number of updated asset objects reloaded before import = 0Number of asset objects unloaded after import = 0

========================================================================
Received Import Request.
  Time since last request: 0.000105 seconds.
  path: Packages/com.unity.visualscripting/Runtime/VisualScripting.Core/Utilities/IIdentifiable.cs
  artifactKey: Guid(b0efdfbd6ee674288a50819c81f48320) Importer(2089858483,b0f066a214c2f5e87bad3c948f4d605d)
Start importing Packages/com.unity.visualscripting/Runtime/VisualScripting.Core/Utilities/IIdentifiable.cs using Guid(b0efdfbd6ee674288a50819c81f48320) Importer(2089858483,b0f066a214c2f5e87bad3c948f4d605d) (ScriptedImporter) -> (artifact id: '5b8af6e2056c17b915b4f9ee59095ac8') in 0.0056057 seconds
Number of updated asset objects reloaded before import = 0Number of asset objects unloaded after import = 0

========================================================================
Received Import Request.
  Time since last request: 0.000148 seconds.
  path: Packages/com.unity.visualscripting/Runtime/VisualScripting.Flow/Framework/Math/Generic/GenericMultiply.cs
  artifactKey: Guid(2c0466a3f6c794ba99744554b7540055) Importer(2089858483,b0f066a214c2f5e87bad3c948f4d605d)
Start importing Packages/com.unity.visualscripting/Runtime/VisualScripting.Flow/Framework/Math/Generic/GenericMultiply.cs using Guid(2c0466a3f6c794ba99744554b7540055) Importer(2089858483,b0f066a214c2f5e87bad3c948f4d605d) (ScriptedImporter) -> (artifact id: 'cfb79561322fa164ec8d5763405ebba4') in 0.0061534 seconds
Number of updated asset objects reloaded before import = 0Number of asset objects unloaded after import = 0

========================================================================
Received Import Request.
  Time since last request: 0.000089 seconds.
  path: Packages/com.unity.visualscripting/Runtime/VisualScripting.Flow/Framework/Math/Normalize.cs
  artifactKey: Guid(10429c7f27ad94c7cb1499b5a5163207) Importer(2089858483,b0f066a214c2f5e87bad3c948f4d605d)
Start importing Packages/com.unity.visualscripting/Runtime/VisualScripting.Flow/Framework/Math/Normalize.cs using Guid(10429c7f27ad94c7cb1499b5a5163207) Importer(2089858483,b0f066a214c2f5e87bad3c948f4d605d) (ScriptedImporter) -> (artifact id: 'a6ae3706629802c80d530ecbc163867a') in 0.0055297 seconds
Number of updated asset objects reloaded before import = 0Number of asset objects unloaded after import = 0

========================================================================
Received Import Request.
  Time since last request: 0.000036 seconds.
  path: Packages/com.unity.visualscripting/Editor/VisualScripting.Core/Plugin/Changelogs/LegacyLudiqCore/Changelog_1_2_4.cs
  artifactKey: Guid(cbce043494e0e44c19b7b72e0abfc875) Importer(2089858483,b0f066a214c2f5e87bad3c948f4d605d)
Start importing Packages/com.unity.visualscripting/Editor/VisualScripting.Core/Plugin/Changelogs/LegacyLudiqCore/Changelog_1_2_4.cs using Guid(cbce043494e0e44c19b7b72e0abfc875) Importer(2089858483,b0f066a214c2f5e87bad3c948f4d605d) (ScriptedImporter) -> (artifact id: '62bfe44f1e7fec897f33420832e1cf58') in 0.0070489 seconds
Number of updated asset objects reloaded before import = 0Number of asset objects unloaded after import = 0

========================================================================
Received Import Request.
  Time since last request: 0.000083 seconds.
  path: Packages/com.unity.visualscripting/Editor/VisualScripting.Core/Inspection/Special/AutomaticReflectedInspector.cs
  artifactKey: Guid(7143c53fbfd0141e4bbedd6bb2f325ae) Importer(2089858483,b0f066a214c2f5e87bad3c948f4d605d)
Start importing Packages/com.unity.visualscripting/Editor/VisualScripting.Core/Inspection/Special/AutomaticReflectedInspector.cs using Guid(7143c53fbfd0141e4bbedd6bb2f325ae) Importer(2089858483,b0f066a214c2f5e87bad3c948f4d605d) (ScriptedImporter) -> (artifact id: '19be7b8bc6cfbe52896f3ae0a4ad9df3') in 0.0061812 seconds
Number of updated asset objects reloaded before import = 0Number of asset objects unloaded after import = 0

========================================================================
Received Import Request.
  Time since last request: 0.000100 seconds.
  path: Packages/com.unity.visualscripting/Runtime/VisualScripting.Core/Listeners/UIInterfaces/UnityOnPointerUpMessageListener.cs
  artifactKey: Guid(08201d8f66454a09a1c1ea0c55eb778d) Importer(2089858483,b0f066a214c2f5e87bad3c948f4d605d)
Start importing Packages/com.unity.visualscripting/Runtime/VisualScripting.Core/Listeners/UIInterfaces/UnityOnPointerUpMessageListener.cs using Guid(08201d8f66454a09a1c1ea0c55eb778d) Importer(2089858483,b0f066a214c2f5e87bad3c948f4d605d) (ScriptedImporter) -> (artifact id: '5f010b060962a9dc640de145ce95178d') in 0.0060662 seconds
Number of updated asset objects reloaded before import = 0Number of asset objects unloaded after import = 0

========================================================================
Received Import Request.
  Time since last request: 0.000066 seconds.
  path: Packages/com.unity.visualscripting/Runtime/VisualScripting.Core/Dependencies/FullSerializer/Converters/fsTypeConverter.cs
  artifactKey: Guid(1ffb0c77cc5134994ba0d23fcbdd4205) Importer(2089858483,b0f066a214c2f5e87bad3c948f4d605d)
Start importing Packages/com.unity.visualscripting/Runtime/VisualScripting.Core/Dependencies/FullSerializer/Converters/fsTypeConverter.cs using Guid(1ffb0c77cc5134994ba0d23fcbdd4205) Importer(2089858483,b0f066a214c2f5e87bad3c948f4d605d) (ScriptedImporter) -> (artifact id: '185fd7e9bdf2c8589213ea309ca4cc04') in 0.0070332 seconds
Number of updated asset objects reloaded before import = 0Number of asset objects unloaded after import = 0

========================================================================
Received Import Request.
  Time since last request: 0.000022 seconds.
  path: Packages/com.unity.visualscripting/Editor/VisualScripting.Core/Interface/Licenses/License.Iconmonstr.cs
  artifactKey: Guid(8ea491376021a4ec7b74a97c22e6ba82) Importer(2089858483,b0f066a214c2f5e87bad3c948f4d605d)
Start importing Packages/com.unity.visualscripting/Editor/VisualScripting.Core/Interface/Licenses/License.Iconmonstr.cs using Guid(8ea491376021a4ec7b74a97c22e6ba82) Importer(2089858483,b0f066a214c2f5e87bad3c948f4d605d) (ScriptedImporter) -> (artifact id: 'e3c9d481d5208c740179adc1bee530cb') in 0.0058415 seconds
Number of updated asset objects reloaded before import = 0Number of asset objects unloaded after import = 0

========================================================================
Received Import Request.
  Time since last request: 0.000045 seconds.
  path: Packages/com.unity.timeline/Editor/Actions/TrackActions.cs
  artifactKey: Guid(fda82b5ca7a4c5f40b497c4f5f4bd950) Importer(2089858483,b0f066a214c2f5e87bad3c948f4d605d)
Start importing Packages/com.unity.timeline/Editor/Actions/TrackActions.cs using Guid(fda82b5ca7a4c5f40b497c4f5f4bd950) Importer(2089858483,b0f066a214c2f5e87bad3c948f4d605d) (ScriptedImporter) -> (artifact id: 'fcd011c39d2a6aa9385f57736ad5b78c') in 0.0058466 seconds
Number of updated asset objects reloaded before import = 0Number of asset objects unloaded after import = 0

========================================================================
Received Import Request.
  Time since last request: 0.000068 seconds.
  path: Packages/com.unity.visualscripting/Runtime/VisualScripting.Core/Utilities/Empty.cs
  artifactKey: Guid(cefc61f3b485d4f83b7932574b4b3130) Importer(2089858483,b0f066a214c2f5e87bad3c948f4d605d)
Start importing Packages/com.unity.visualscripting/Runtime/VisualScripting.Core/Utilities/Empty.cs using Guid(cefc61f3b485d4f83b7932574b4b3130) Importer(2089858483,b0f066a214c2f5e87bad3c948f4d605d) (ScriptedImporter) -> (artifact id: '9be113e768eed02ec0011699715d898e') in 0.0056133 seconds
Number of updated asset objects reloaded before import = 0Number of asset objects unloaded after import = 0

========================================================================
Received Import Request.
  Time since last request: 0.000024 seconds.
  path: Packages/com.unity.visualscripting/Runtime/VisualScripting.Core/Listeners/MonoBehaviour/UnityOnCollisionStay2DMessageListener.cs
  artifactKey: Guid(3fd8f4497abf4f0d926118d8277fed1c) Importer(2089858483,b0f066a214c2f5e87bad3c948f4d605d)
Start importing Packages/com.unity.visualscripting/Runtime/VisualScripting.Core/Listeners/MonoBehaviour/UnityOnCollisionStay2DMessageListener.cs using Guid(3fd8f4497abf4f0d926118d8277fed1c) Importer(2089858483,b0f066a214c2f5e87bad3c948f4d605d) (ScriptedImporter) -> (artifact id: '9ad1561414780915bac49d8963e3ce6e') in 0.0067389 seconds
Number of updated asset objects reloaded before import = 0Number of asset objects unloaded after import = 0

========================================================================
Received Import Request.
  Time since last request: 0.000093 seconds.
  path: Packages/com.unity.visualscripting/Editor/VisualScripting.Flow/Plugin/Changelogs/Changelog_1_1_1.cs
  artifactKey: Guid(08967dce54aef4d0d8e4e8e367f28cd5) Importer(2089858483,b0f066a214c2f5e87bad3c948f4d605d)
Start importing Packages/com.unity.visualscripting/Editor/VisualScripting.Flow/Plugin/Changelogs/Changelog_1_1_1.cs using Guid(08967dce54aef4d0d8e4e8e367f28cd5) Importer(2089858483,b0f066a214c2f5e87bad3c948f4d605d) (ScriptedImporter) -> (artifact id: '2ad05fd5d3eb397514c86a9de4d41466') in 0.0063925 seconds
Number of updated asset objects reloaded before import = 0Number of asset objects unloaded after import = 0

========================================================================
Received Import Request.
  Time since last request: 0.000074 seconds.
  path: Packages/com.unity.visualscripting/Editor/VisualScripting.Core/Inspection/Unity/Ray2DInspector.cs
  artifactKey: Guid(bd6195d27d44d4155bb466f907b2c5f2) Importer(2089858483,b0f066a214c2f5e87bad3c948f4d605d)
Start importing Packages/com.unity.visualscripting/Editor/VisualScripting.Core/Inspection/Unity/Ray2DInspector.cs using Guid(bd6195d27d44d4155bb466f907b2c5f2) Importer(2089858483,b0f066a214c2f5e87bad3c948f4d605d) (ScriptedImporter) -> (artifact id: 'c30cfeb4d14369ad555b47bf5395f4c8') in 0.0070164 seconds
Number of updated asset objects reloaded before import = 0Number of asset objects unloaded after import = 0

========================================================================
Received Import Request.
  Time since last request: 0.000081 seconds.
  path: Packages/com.unity.visualscripting/Runtime/VisualScripting.Flow/Framework/Math/Vector4/Vector4MoveTowards.cs
  artifactKey: Guid(729fa78c1ef01493fbcfc8a3236e609a) Importer(2089858483,b0f066a214c2f5e87bad3c948f4d605d)
Start importing Packages/com.unity.visualscripting/Runtime/VisualScripting.Flow/Framework/Math/Vector4/Vector4MoveTowards.cs using Guid(729fa78c1ef01493fbcfc8a3236e609a) Importer(2089858483,b0f066a214c2f5e87bad3c948f4d605d) (ScriptedImporter) -> (artifact id: 'a249852c2b3a3ba0169572554ae8c183') in 0.0066199 seconds
Number of updated asset objects reloaded before import = 0Number of asset objects unloaded after import = 0

========================================================================
Received Import Request.
  Time since last request: 0.000143 seconds.
  path: Packages/com.unity.visualscripting/Editor/VisualScripting.Core/Windows/Sidebars/SidebarAnchor.cs
  artifactKey: Guid(436db86b55e024205af707a121fe083c) Importer(2089858483,b0f066a214c2f5e87bad3c948f4d605d)
Start importing Packages/com.unity.visualscripting/Editor/VisualScripting.Core/Windows/Sidebars/SidebarAnchor.cs using Guid(436db86b55e024205af707a121fe083c) Importer(2089858483,b0f066a214c2f5e87bad3c948f4d605d) (ScriptedImporter) -> (artifact id: 'dd9ba437edf2c2bc8dd381ff0795c7d8') in 0.006589 seconds
Number of updated asset objects reloaded before import = 0Number of asset objects unloaded after import = 0

========================================================================
Received Import Request.
  Time since last request: 0.000101 seconds.
  path: Packages/com.unity.timeline/Editor/Manipulators/HeaderSplitterManipulator.cs
  artifactKey: Guid(7db6186effeb4d159963cad6defd26e5) Importer(2089858483,b0f066a214c2f5e87bad3c948f4d605d)
Start importing Packages/com.unity.timeline/Editor/Manipulators/HeaderSplitterManipulator.cs using Guid(7db6186effeb4d159963cad6defd26e5) Importer(2089858483,b0f066a214c2f5e87bad3c948f4d605d) (ScriptedImporter) -> (artifact id: 'bc0f859fdd9930a8ea087fcaebafb293') in 0.0055181 seconds
Number of updated asset objects reloaded before import = 0Number of asset objects unloaded after import = 0

========================================================================
Received Import Request.
  Time since last request: 0.000127 seconds.
  path: Packages/com.unity.visualscripting/Runtime/VisualScripting.Flow/Framework/Math/Vector2/DeprecatedVector2Add.cs
  artifactKey: Guid(089121cc9f7ea42359753ca5889e821b) Importer(2089858483,b0f066a214c2f5e87bad3c948f4d605d)
Start importing Packages/com.unity.visualscripting/Runtime/VisualScripting.Flow/Framework/Math/Vector2/DeprecatedVector2Add.cs using Guid(089121cc9f7ea42359753ca5889e821b) Importer(2089858483,b0f066a214c2f5e87bad3c948f4d605d) (ScriptedImporter) -> (artifact id: 'd99996600a1ad6d86b45223bc969bef8') in 0.0056731 seconds
Number of updated asset objects reloaded before import = 0Number of asset objects unloaded after import = 0

========================================================================
Received Import Request.
  Time since last request: 0.000017 seconds.
  path: Packages/com.unity.timeline/Editor/Tooltip.cs
  artifactKey: Guid(55a8539917657b14baf6c6a051a7df22) Importer(2089858483,b0f066a214c2f5e87bad3c948f4d605d)
Start importing Packages/com.unity.timeline/Editor/Tooltip.cs using Guid(55a8539917657b14baf6c6a051a7df22) Importer(2089858483,b0f066a214c2f5e87bad3c948f4d605d) (ScriptedImporter) -> (artifact id: 'b06bf68e846e262a1dd1abcc36c70423') in 0.0068175 seconds
Number of updated asset objects reloaded before import = 0Number of asset objects unloaded after import = 0

========================================================================
Received Import Request.
  Time since last request: 0.000054 seconds.
  path: Packages/com.unity.visualscripting/Editor/VisualScripting.Core/Inspection/Unity/ColorInspector.cs
  artifactKey: Guid(a93fdea771c2b4e58acad494e75d0213) Importer(2089858483,b0f066a214c2f5e87bad3c948f4d605d)
Start importing Packages/com.unity.visualscripting/Editor/VisualScripting.Core/Inspection/Unity/ColorInspector.cs using Guid(a93fdea771c2b4e58acad494e75d0213) Importer(2089858483,b0f066a214c2f5e87bad3c948f4d605d) (ScriptedImporter) -> (artifact id: '0bdbaa639707f9db2a9aaee9dd9f0a52') in 0.00601 seconds
Number of updated asset objects reloaded before import = 0Number of asset objects unloaded after import = 0

========================================================================
Received Import Request.
  Time since last request: 0.000089 seconds.
  path: Packages/com.unity.visualscripting/Editor/VisualScripting.Core/Interface/Fuzzy/ExtensibleFuzzyOptionTree.cs
  artifactKey: Guid(c650029e689f843618f21c6f08c00f66) Importer(2089858483,b0f066a214c2f5e87bad3c948f4d605d)
Start importing Packages/com.unity.visualscripting/Editor/VisualScripting.Core/Interface/Fuzzy/ExtensibleFuzzyOptionTree.cs using Guid(c650029e689f843618f21c6f08c00f66) Importer(2089858483,b0f066a214c2f5e87bad3c948f4d605d) (ScriptedImporter) -> (artifact id: '3406fc11aa998447742a85e0e2693275') in 0.0059785 seconds
Number of updated asset objects reloaded before import = 0Number of asset objects unloaded after import = 0

========================================================================
Received Import Request.
  Time since last request: 0.000121 seconds.
  path: Packages/com.unity.visualscripting/Editor/VisualScripting.Flow/Framework/Nesting/GraphOutputAnalyser.cs
  artifactKey: Guid(2f934162d2811436eb7a824dfc58a1f5) Importer(2089858483,b0f066a214c2f5e87bad3c948f4d605d)
Start importing Packages/com.unity.visualscripting/Editor/VisualScripting.Flow/Framework/Nesting/GraphOutputAnalyser.cs using Guid(2f934162d2811436eb7a824dfc58a1f5) Importer(2089858483,b0f066a214c2f5e87bad3c948f4d605d) (ScriptedImporter) -> (artifact id: '61f0fe954a2f1f4f0734cd7f70a4ec4b') in 0.0070362 seconds
Number of updated asset objects reloaded before import = 0Number of asset objects unloaded after import = 0

========================================================================
Received Import Request.
  Time since last request: 0.000100 seconds.
  path: Packages/com.unity.visualscripting/Runtime/VisualScripting.Core/Dependencies/FullSerializer/Internal/fsPortableReflection.cs
  artifactKey: Guid(6e8457d68030d4970ae014b8a8aa5e28) Importer(2089858483,b0f066a214c2f5e87bad3c948f4d605d)
Start importing Packages/com.unity.visualscripting/Runtime/VisualScripting.Core/Dependencies/FullSerializer/Internal/fsPortableReflection.cs using Guid(6e8457d68030d4970ae014b8a8aa5e28) Importer(2089858483,b0f066a214c2f5e87bad3c948f4d605d) (ScriptedImporter) -> (artifact id: '2d229a0e0da9f4e6d91899c4d7e03e64') in 0.006203 seconds
Number of updated asset objects reloaded before import = 0Number of asset objects unloaded after import = 0

========================================================================
Received Import Request.
  Time since last request: 0.000107 seconds.
  path: Packages/com.unity.visualscripting/Runtime/VisualScripting.Flow/Framework/Math/Generic/GenericSum.cs
  artifactKey: Guid(3508507419da443f94b1446800b20db9) Importer(2089858483,b0f066a214c2f5e87bad3c948f4d605d)
Start importing Packages/com.unity.visualscripting/Runtime/VisualScripting.Flow/Framework/Math/Generic/GenericSum.cs using Guid(3508507419da443f94b1446800b20db9) Importer(2089858483,b0f066a214c2f5e87bad3c948f4d605d) (ScriptedImporter) -> (artifact id: '6e19d62ffc8b0efbde53752526648634') in 0.0056567 seconds
Number of updated asset objects reloaded before import = 0Number of asset objects unloaded after import = 0

========================================================================
Received Import Request.
  Time since last request: 0.000080 seconds.
  path: Packages/com.unity.visualscripting/Runtime/VisualScripting.Flow/Framework/Math/Vector4/Vector4Divide.cs
  artifactKey: Guid(0f845efaf9d7b40589c25fcd49898bce) Importer(2089858483,b0f066a214c2f5e87bad3c948f4d605d)
Start importing Packages/com.unity.visualscripting/Runtime/VisualScripting.Flow/Framework/Math/Vector4/Vector4Divide.cs using Guid(0f845efaf9d7b40589c25fcd49898bce) Importer(2089858483,b0f066a214c2f5e87bad3c948f4d605d) (ScriptedImporter) -> (artifact id: 'f2095a69b9cc3fdc54b453eb9fbe0a92') in 0.0063784 seconds
Number of updated asset objects reloaded before import = 0Number of asset objects unloaded after import = 0

========================================================================
Received Import Request.
  Time since last request: 0.000025 seconds.
  path: Packages/com.unity.visualscripting/Editor/VisualScripting.Core/Dependencies/ReorderableList/ElementAdderMenu/IElementAdderMenuBuilder.cs
  artifactKey: Guid(6354d0275cb2a4f1a91079c8731a8fa0) Importer(2089858483,b0f066a214c2f5e87bad3c948f4d605d)
Start importing Packages/com.unity.visualscripting/Editor/VisualScripting.Core/Dependencies/ReorderableList/ElementAdderMenu/IElementAdderMenuBuilder.cs using Guid(6354d0275cb2a4f1a91079c8731a8fa0) Importer(2089858483,b0f066a214c2f5e87bad3c948f4d605d) (ScriptedImporter) -> (artifact id: '3b308e335b2bfc9896e0be438d3faa82') in 0.0074232 seconds
Number of updated asset objects reloaded before import = 0Number of asset objects unloaded after import = 0

========================================================================
Received Import Request.
  Time since last request: 0.000043 seconds.
  path: Packages/com.unity.timeline/Editor/Audio/AudioClipPropertiesDrawer.cs
  artifactKey: Guid(5b6cac4a98010394791c66942a33caf4) Importer(2089858483,b0f066a214c2f5e87bad3c948f4d605d)
Start importing Packages/com.unity.timeline/Editor/Audio/AudioClipPropertiesDrawer.cs using Guid(5b6cac4a98010394791c66942a33caf4) Importer(2089858483,b0f066a214c2f5e87bad3c948f4d605d) (ScriptedImporter) -> (artifact id: '21196ee068da59e12e97acd9c96f290d') in 0.0063282 seconds
Number of updated asset objects reloaded before import = 0Number of asset objects unloaded after import = 0

========================================================================
Received Import Request.
  Time since last request: 0.000058 seconds.
  path: Packages/com.unity.timeline/Editor/treeview/Control.cs
  artifactKey: Guid(077690d334440b044bdd51b26b3e9413) Importer(2089858483,b0f066a214c2f5e87bad3c948f4d605d)
Start importing Packages/com.unity.timeline/Editor/treeview/Control.cs using Guid(077690d334440b044bdd51b26b3e9413) Importer(2089858483,b0f066a214c2f5e87bad3c948f4d605d) (ScriptedImporter) -> (artifact id: 'd918a2e53c425d63a76e2b7c9aaacfc4') in 0.0055156 seconds
Number of updated asset objects reloaded before import = 0Number of asset objects unloaded after import = 0

========================================================================
Received Import Request.
  Time since last request: 0.000143 seconds.
  path: Packages/com.unity.visualscripting/Runtime/VisualScripting.Core/Dependencies/FullSerializer/Converters/fsDateConverter.cs
  artifactKey: Guid(b2cf6489d32e14b8ba1bec90f2dcc4bf) Importer(2089858483,b0f066a214c2f5e87bad3c948f4d605d)
Start importing Packages/com.unity.visualscripting/Runtime/VisualScripting.Core/Dependencies/FullSerializer/Converters/fsDateConverter.cs using Guid(b2cf6489d32e14b8ba1bec90f2dcc4bf) Importer(2089858483,b0f066a214c2f5e87bad3c948f4d605d) (ScriptedImporter) -> (artifact id: 'e1a7d6eeffa31bc7e061c4f98f8b9ba6') in 0.0061845 seconds
Number of updated asset objects reloaded before import = 0Number of asset objects unloaded after import = 0

========================================================================
Received Import Request.
  Time since last request: 0.000064 seconds.
  path: Packages/com.unity.visualscripting/Runtime/VisualScripting.Core/Unity/RequiresUnityAPIAttribute.cs
  artifactKey: Guid(0f2fa9a6dc08148cbad51c4e368c6a2f) Importer(2089858483,b0f066a214c2f5e87bad3c948f4d605d)
Start importing Packages/com.unity.visualscripting/Runtime/VisualScripting.Core/Unity/RequiresUnityAPIAttribute.cs using Guid(0f2fa9a6dc08148cbad51c4e368c6a2f) Importer(2089858483,b0f066a214c2f5e87bad3c948f4d605d) (ScriptedImporter) -> (artifact id: '986acb084441ae2c47307d6c4c6138c6') in 0.0070064 seconds
Number of updated asset objects reloaded before import = 0Number of asset objects unloaded after import = 0

========================================================================
Received Import Request.
  Time since last request: 0.000148 seconds.
  path: Packages/com.unity.visualscripting/Runtime/VisualScripting.Core/Utilities/ComponentHolderProtocol.cs
  artifactKey: Guid(e5031b55827d74367b8d19a739ae45e3) Importer(2089858483,b0f066a214c2f5e87bad3c948f4d605d)
Start importing Packages/com.unity.visualscripting/Runtime/VisualScripting.Core/Utilities/ComponentHolderProtocol.cs using Guid(e5031b55827d74367b8d19a739ae45e3) Importer(2089858483,b0f066a214c2f5e87bad3c948f4d605d) (ScriptedImporter) -> (artifact id: '7ef7f19214cf055ec6c06ad5a4c91131') in 0.0072504 seconds
Number of updated asset objects reloaded before import = 0Number of asset objects unloaded after import = 0

========================================================================
Received Import Request.
  Time since last request: 0.000102 seconds.
  path: Packages/com.unity.visualscripting/Editor/VisualScripting.Core/Dependencies/SQLite/SQLite.cs
  artifactKey: Guid(6ef3738cc5ade4aa7916b4c10da33abf) Importer(2089858483,b0f066a214c2f5e87bad3c948f4d605d)
Start importing Packages/com.unity.visualscripting/Editor/VisualScripting.Core/Dependencies/SQLite/SQLite.cs using Guid(6ef3738cc5ade4aa7916b4c10da33abf) Importer(2089858483,b0f066a214c2f5e87bad3c948f4d605d) (ScriptedImporter) -> (artifact id: 'd4f2375ec33812ed5d8ba901f1b95dcb') in 0.0061187 seconds
Number of updated asset objects reloaded before import = 0Number of asset objects unloaded after import = 0

========================================================================
Received Import Request.
  Time since last request: 0.000074 seconds.
  path: Packages/com.unity.visualscripting/Editor/VisualScripting.Core/Dependencies/ReorderableList/ReorderableListGUI.cs
  artifactKey: Guid(7d3e2a18b9bb54141a07f1c5bb0bf698) Importer(2089858483,b0f066a214c2f5e87bad3c948f4d605d)
Start importing Packages/com.unity.visualscripting/Editor/VisualScripting.Core/Dependencies/ReorderableList/ReorderableListGUI.cs using Guid(7d3e2a18b9bb54141a07f1c5bb0bf698) Importer(2089858483,b0f066a214c2f5e87bad3c948f4d605d) (ScriptedImporter) -> (artifact id: '6a24b3441529496aa3e4da3f1e333a27') in 0.0057504 seconds
Number of updated asset objects reloaded before import = 0Number of asset objects unloaded after import = 0

========================================================================
Received Import Request.
  Time since last request: 0.000074 seconds.
  path: Packages/com.unity.timeline/DocCodeExamples/MarkerEditorExamples.cs
  artifactKey: Guid(ebaa79c245e369449a3565c4b9c3e703) Importer(2089858483,b0f066a214c2f5e87bad3c948f4d605d)
Start importing Packages/com.unity.timeline/DocCodeExamples/MarkerEditorExamples.cs using Guid(ebaa79c245e369449a3565c4b9c3e703) Importer(2089858483,b0f066a214c2f5e87bad3c948f4d605d) (ScriptedImporter) -> (artifact id: '559348cd35d28fa96fe03e4e7b39332d') in 0.0066625 seconds
Number of updated asset objects reloaded before import = 0Number of asset objects unloaded after import = 0

========================================================================
Received Import Request.
  Time since last request: 0.000103 seconds.
  path: Packages/com.unity.visualscripting/Editor/VisualScripting.Core/Plugin/Changelogs/LegacyLudiqCore/Changelog_1_2_3.cs
  artifactKey: Guid(f662210e7a8f640e7a1db92d95218750) Importer(2089858483,b0f066a214c2f5e87bad3c948f4d605d)
Start importing Packages/com.unity.visualscripting/Editor/VisualScripting.Core/Plugin/Changelogs/LegacyLudiqCore/Changelog_1_2_3.cs using Guid(f662210e7a8f640e7a1db92d95218750) Importer(2089858483,b0f066a214c2f5e87bad3c948f4d605d) (ScriptedImporter) -> (artifact id: '9ec62d15b3f8dea5ca4f0aa479229ef5') in 0.0088529 seconds
Number of updated asset objects reloaded before import = 0Number of asset objects unloaded after import = 0

========================================================================
Received Import Request.
  Time since last request: 0.000047 seconds.
  path: Packages/com.unity.visualscripting/Runtime/VisualScripting.Flow/EditorBinding/UnitHeaderInspectableAttribute.cs
  artifactKey: Guid(b6e9e78d67fd046868b0433247b23fad) Importer(2089858483,b0f066a214c2f5e87bad3c948f4d605d)
Start importing Packages/com.unity.visualscripting/Runtime/VisualScripting.Flow/EditorBinding/UnitHeaderInspectableAttribute.cs using Guid(b6e9e78d67fd046868b0433247b23fad) Importer(2089858483,b0f066a214c2f5e87bad3c948f4d605d) (ScriptedImporter) -> (artifact id: '0a7e5a27e3de9f9cac43244c2ff2a195') in 0.007095 seconds
Number of updated asset objects reloaded before import = 0Number of asset objects unloaded after import = 0

========================================================================
Received Import Request.
  Time since last request: 0.000094 seconds.
  path: Packages/com.unity.visualscripting/Runtime/VisualScripting.Flow/Framework/Math/Scalar/ScalarMoveTowards.cs
  artifactKey: Guid(1b4c4e23f5b364a6b80e705ce14c8c4e) Importer(2089858483,b0f066a214c2f5e87bad3c948f4d605d)
Start importing Packages/com.unity.visualscripting/Runtime/VisualScripting.Flow/Framework/Math/Scalar/ScalarMoveTowards.cs using Guid(1b4c4e23f5b364a6b80e705ce14c8c4e) Importer(2089858483,b0f066a214c2f5e87bad3c948f4d605d) (ScriptedImporter) -> (artifact id: 'ce01aa539ab46dc9907f8a96795babe4') in 0.0058551 seconds
Number of updated asset objects reloaded before import = 0Number of asset objects unloaded after import = 0

========================================================================
Received Import Request.
  Time since last request: 0.000117 seconds.
  path: Packages/com.unity.timeline/Runtime/TrackAsset.cs
  artifactKey: Guid(3ad53269c7421084ab67f804591994e0) Importer(2089858483,b0f066a214c2f5e87bad3c948f4d605d)
Start importing Packages/com.unity.timeline/Runtime/TrackAsset.cs using Guid(3ad53269c7421084ab67f804591994e0) Importer(2089858483,b0f066a214c2f5e87bad3c948f4d605d) (ScriptedImporter) -> (artifact id: 'f4a0da24ce746d1a14e9459169e39616') in 0.0066325 seconds
Number of updated asset objects reloaded before import = 0Number of asset objects unloaded after import = 0

========================================================================
Received Import Request.
  Time since last request: 0.000095 seconds.
  path: Packages/com.unity.visualscripting/Runtime/VisualScripting.Flow/Framework/Math/Vector3/Vector3Subtract.cs
  artifactKey: Guid(4951804a436f84f6cbf8a27410e76c64) Importer(2089858483,b0f066a214c2f5e87bad3c948f4d605d)
Start importing Packages/com.unity.visualscripting/Runtime/VisualScripting.Flow/Framework/Math/Vector3/Vector3Subtract.cs using Guid(4951804a436f84f6cbf8a27410e76c64) Importer(2089858483,b0f066a214c2f5e87bad3c948f4d605d) (ScriptedImporter) -> (artifact id: 'ecbb0b4dec84bfa43ab974b8471fa441') in 0.0065888 seconds
Number of updated asset objects reloaded before import = 0Number of asset objects unloaded after import = 0

========================================================================
Received Import Request.
  Time since last request: 0.000096 seconds.
  path: Packages/com.unity.visualscripting/Editor/VisualScripting.Core/Dependencies/ReorderableList/ElementAdderMenu/GenericElementAdderMenuBuilder.cs
  artifactKey: Guid(88625867c6f324d3c8afee297a904beb) Importer(2089858483,b0f066a214c2f5e87bad3c948f4d605d)
Start importing Packages/com.unity.visualscripting/Editor/VisualScripting.Core/Dependencies/ReorderableList/ElementAdderMenu/GenericElementAdderMenuBuilder.cs using Guid(88625867c6f324d3c8afee297a904beb) Importer(2089858483,b0f066a214c2f5e87bad3c948f4d605d) (ScriptedImporter) -> (artifact id: 'e65f7244f297017461834fd349f7329d') in 0.0075966 seconds
Number of updated asset objects reloaded before import = 0Number of asset objects unloaded after import = 0

========================================================================
Received Import Request.
  Time since last request: 0.000093 seconds.
  path: Packages/com.unity.visualscripting/Runtime/VisualScripting.Flow/Dependencies/NCalc/Expression.cs
  artifactKey: Guid(3dd474c9747c7444d9ca4b191b48301d) Importer(2089858483,b0f066a214c2f5e87bad3c948f4d605d)
Start importing Packages/com.unity.visualscripting/Runtime/VisualScripting.Flow/Dependencies/NCalc/Expression.cs using Guid(3dd474c9747c7444d9ca4b191b48301d) Importer(2089858483,b0f066a214c2f5e87bad3c948f4d605d) (ScriptedImporter) -> (artifact id: '741684d4fc402d65f3ef7292e17794e4') in 0.0061882 seconds
Number of updated asset objects reloaded before import = 0Number of asset objects unloaded after import = 0

========================================================================
Received Import Request.
  Time since last request: 0.000098 seconds.
  path: Packages/com.unity.visualscripting/Runtime/VisualScripting.Flow/Framework/Time/Cooldown.cs
  artifactKey: Guid(962d2c1de100b4bee951cc5d53693b9f) Importer(2089858483,b0f066a214c2f5e87bad3c948f4d605d)
Start importing Packages/com.unity.visualscripting/Runtime/VisualScripting.Flow/Framework/Time/Cooldown.cs using Guid(962d2c1de100b4bee951cc5d53693b9f) Importer(2089858483,b0f066a214c2f5e87bad3c948f4d605d) (ScriptedImporter) -> (artifact id: '052c6e492dfa1a3c7b81adf83939b8f0') in 0.0069871 seconds
Number of updated asset objects reloaded before import = 0Number of asset objects unloaded after import = 0

========================================================================
Received Import Request.
  Time since last request: 0.000086 seconds.
  path: Packages/com.unity.visualscripting/Editor/VisualScripting.Core/Inspection/Root/LudiqBehaviourEditor.cs
  artifactKey: Guid(d5df715e0fb304b9088d02ee6d704bab) Importer(2089858483,b0f066a214c2f5e87bad3c948f4d605d)
Start importing Packages/com.unity.visualscripting/Editor/VisualScripting.Core/Inspection/Root/LudiqBehaviourEditor.cs using Guid(d5df715e0fb304b9088d02ee6d704bab) Importer(2089858483,b0f066a214c2f5e87bad3c948f4d605d) (ScriptedImporter) -> (artifact id: 'd8c9812c2343eede5bd3dd217d325e71') in 0.006545 seconds
Number of updated asset objects reloaded before import = 0Number of asset objects unloaded after import = 0

========================================================================
Received Import Request.
  Time since last request: 0.000082 seconds.
  path: Packages/com.unity.timeline/Editor/Playables/ControlPlayableInspector.cs
  artifactKey: Guid(f65646ef159c91441bff704a5f7f419b) Importer(2089858483,b0f066a214c2f5e87bad3c948f4d605d)
Start importing Packages/com.unity.timeline/Editor/Playables/ControlPlayableInspector.cs using Guid(f65646ef159c91441bff704a5f7f419b) Importer(2089858483,b0f066a214c2f5e87bad3c948f4d605d) (ScriptedImporter) -> (artifact id: 'fc647c49c279227be6938c999c36e15f') in 0.0066592 seconds
Number of updated asset objects reloaded before import = 0Number of asset objects unloaded after import = 0

========================================================================
Received Import Request.
  Time since last request: 0.000131 seconds.
  path: Packages/com.unity.visualscripting/Runtime/VisualScripting.Core/Utilities/StringUtility.cs
  artifactKey: Guid(61ab10f4687d1455da6d4845e21f5401) Importer(2089858483,b0f066a214c2f5e87bad3c948f4d605d)
Start importing Packages/com.unity.visualscripting/Runtime/VisualScripting.Core/Utilities/StringUtility.cs using Guid(61ab10f4687d1455da6d4845e21f5401) Importer(2089858483,b0f066a214c2f5e87bad3c948f4d605d) (ScriptedImporter) -> (artifact id: '106413852b6ec340a8dbd73c1b8816f4') in 0.0060726 seconds
Number of updated asset objects reloaded before import = 0Number of asset objects unloaded after import = 0

========================================================================
Received Import Request.
  Time since last request: 0.000150 seconds.
  path: Packages/com.unity.visualscripting/Runtime/VisualScripting.Core/Reflection/Operators/UnaryOperator.cs
  artifactKey: Guid(e2aa84da762494bc8b88aa8674bed044) Importer(2089858483,b0f066a214c2f5e87bad3c948f4d605d)
Start importing Packages/com.unity.visualscripting/Runtime/VisualScripting.Core/Reflection/Operators/UnaryOperator.cs using Guid(e2aa84da762494bc8b88aa8674bed044) Importer(2089858483,b0f066a214c2f5e87bad3c948f4d605d) (ScriptedImporter) -> (artifact id: 'e089ca81da7f5287f0f5dfe049f76446') in 0.0065103 seconds
Number of updated asset objects reloaded before import = 0Number of asset objects unloaded after import = 0

========================================================================
Received Import Request.
  Time since last request: 0.000086 seconds.
  path: Packages/com.unity.visualscripting/Runtime/VisualScripting.Core/Utilities/UnityObjectUtility.cs
  artifactKey: Guid(85f4b970ba57b4bdd9b801cec11a183c) Importer(2089858483,b0f066a214c2f5e87bad3c948f4d605d)
Start importing Packages/com.unity.visualscripting/Runtime/VisualScripting.Core/Utilities/UnityObjectUtility.cs using Guid(85f4b970ba57b4bdd9b801cec11a183c) Importer(2089858483,b0f066a214c2f5e87bad3c948f4d605d) (ScriptedImporter) -> (artifact id: '1a1c0227bf1bd61e9663ff6687eb07ef') in 0.0053878 seconds
Number of updated asset objects reloaded before import = 0Number of asset objects unloaded after import = 0

========================================================================
Received Import Request.
  Time since last request: 0.000113 seconds.
  path: Packages/com.unity.visualscripting/Runtime/VisualScripting.Flow/Framework/Math/Vector2/Vector2Average.cs
  artifactKey: Guid(86918d705343f47b1b9d0248715e933d) Importer(2089858483,b0f066a214c2f5e87bad3c948f4d605d)
Start importing Packages/com.unity.visualscripting/Runtime/VisualScripting.Flow/Framework/Math/Vector2/Vector2Average.cs using Guid(86918d705343f47b1b9d0248715e933d) Importer(2089858483,b0f066a214c2f5e87bad3c948f4d605d) (ScriptedImporter) -> (artifact id: 'aeb3c81c41a6605fec30da5c8c6b2eb6') in 0.0061493 seconds
Number of updated asset objects reloaded before import = 0Number of asset objects unloaded after import = 0

========================================================================
Received Import Request.
  Time since last request: 0.000099 seconds.
  path: Packages/com.unity.visualscripting/Runtime/VisualScripting.Core/Serialization/Converters/UnityObjectConverter.cs
  artifactKey: Guid(f99d20d0d37dc4411a4b9303b7081cc6) Importer(2089858483,b0f066a214c2f5e87bad3c948f4d605d)
Start importing Packages/com.unity.visualscripting/Runtime/VisualScripting.Core/Serialization/Converters/UnityObjectConverter.cs using Guid(f99d20d0d37dc4411a4b9303b7081cc6) Importer(2089858483,b0f066a214c2f5e87bad3c948f4d605d) (ScriptedImporter) -> (artifact id: 'd8e062d403de0a3a19f957e4e98788ae') in 0.0059739 seconds
Number of updated asset objects reloaded before import = 0Number of asset objects unloaded after import = 0

========================================================================
Received Import Request.
  Time since last request: 0.000098 seconds.
  path: Packages/com.unity.timeline/Editor/Recording/TimelineRecordingContextualResponder.cs
  artifactKey: Guid(a59c2e62fbd97f84f92c3b546e3903cb) Importer(2089858483,b0f066a214c2f5e87bad3c948f4d605d)
Start importing Packages/com.unity.timeline/Editor/Recording/TimelineRecordingContextualResponder.cs using Guid(a59c2e62fbd97f84f92c3b546e3903cb) Importer(2089858483,b0f066a214c2f5e87bad3c948f4d605d) (ScriptedImporter) -> (artifact id: '3335386a807e221f162b352c36885aad') in 0.0069611 seconds
Number of updated asset objects reloaded before import = 0Number of asset objects unloaded after import = 0

========================================================================
Received Import Request.
  Time since last request: 0.000078 seconds.
  path: Packages/com.unity.timeline/Editor/treeview/TimelineDragging.cs
  artifactKey: Guid(fcd66bf74cbeb264aa99679c7df84427) Importer(2089858483,b0f066a214c2f5e87bad3c948f4d605d)
Start importing Packages/com.unity.timeline/Editor/treeview/TimelineDragging.cs using Guid(fcd66bf74cbeb264aa99679c7df84427) Importer(2089858483,b0f066a214c2f5e87bad3c948f4d605d) (ScriptedImporter) -> (artifact id: '492e1053370780c85c23e6ee070b86cd') in 0.0053087 seconds
Number of updated asset objects reloaded before import = 0Number of asset objects unloaded after import = 0

========================================================================
Received Import Request.
  Time since last request: 0.000128 seconds.
  path: Packages/com.unity.timeline/Runtime/Utilities/BlendUtility.cs
  artifactKey: Guid(e63c16ba902c4dfeb9fb2e8c105e1347) Importer(2089858483,b0f066a214c2f5e87bad3c948f4d605d)
Start importing Packages/com.unity.timeline/Runtime/Utilities/BlendUtility.cs using Guid(e63c16ba902c4dfeb9fb2e8c105e1347) Importer(2089858483,b0f066a214c2f5e87bad3c948f4d605d) (ScriptedImporter) -> (artifact id: '12453c180f922970b9954523460930b6') in 0.0058686 seconds
Number of updated asset objects reloaded before import = 0Number of asset objects unloaded after import = 0

========================================================================
Received Import Request.
  Time since last request: 0.000054 seconds.
  path: Packages/com.unity.timeline/Editor/StyleSheets/Extensions/light.uss
  artifactKey: Guid(e98085123be873947970c4f10099a39a) Importer(2089858483,b0f066a214c2f5e87bad3c948f4d605d)
Start importing Packages/com.unity.timeline/Editor/StyleSheets/Extensions/light.uss using Guid(e98085123be873947970c4f10099a39a) Importer(2089858483,b0f066a214c2f5e87bad3c948f4d605d) (ScriptedImporter) -> (artifact id: '64564867b12e647d344cdfae13891d4e') in 0.0084474 seconds
Number of updated asset objects reloaded before import = 0Number of asset objects unloaded after import = 1

========================================================================
Received Import Request.
  Time since last request: 0.000055 seconds.
  path: Packages/com.unity.timeline/Editor/StyleSheets/Images/Shared/TimelineGroupBackground.png
  artifactKey: Guid(6ca5daa3415451940921fa7e2c3db9e8) Importer(2089858483,b0f066a214c2f5e87bad3c948f4d605d)
Start importing Packages/com.unity.timeline/Editor/StyleSheets/Images/Shared/TimelineGroupBackground.png using Guid(6ca5daa3415451940921fa7e2c3db9e8) Importer(2089858483,b0f066a214c2f5e87bad3c948f4d605d) (ScriptedImporter) -> (artifact id: 'dcaeb43cf14a1d410f51de61c0187b78') in 0.0151468 seconds
Number of updated asset objects reloaded before import = 0Number of asset objects unloaded after import = 1

========================================================================
Received Import Request.
  Time since last request: 0.000071 seconds.
  path: Packages/com.unity.timeline/Editor/StyleSheets/Images/Icons/TrackCurvesButtonEnabled@2x.png
  artifactKey: Guid(9e541b6dcfb77d34481f69b3d62d0343) Importer(2089858483,b0f066a214c2f5e87bad3c948f4d605d)
Start importing Packages/com.unity.timeline/Editor/StyleSheets/Images/Icons/TrackCurvesButtonEnabled@2x.png using Guid(9e541b6dcfb77d34481f69b3d62d0343) Importer(2089858483,b0f066a214c2f5e87bad3c948f4d605d) (ScriptedImporter) -> (artifact id: 'd119b1932c03b21782c842230121a517') in 0.0151294 seconds
Number of updated asset objects reloaded before import = 0Number of asset objects unloaded after import = 1

========================================================================
Received Import Request.
  Time since last request: 0.000063 seconds.
  path: Packages/com.unity.timeline/Editor/treeview/Drawers/InfiniteTrackDrawer.cs
  artifactKey: Guid(5ea6a8a826704f743b3b0ce3e9d3c9a9) Importer(2089858483,b0f066a214c2f5e87bad3c948f4d605d)
Start importing Packages/com.unity.timeline/Editor/treeview/Drawers/InfiniteTrackDrawer.cs using Guid(5ea6a8a826704f743b3b0ce3e9d3c9a9) Importer(2089858483,b0f066a214c2f5e87bad3c948f4d605d) (ScriptedImporter) -> (artifact id: '3291cbd8736804edad4db068991d2ab7') in 0.0079396 seconds
Number of updated asset objects reloaded before import = 0Number of asset objects unloaded after import = 0

========================================================================
Received Import Request.
  Time since last request: 0.000126 seconds.
  path: Packages/com.unity.timeline/Editor/Manipulators/Trim/ITrimItemMode.cs
  artifactKey: Guid(b4a5ce78107bc38409a3bb5e8b3289ac) Importer(2089858483,b0f066a214c2f5e87bad3c948f4d605d)
Start importing Packages/com.unity.timeline/Editor/Manipulators/Trim/ITrimItemMode.cs using Guid(b4a5ce78107bc38409a3bb5e8b3289ac) Importer(2089858483,b0f066a214c2f5e87bad3c948f4d605d) (ScriptedImporter) -> (artifact id: 'cdb90e4ba57969ebe52c682a970b0e39') in 0.006244 seconds
Number of updated asset objects reloaded before import = 0Number of asset objects unloaded after import = 0

========================================================================
Received Import Request.
  Time since last request: 0.000084 seconds.
  path: Packages/com.unity.timeline/Editor/StyleSheets/Images/LightSkin/TimelineMarkerItemSelected.png
  artifactKey: Guid(b6e9dc9aad5843748a0124b8925c3743) Importer(2089858483,b0f066a214c2f5e87bad3c948f4d605d)
Start importing Packages/com.unity.timeline/Editor/StyleSheets/Images/LightSkin/TimelineMarkerItemSelected.png using Guid(b6e9dc9aad5843748a0124b8925c3743) Importer(2089858483,b0f066a214c2f5e87bad3c948f4d605d) (ScriptedImporter) -> (artifact id: '65e54c6e8eb87b6dd14916e2b9247f65') in 0.0136211 seconds
Number of updated asset objects reloaded before import = 0Number of asset objects unloaded after import = 1

========================================================================
Received Import Request.
  Time since last request: 0.000083 seconds.
  path: Packages/com.unity.timeline/Editor/treeview/Drawers/TrackItemsDrawer.cs
  artifactKey: Guid(c7137daaeb11e8647bf1ade9b7e9aa97) Importer(2089858483,b0f066a214c2f5e87bad3c948f4d605d)
Start importing Packages/com.unity.timeline/Editor/treeview/Drawers/TrackItemsDrawer.cs using Guid(c7137daaeb11e8647bf1ade9b7e9aa97) Importer(2089858483,b0f066a214c2f5e87bad3c948f4d605d) (ScriptedImporter) -> (artifact id: '14d67469d0cfec140c18eb7efb341016') in 0.005787 seconds
Number of updated asset objects reloaded before import = 0Number of asset objects unloaded after import = 0

========================================================================
Received Import Request.
  Time since last request: 0.000096 seconds.
  path: Packages/com.unity.timeline/Editor/Utilities/BindingUtility.cs
  artifactKey: Guid(ef5fa6e2005defb4ab5142723827b58e) Importer(2089858483,b0f066a214c2f5e87bad3c948f4d605d)
Start importing Packages/com.unity.timeline/Editor/Utilities/BindingUtility.cs using Guid(ef5fa6e2005defb4ab5142723827b58e) Importer(2089858483,b0f066a214c2f5e87bad3c948f4d605d) (ScriptedImporter) -> (artifact id: '11a360e8c046599d0148a1612da40468') in 0.0059699 seconds
Number of updated asset objects reloaded before import = 0Number of asset objects unloaded after import = 0

========================================================================
Received Import Request.
  Time since last request: 0.000119 seconds.
  path: Packages/com.unity.timeline/Editor/StyleSheets/Images/Icons/TimelineCollapseMarkerButtonEnabled.png
  artifactKey: Guid(0367ce1ebbbb18940b79eed63a0315d5) Importer(2089858483,b0f066a214c2f5e87bad3c948f4d605d)
Start importing Packages/com.unity.timeline/Editor/StyleSheets/Images/Icons/TimelineCollapseMarkerButtonEnabled.png using Guid(0367ce1ebbbb18940b79eed63a0315d5) Importer(2089858483,b0f066a214c2f5e87bad3c948f4d605d) (ScriptedImporter) -> (artifact id: '58520c1063775d0a3c5d3247051b6311') in 0.0125892 seconds
Number of updated asset objects reloaded before import = 0Number of asset objects unloaded after import = 1

========================================================================
Received Import Request.
  Time since last request: 0.000067 seconds.
  path: Packages/com.unity.ide.rider/Rider/Editor/Properties/AssemblyInfo.cs
  artifactKey: Guid(8472c6472e6d4301873871a9e8fcf952) Importer(2089858483,b0f066a214c2f5e87bad3c948f4d605d)
Start importing Packages/com.unity.ide.rider/Rider/Editor/Properties/AssemblyInfo.cs using Guid(8472c6472e6d4301873871a9e8fcf952) Importer(2089858483,b0f066a214c2f5e87bad3c948f4d605d) (ScriptedImporter) -> (artifact id: '1e4536df24e8e4b70e01151d31989710') in 0.0051999 seconds
Number of updated asset objects reloaded before import = 0Number of asset objects unloaded after import = 0

========================================================================
Received Import Request.
  Time since last request: 0.000097 seconds.
  path: Packages/com.unity.timeline/Editor/StyleSheets/Images/LightSkin/TimelineContinue.png
  artifactKey: Guid(61c21f74972ba8246b3ea400a9231841) Importer(2089858483,b0f066a214c2f5e87bad3c948f4d605d)
Start importing Packages/com.unity.timeline/Editor/StyleSheets/Images/LightSkin/TimelineContinue.png using Guid(61c21f74972ba8246b3ea400a9231841) Importer(2089858483,b0f066a214c2f5e87bad3c948f4d605d) (ScriptedImporter) -> (artifact id: '97be7dd20b3e21ebe42f6b1d506ad1f1') in 0.0122159 seconds
Number of updated asset objects reloaded before import = 0Number of asset objects unloaded after import = 1

========================================================================
Received Import Request.
  Time since last request: 0.000094 seconds.
  path: Packages/com.unity.ide.rider/Rider/Editor/ProjectGeneration/SolutionGuidGenerator.cs
  artifactKey: Guid(3e4e7fdc19414089a0fb43e43b1bdae1) Importer(2089858483,b0f066a214c2f5e87bad3c948f4d605d)
Start importing Packages/com.unity.ide.rider/Rider/Editor/ProjectGeneration/SolutionGuidGenerator.cs using Guid(3e4e7fdc19414089a0fb43e43b1bdae1) Importer(2089858483,b0f066a214c2f5e87bad3c948f4d605d) (ScriptedImporter) -> (artifact id: 'bfe46e603cf88b8d07b2c4bf5ba38e48') in 0.0056417 seconds
Number of updated asset objects reloaded before import = 0Number of asset objects unloaded after import = 0

========================================================================
Received Import Request.
  Time since last request: 0.000090 seconds.
  path: Packages/com.unity.timeline/Editor/StyleSheets/Images/Icons/d_TrackMuteButtonEnabled.png
  artifactKey: Guid(ac5017dfbeee42347b3b45ecc572674e) Importer(2089858483,b0f066a214c2f5e87bad3c948f4d605d)
Start importing Packages/com.unity.timeline/Editor/StyleSheets/Images/Icons/d_TrackMuteButtonEnabled.png using Guid(ac5017dfbeee42347b3b45ecc572674e) Importer(2089858483,b0f066a214c2f5e87bad3c948f4d605d) (ScriptedImporter) -> (artifact id: '59026e3af13dbc9a45c0b05ff6ed032c') in 0.0138169 seconds
Number of updated asset objects reloaded before import = 0Number of asset objects unloaded after import = 1

========================================================================
Received Import Request.
  Time since last request: 0.000092 seconds.
  path: Packages/com.unity.timeline/Editor/StyleSheets/Images/DarkSkin/TimelineKeyframe.png
  artifactKey: Guid(8eba099eb091faf419fecdcd5cdabfd7) Importer(2089858483,b0f066a214c2f5e87bad3c948f4d605d)
Start importing Packages/com.unity.timeline/Editor/StyleSheets/Images/DarkSkin/TimelineKeyframe.png using Guid(8eba099eb091faf419fecdcd5cdabfd7) Importer(2089858483,b0f066a214c2f5e87bad3c948f4d605d) (ScriptedImporter) -> (artifact id: 'ffd7fbaff4ecb12048f962c7f7d5bbf7') in 0.014331 seconds
Number of updated asset objects reloaded before import = 0Number of asset objects unloaded after import = 1

========================================================================
Received Import Request.
  Time since last request: 0.000022 seconds.
  path: Packages/com.unity.timeline/Runtime/Playables/ParticleControlPlayable.cs
  artifactKey: Guid(f603edd7163537f44927ad2808147a25) Importer(2089858483,b0f066a214c2f5e87bad3c948f4d605d)
Start importing Packages/com.unity.timeline/Runtime/Playables/ParticleControlPlayable.cs using Guid(f603edd7163537f44927ad2808147a25) Importer(2089858483,b0f066a214c2f5e87bad3c948f4d605d) (ScriptedImporter) -> (artifact id: '96cf509cbe9821e21d2c661629d70b97') in 0.0066047 seconds
Number of updated asset objects reloaded before import = 0Number of asset objects unloaded after import = 0

========================================================================
Received Import Request.
  Time since last request: 0.000066 seconds.
  path: Packages/com.unity.timeline/Editor/StyleSheets/Images/Icons/d_TrackRecordButtonEnabled.png
  artifactKey: Guid(0e5ba0f04df278944a8f5a62f64f5aa6) Importer(2089858483,b0f066a214c2f5e87bad3c948f4d605d)
Start importing Packages/com.unity.timeline/Editor/StyleSheets/Images/Icons/d_TrackRecordButtonEnabled.png using Guid(0e5ba0f04df278944a8f5a62f64f5aa6) Importer(2089858483,b0f066a214c2f5e87bad3c948f4d605d) (ScriptedImporter) -> (artifact id: '4d292d6884a4558815d0acd487c899ec') in 0.0142564 seconds
Number of updated asset objects reloaded before import = 0Number of asset objects unloaded after import = 1

========================================================================
Received Import Request.
  Time since last request: 0.000041 seconds.
  path: Packages/com.unity.timeline/Editor/StyleSheets/Images/Icons/TrackMuteButtonDisabled.png
  artifactKey: Guid(5216b1b48296ef345ad2d2ec43105bf0) Importer(2089858483,b0f066a214c2f5e87bad3c948f4d605d)
Start importing Packages/com.unity.timeline/Editor/StyleSheets/Images/Icons/TrackMuteButtonDisabled.png using Guid(5216b1b48296ef345ad2d2ec43105bf0) Importer(2089858483,b0f066a214c2f5e87bad3c948f4d605d) (ScriptedImporter) -> (artifact id: '81f04ee571a416b923dbc33b7a543529') in 0.0140974 seconds
Number of updated asset objects reloaded before import = 0Number of asset objects unloaded after import = 1

========================================================================
Received Import Request.
  Time since last request: 0.000063 seconds.
  path: Packages/com.unity.ide.rider/Rider/Editor/ProjectGeneration/LastWriteTracker.cs
  artifactKey: Guid(7019e230344c48d4b81602e2e978e5de) Importer(2089858483,b0f066a214c2f5e87bad3c948f4d605d)
Start importing Packages/com.unity.ide.rider/Rider/Editor/ProjectGeneration/LastWriteTracker.cs using Guid(7019e230344c48d4b81602e2e978e5de) Importer(2089858483,b0f066a214c2f5e87bad3c948f4d605d) (ScriptedImporter) -> (artifact id: '1b093ef09e21fe0c6ccdc87c6b8e8071') in 0.0054558 seconds
Number of updated asset objects reloaded before import = 0Number of asset objects unloaded after import = 0

========================================================================
Received Import Request.
  Time since last request: 0.000049 seconds.
  path: Packages/com.unity.timeline/Editor/StyleSheets/Images/Icons/TimelineEditModeReplaceON.png
  artifactKey: Guid(6d41c3e8796a4fd4e80840354039e4ac) Importer(2089858483,b0f066a214c2f5e87bad3c948f4d605d)
Start importing Packages/com.unity.timeline/Editor/StyleSheets/Images/Icons/TimelineEditModeReplaceON.png using Guid(6d41c3e8796a4fd4e80840354039e4ac) Importer(2089858483,b0f066a214c2f5e87bad3c948f4d605d) (ScriptedImporter) -> (artifact id: '667fed7659f33694111cb2e1b9f20040') in 0.0129708 seconds
Number of updated asset objects reloaded before import = 0Number of asset objects unloaded after import = 1

========================================================================
Received Import Request.
  Time since last request: 0.000075 seconds.
  path: Packages/com.unity.timeline/Editor/inspectors/ClipInspector/ClipInspectorCurveEditor.cs
  artifactKey: Guid(d3d14fa8f6934e14d92e37279e40e89b) Importer(2089858483,b0f066a214c2f5e87bad3c948f4d605d)
Start importing Packages/com.unity.timeline/Editor/inspectors/ClipInspector/ClipInspectorCurveEditor.cs using Guid(d3d14fa8f6934e14d92e37279e40e89b) Importer(2089858483,b0f066a214c2f5e87bad3c948f4d605d) (ScriptedImporter) -> (artifact id: '8bfbadb75300ae793b7858d08aec0ffc') in 0.0068503 seconds
Number of updated asset objects reloaded before import = 0Number of asset objects unloaded after import = 0

========================================================================
Received Import Request.
  Time since last request: 0.000077 seconds.
  path: Packages/com.unity.timeline/Runtime/Events/INotificationOptionProvider.cs
  artifactKey: Guid(5082cb99a8f99b84d84dd8b4c5233a9e) Importer(2089858483,b0f066a214c2f5e87bad3c948f4d605d)
Start importing Packages/com.unity.timeline/Runtime/Events/INotificationOptionProvider.cs using Guid(5082cb99a8f99b84d84dd8b4c5233a9e) Importer(2089858483,b0f066a214c2f5e87bad3c948f4d605d) (ScriptedImporter) -> (artifact id: '2a9a8ee0c5e411bbc955ade2283320bb') in 0.0056776 seconds
Number of updated asset objects reloaded before import = 0Number of asset objects unloaded after import = 0

========================================================================
Received Import Request.
  Time since last request: 0.000096 seconds.
  path: Packages/com.unity.timeline/Editor/Manipulators/Sequence/TrimClip.cs
  artifactKey: Guid(511aa760b8728a940a41c29837945292) Importer(2089858483,b0f066a214c2f5e87bad3c948f4d605d)
Start importing Packages/com.unity.timeline/Editor/Manipulators/Sequence/TrimClip.cs using Guid(511aa760b8728a940a41c29837945292) Importer(2089858483,b0f066a214c2f5e87bad3c948f4d605d) (ScriptedImporter) -> (artifact id: '617a2ee78868567ac6495efeb35e4da1') in 0.0059182 seconds
Number of updated asset objects reloaded before import = 0Number of asset objects unloaded after import = 0

========================================================================
Received Import Request.
  Time since last request: 0.000142 seconds.
  path: Packages/com.unity.timeline/Editor/StyleSheets/Images/DarkSkin/TimelineAutokey.png
  artifactKey: Guid(92b5e4310629b264dad0fb2cc196d818) Importer(2089858483,b0f066a214c2f5e87bad3c948f4d605d)
Start importing Packages/com.unity.timeline/Editor/StyleSheets/Images/DarkSkin/TimelineAutokey.png using Guid(92b5e4310629b264dad0fb2cc196d818) Importer(2089858483,b0f066a214c2f5e87bad3c948f4d605d) (ScriptedImporter) -> (artifact id: '78245d036530c7c090a5ad513364b88b') in 0.0131567 seconds
Number of updated asset objects reloaded before import = 0Number of asset objects unloaded after import = 1

========================================================================
Received Import Request.
  Time since last request: 0.000124 seconds.
  path: Packages/com.unity.timeline/Editor/StyleSheets/Images/LightSkin/TimelineAutokey.png
  artifactKey: Guid(af3aec622aef40c45813b39e405966a3) Importer(2089858483,b0f066a214c2f5e87bad3c948f4d605d)
Start importing Packages/com.unity.timeline/Editor/StyleSheets/Images/LightSkin/TimelineAutokey.png using Guid(af3aec622aef40c45813b39e405966a3) Importer(2089858483,b0f066a214c2f5e87bad3c948f4d605d) (ScriptedImporter) -> (artifact id: '7a346883f0e334c0e4abb4c03a79961c') in 0.0193004 seconds
Number of updated asset objects reloaded before import = 0Number of asset objects unloaded after import = 1

========================================================================
Received Import Request.
  Time since last request: 0.000022 seconds.
  path: Packages/com.unity.timeline/Editor/StyleSheets/Images/LightSkin/TimelineHold.png
  artifactKey: Guid(a09fd8b5d9396c24a96a6de50cddc3b9) Importer(2089858483,b0f066a214c2f5e87bad3c948f4d605d)
Start importing Packages/com.unity.timeline/Editor/StyleSheets/Images/LightSkin/TimelineHold.png using Guid(a09fd8b5d9396c24a96a6de50cddc3b9) Importer(2089858483,b0f066a214c2f5e87bad3c948f4d605d) (ScriptedImporter) -> (artifact id: '34c460ac9b591d4fac4e07b41fbf2fbc') in 0.0176859 seconds
Number of updated asset objects reloaded before import = 0Number of asset objects unloaded after import = 1

========================================================================
Received Import Request.
  Time since last request: 0.000046 seconds.
  path: Packages/com.unity.timeline/Editor/Undo/ApplyDefaultUndoAttribute.cs
  artifactKey: Guid(b46a1ab31b3043b88cc57df2167383ac) Importer(2089858483,b0f066a214c2f5e87bad3c948f4d605d)
Start importing Packages/com.unity.timeline/Editor/Undo/ApplyDefaultUndoAttribute.cs using Guid(b46a1ab31b3043b88cc57df2167383ac) Importer(2089858483,b0f066a214c2f5e87bad3c948f4d605d) (ScriptedImporter) -> (artifact id: '4c06b2beb70d04d488e3eb0d713f96ab') in 0.0061123 seconds
Number of updated asset objects reloaded before import = 0Number of asset objects unloaded after import = 0

========================================================================
Received Import Request.
  Time since last request: 0.000094 seconds.
  path: Packages/com.unity.timeline/Editor/Utilities/Scopes/GUIGroupScope.cs
  artifactKey: Guid(0bee8aba5e8a40446b7098666c5314d9) Importer(2089858483,b0f066a214c2f5e87bad3c948f4d605d)
Start importing Packages/com.unity.timeline/Editor/Utilities/Scopes/GUIGroupScope.cs using Guid(0bee8aba5e8a40446b7098666c5314d9) Importer(2089858483,b0f066a214c2f5e87bad3c948f4d605d) (ScriptedImporter) -> (artifact id: '35a805a72b9a75d176c61f879f4efb56') in 0.0058785 seconds
Number of updated asset objects reloaded before import = 0Number of asset objects unloaded after import = 0

========================================================================
Received Import Request.
  Time since last request: 0.000094 seconds.
  path: Packages/com.unity.timeline/Editor/Manipulators/AddDelete/AddDeleteItemModeReplace.cs
  artifactKey: Guid(ea28dc637ae40484da709200d3328587) Importer(2089858483,b0f066a214c2f5e87bad3c948f4d605d)
Start importing Packages/com.unity.timeline/Editor/Manipulators/AddDelete/AddDeleteItemModeReplace.cs using Guid(ea28dc637ae40484da709200d3328587) Importer(2089858483,b0f066a214c2f5e87bad3c948f4d605d) (ScriptedImporter) -> (artifact id: 'fdd2b53a89c5e74c26a85fc595b58870') in 0.0063785 seconds
Number of updated asset objects reloaded before import = 0Number of asset objects unloaded after import = 0

========================================================================
Received Import Request.
  Time since last request: 0.000030 seconds.
  path: Packages/com.unity.timeline/Editor/Utilities/Scopes/LabelWidthScope.cs
  artifactKey: Guid(9d095bb54df44c01a27e76a2b060a072) Importer(2089858483,b0f066a214c2f5e87bad3c948f4d605d)
Start importing Packages/com.unity.timeline/Editor/Utilities/Scopes/LabelWidthScope.cs using Guid(9d095bb54df44c01a27e76a2b060a072) Importer(2089858483,b0f066a214c2f5e87bad3c948f4d605d) (ScriptedImporter) -> (artifact id: '4fb561dae30c942b2d3dedf29e7369c4') in 0.0076749 seconds
Number of updated asset objects reloaded before import = 0Number of asset objects unloaded after import = 0

========================================================================
Received Import Request.
  Time since last request: 0.000162 seconds.
  path: Packages/com.unity.timeline/Editor/Window/PlaybackScroller.cs
  artifactKey: Guid(98545765d7a2b614b921715928035ee2) Importer(2089858483,b0f066a214c2f5e87bad3c948f4d605d)
Start importing Packages/com.unity.timeline/Editor/Window/PlaybackScroller.cs using Guid(98545765d7a2b614b921715928035ee2) Importer(2089858483,b0f066a214c2f5e87bad3c948f4d605d) (ScriptedImporter) -> (artifact id: '5839b515d99b5ec6f11512ae38c83bb5') in 0.0068115 seconds
Number of updated asset objects reloaded before import = 0Number of asset objects unloaded after import = 0

========================================================================
Received Import Request.
  Time since last request: 0.000063 seconds.
  path: Packages/com.unity.ide.rider/Rider/Editor/ProjectGeneration/IGenerator.cs
  artifactKey: Guid(39cb9ab8a3b2452cbf58ffbea841d203) Importer(2089858483,b0f066a214c2f5e87bad3c948f4d605d)
Start importing Packages/com.unity.ide.rider/Rider/Editor/ProjectGeneration/IGenerator.cs using Guid(39cb9ab8a3b2452cbf58ffbea841d203) Importer(2089858483,b0f066a214c2f5e87bad3c948f4d605d) (ScriptedImporter) -> (artifact id: '2365dc7d88e455c1bb2525a2222940b8') in 0.0072219 seconds
Number of updated asset objects reloaded before import = 0Number of asset objects unloaded after import = 0

========================================================================
Received Import Request.
  Time since last request: 0.000086 seconds.
  path: Packages/com.unity.timeline/Editor/Manipulators/Move/MoveItemModeRipple.cs
  artifactKey: Guid(eebde5009793ce948bf5d4c4435b89b9) Importer(2089858483,b0f066a214c2f5e87bad3c948f4d605d)
Start importing Packages/com.unity.timeline/Editor/Manipulators/Move/MoveItemModeRipple.cs using Guid(eebde5009793ce948bf5d4c4435b89b9) Importer(2089858483,b0f066a214c2f5e87bad3c948f4d605d) (ScriptedImporter) -> (artifact id: 'bf47d9e5712017c9ad687b0e1de936f5') in 0.0073046 seconds
Number of updated asset objects reloaded before import = 0Number of asset objects unloaded after import = 0

========================================================================
Received Import Request.
  Time since last request: 0.000044 seconds.
  path: Packages/com.unity.timeline/Runtime/Playables/TimeControlPlayable.cs
  artifactKey: Guid(1db879070d9a45f4c86cdf5e59616df5) Importer(2089858483,b0f066a214c2f5e87bad3c948f4d605d)
Start importing Packages/com.unity.timeline/Runtime/Playables/TimeControlPlayable.cs using Guid(1db879070d9a45f4c86cdf5e59616df5) Importer(2089858483,b0f066a214c2f5e87bad3c948f4d605d) (ScriptedImporter) -> (artifact id: 'eaa6f1d4f483887b48de639ede2a8980') in 0.0070351 seconds
Number of updated asset objects reloaded before import = 0Number of asset objects unloaded after import = 0

========================================================================
Received Import Request.
  Time since last request: 0.000106 seconds.
  path: Packages/com.unity.timeline/Runtime/Audio/AudioPlayableAsset.cs
  artifactKey: Guid(4f10dd60657c6004587f237a7e90f8e4) Importer(2089858483,b0f066a214c2f5e87bad3c948f4d605d)
Start importing Packages/com.unity.timeline/Runtime/Audio/AudioPlayableAsset.cs using Guid(4f10dd60657c6004587f237a7e90f8e4) Importer(2089858483,b0f066a214c2f5e87bad3c948f4d605d) (ScriptedImporter) -> (artifact id: '1016e8ccebb3331480a5732fa6bf6b07') in 0.0069343 seconds
Number of updated asset objects reloaded before import = 0Number of asset objects unloaded after import = 0

========================================================================
Received Import Request.
  Time since last request: 0.000043 seconds.
  path: Packages/com.unity.timeline/Editor/StyleSheets/Images/LightSkin/TimelineInfiniteTrackNoShadow.png
  artifactKey: Guid(69ff79f863a32ad44a9497d4896d9d1c) Importer(2089858483,b0f066a214c2f5e87bad3c948f4d605d)
Start importing Packages/com.unity.timeline/Editor/StyleSheets/Images/LightSkin/TimelineInfiniteTrackNoShadow.png using Guid(69ff79f863a32ad44a9497d4896d9d1c) Importer(2089858483,b0f066a214c2f5e87bad3c948f4d605d) (ScriptedImporter) -> (artifact id: '89aa3c54ce68ca70551a2fc5fbf8c006') in 0.018819 seconds
Number of updated asset objects reloaded before import = 0Number of asset objects unloaded after import = 1

========================================================================
Received Import Request.
  Time since last request: 0.000021 seconds.
  path: Packages/com.unity.ide.rider/Rider/Editor/RiderInitializer.cs
  artifactKey: Guid(f5a0cc9645f0e2d4fb816156dcf3f4dd) Importer(2089858483,b0f066a214c2f5e87bad3c948f4d605d)
Start importing Packages/com.unity.ide.rider/Rider/Editor/RiderInitializer.cs using Guid(f5a0cc9645f0e2d4fb816156dcf3f4dd) Importer(2089858483,b0f066a214c2f5e87bad3c948f4d605d) (ScriptedImporter) -> (artifact id: '229ac74650e41c18a12085f7ea378caa') in 0.0073199 seconds
Number of updated asset objects reloaded before import = 0Number of asset objects unloaded after import = 0

========================================================================
Received Import Request.
  Time since last request: 0.000100 seconds.
  path: Packages/com.unity.ide.rider/Rider/Editor/UnitTesting/SyncTestRunCallback.cs
  artifactKey: Guid(58ab3828fb407c742a48b82bc5983a87) Importer(2089858483,b0f066a214c2f5e87bad3c948f4d605d)
Start importing Packages/com.unity.ide.rider/Rider/Editor/UnitTesting/SyncTestRunCallback.cs using Guid(58ab3828fb407c742a48b82bc5983a87) Importer(2089858483,b0f066a214c2f5e87bad3c948f4d605d) (ScriptedImporter) -> (artifact id: '1bb1d16e79db96b5a6c1d1ce258d2c10') in 0.0062842 seconds
Number of updated asset objects reloaded before import = 0Number of asset objects unloaded after import = 0

========================================================================
Received Import Request.
  Time since last request: 0.000085 seconds.
  path: Packages/com.unity.timeline/Editor/StyleSheets/Images/Icons/d_TrackMarkerButtonEnabled.png
  artifactKey: Guid(d18286874382ef042bbbdab5f71329c1) Importer(2089858483,b0f066a214c2f5e87bad3c948f4d605d)
Start importing Packages/com.unity.timeline/Editor/StyleSheets/Images/Icons/d_TrackMarkerButtonEnabled.png using Guid(d18286874382ef042bbbdab5f71329c1) Importer(2089858483,b0f066a214c2f5e87bad3c948f4d605d) (ScriptedImporter) -> (artifact id: 'c4003d3da4644ea5f7ced188840d75a0') in 0.0173571 seconds
Number of updated asset objects reloaded before import = 0Number of asset objects unloaded after import = 1

========================================================================
Received Import Request.
  Time since last request: 0.000115 seconds.
  path: Packages/com.unity.timeline/Editor/StyleSheets/Images/Icons/TrackMuteButtonDisabled@2x.png
  artifactKey: Guid(db31466324572e740a431e4e0e03a016) Importer(2089858483,b0f066a214c2f5e87bad3c948f4d605d)
Start importing Packages/com.unity.timeline/Editor/StyleSheets/Images/Icons/TrackMuteButtonDisabled@2x.png using Guid(db31466324572e740a431e4e0e03a016) Importer(2089858483,b0f066a214c2f5e87bad3c948f4d605d) (ScriptedImporter) -> (artifact id: 'dfc7f3eb1b65ffdc8e839b64f860dcc0') in 0.0159948 seconds
Number of updated asset objects reloaded before import = 0Number of asset objects unloaded after import = 1

========================================================================
Received Import Request.
  Time since last request: 0.000051 seconds.
  path: Packages/com.unity.ide.rider/Rider/Editor/ProjectGeneration/ProjectPart.cs
  artifactKey: Guid(0691c2fe40564a64b3a9b7372c5eca2a) Importer(2089858483,b0f066a214c2f5e87bad3c948f4d605d)
Start importing Packages/com.unity.ide.rider/Rider/Editor/ProjectGeneration/ProjectPart.cs using Guid(0691c2fe40564a64b3a9b7372c5eca2a) Importer(2089858483,b0f066a214c2f5e87bad3c948f4d605d) (ScriptedImporter) -> (artifact id: '858bafdec8445c3226e400dd440e0401') in 0.0061785 seconds
Number of updated asset objects reloaded before import = 0Number of asset objects unloaded after import = 0

========================================================================
Received Import Request.
  Time since last request: 0.000091 seconds.
  path: Packages/com.unity.timeline/Editor/StyleSheets/Images/LightSkin/TimelineSignalCollapsed.png
  artifactKey: Guid(a88fa20ed164bbe4da6bf533f94a3113) Importer(2089858483,b0f066a214c2f5e87bad3c948f4d605d)
Start importing Packages/com.unity.timeline/Editor/StyleSheets/Images/LightSkin/TimelineSignalCollapsed.png using Guid(a88fa20ed164bbe4da6bf533f94a3113) Importer(2089858483,b0f066a214c2f5e87bad3c948f4d605d) (ScriptedImporter) -> (artifact id: '3c0354cc2f43c50d4882fae8908f56b2') in 0.0147707 seconds
Number of updated asset objects reloaded before import = 0Number of asset objects unloaded after import = 1

========================================================================
Received Import Request.
  Time since last request: 0.000051 seconds.
  path: Packages/com.unity.timeline/Runtime/Playables/PrefabControlPlayable.cs
  artifactKey: Guid(439c018cf4619e94d9a92110ce0aa188) Importer(2089858483,b0f066a214c2f5e87bad3c948f4d605d)
Start importing Packages/com.unity.timeline/Runtime/Playables/PrefabControlPlayable.cs using Guid(439c018cf4619e94d9a92110ce0aa188) Importer(2089858483,b0f066a214c2f5e87bad3c948f4d605d) (ScriptedImporter) -> (artifact id: 'be8faea8e409d3c2cea6e1f6f5a60e18') in 0.007809 seconds
Number of updated asset objects reloaded before import = 0Number of asset objects unloaded after import = 0

========================================================================
Received Import Request.
  Time since last request: 0.000080 seconds.
  path: Packages/com.unity.timeline/Editor/StyleSheets/Images/Shared/TimelineSwatch.png
  artifactKey: Guid(e50018fd67fc156459e4014bdad3f5f6) Importer(2089858483,b0f066a214c2f5e87bad3c948f4d605d)
Start importing Packages/com.unity.timeline/Editor/StyleSheets/Images/Shared/TimelineSwatch.png using Guid(e50018fd67fc156459e4014bdad3f5f6) Importer(2089858483,b0f066a214c2f5e87bad3c948f4d605d) (ScriptedImporter) -> (artifact id: '8a0087a0c20df36c6d21031d12e0c413') in 0.0174121 seconds
Number of updated asset objects reloaded before import = 0Number of asset objects unloaded after import = 1

========================================================================
Received Import Request.
  Time since last request: 0.000023 seconds.
  path: Packages/com.unity.timeline/Editor/Window/OverlayDrawer.cs
  artifactKey: Guid(4f4398a10f384dacb37698e5b1f8fede) Importer(2089858483,b0f066a214c2f5e87bad3c948f4d605d)
Start importing Packages/com.unity.timeline/Editor/Window/OverlayDrawer.cs using Guid(4f4398a10f384dacb37698e5b1f8fede) Importer(2089858483,b0f066a214c2f5e87bad3c948f4d605d) (ScriptedImporter) -> (artifact id: 'c9848f3a7227fc7a4960279e8b12da05') in 0.0072273 seconds
Number of updated asset objects reloaded before import = 0Number of asset objects unloaded after import = 0

========================================================================
Received Import Request.
  Time since last request: 0.000081 seconds.
  path: Packages/com.unity.timeline/Editor/StyleSheets/Images/Icons/d_TrackLockButtonDisabled.png
  artifactKey: Guid(52ee3ba2abc3da14a95cdf64d32ae0ae) Importer(2089858483,b0f066a214c2f5e87bad3c948f4d605d)
Start importing Packages/com.unity.timeline/Editor/StyleSheets/Images/Icons/d_TrackLockButtonDisabled.png using Guid(52ee3ba2abc3da14a95cdf64d32ae0ae) Importer(2089858483,b0f066a214c2f5e87bad3c948f4d605d) (ScriptedImporter) -> (artifact id: 'b0707cf1cbfcc324411bb69aea476bf0') in 0.0165501 seconds
Number of updated asset objects reloaded before import = 0Number of asset objects unloaded after import = 1

========================================================================
Received Import Request.
  Time since last request: 0.000025 seconds.
  path: Packages/com.unity.timeline/Editor/treeview/TimelineTreeView.cs
  artifactKey: Guid(82a8ce43816925d4b971951094cb755c) Importer(2089858483,b0f066a214c2f5e87bad3c948f4d605d)
Start importing Packages/com.unity.timeline/Editor/treeview/TimelineTreeView.cs using Guid(82a8ce43816925d4b971951094cb755c) Importer(2089858483,b0f066a214c2f5e87bad3c948f4d605d) (ScriptedImporter) -> (artifact id: 'ff1cc7ba5112faa0eb60a8e195b19fcf') in 0.008096 seconds
Number of updated asset objects reloaded before import = 0Number of asset objects unloaded after import = 0

========================================================================
Received Import Request.
  Time since last request: 0.000092 seconds.
  path: Packages/com.unity.modules.unitywebrequest/package.json
  artifactKey: Guid(3fdd83b151eb8d25c5e2f82fc39dcb04) Importer(2089858483,b0f066a214c2f5e87bad3c948f4d605d)
Start importing Packages/com.unity.modules.unitywebrequest/package.json using Guid(3fdd83b151eb8d25c5e2f82fc39dcb04) Importer(2089858483,b0f066a214c2f5e87bad3c948f4d605d) (ScriptedImporter) -> (artifact id: '77df33a1fd9f8815cc86a16e22334024') in 0.008006 seconds
Number of updated asset objects reloaded before import = 0Number of asset objects unloaded after import = 1

========================================================================
Received Import Request.
  Time since last request: 0.000025 seconds.
  path: Packages/com.unity.timeline/Editor/StyleSheets/Images/Icons/TrackRecordButtonDisabled@2x.png
  artifactKey: Guid(6091f9516d23100479c03bca26138bc8) Importer(2089858483,b0f066a214c2f5e87bad3c948f4d605d)
Start importing Packages/com.unity.timeline/Editor/StyleSheets/Images/Icons/TrackRecordButtonDisabled@2x.png using Guid(6091f9516d23100479c03bca26138bc8) Importer(2089858483,b0f066a214c2f5e87bad3c948f4d605d) (ScriptedImporter) -> (artifact id: '1458627a04f821ad33e8b833bb8d82eb') in 0.016474 seconds
Number of updated asset objects reloaded before import = 0Number of asset objects unloaded after import = 1

========================================================================
Received Import Request.
  Time since last request: 0.000036 seconds.
  path: Packages/com.unity.timeline/Editor/Actions/Menus/MenuItemActionBase.cs
  artifactKey: Guid(5882d0e4313310143acb11d1a66c597f) Importer(2089858483,b0f066a214c2f5e87bad3c948f4d605d)
Start importing Packages/com.unity.timeline/Editor/Actions/Menus/MenuItemActionBase.cs using Guid(5882d0e4313310143acb11d1a66c597f) Importer(2089858483,b0f066a214c2f5e87bad3c948f4d605d) (ScriptedImporter) -> (artifact id: 'a0bd21cd1862f6ccb7d731b0079feafc') in 0.006261 seconds
Number of updated asset objects reloaded before import = 0Number of asset objects unloaded after import = 0

========================================================================
Received Import Request.
  Time since last request: 0.000102 seconds.
  path: Packages/com.unity.timeline/Runtime/Utilities/TimelineUndo.cs
  artifactKey: Guid(1f2a7e0d1b6bbba408a41e206945c23c) Importer(2089858483,b0f066a214c2f5e87bad3c948f4d605d)
Start importing Packages/com.unity.timeline/Runtime/Utilities/TimelineUndo.cs using Guid(1f2a7e0d1b6bbba408a41e206945c23c) Importer(2089858483,b0f066a214c2f5e87bad3c948f4d605d) (ScriptedImporter) -> (artifact id: 'f0302e8e03e171396ffcefb83be4c2af') in 0.0080909 seconds
Number of updated asset objects reloaded before import = 0Number of asset objects unloaded after import = 0

========================================================================
Received Import Request.
  Time since last request: 0.000105 seconds.
  path: Packages/com.unity.timeline/Editor/StyleSheets/Images/Icons/d_TimelineEditModeRippleON.png
  artifactKey: Guid(67a774c4384aa6c488128e2851b18ced) Importer(2089858483,b0f066a214c2f5e87bad3c948f4d605d)
Start importing Packages/com.unity.timeline/Editor/StyleSheets/Images/Icons/d_TimelineEditModeRippleON.png using Guid(67a774c4384aa6c488128e2851b18ced) Importer(2089858483,b0f066a214c2f5e87bad3c948f4d605d) (ScriptedImporter) -> (artifact id: '3dcc809f8b828839557ad1b80cb369a0') in 0.0195562 seconds
Number of updated asset objects reloaded before import = 0Number of asset objects unloaded after import = 1

========================================================================
Received Import Request.
  Time since last request: 0.000075 seconds.
  path: Packages/com.unity.ide.rider/Rider/Editor/com.unity.ide.rider.asmdef
  artifactKey: Guid(d528c8c98d269ca44a06cd9624a03945) Importer(2089858483,b0f066a214c2f5e87bad3c948f4d605d)
Start importing Packages/com.unity.ide.rider/Rider/Editor/com.unity.ide.rider.asmdef using Guid(d528c8c98d269ca44a06cd9624a03945) Importer(2089858483,b0f066a214c2f5e87bad3c948f4d605d) (ScriptedImporter) -> (artifact id: '0ddb631f64d63da319421e85a91fb0d6') in 0.0074614 seconds
Number of updated asset objects reloaded before import = 0Number of asset objects unloaded after import = 1

========================================================================
Received Import Request.
  Time since last request: 0.000057 seconds.
  path: Packages/com.unity.timeline/Editor/Window/TimelineWindow_Manipulators.cs
  artifactKey: Guid(c3a595c9a8ed19040bb2612fe168759d) Importer(2089858483,b0f066a214c2f5e87bad3c948f4d605d)
Start importing Packages/com.unity.timeline/Editor/Window/TimelineWindow_Manipulators.cs using Guid(c3a595c9a8ed19040bb2612fe168759d) Importer(2089858483,b0f066a214c2f5e87bad3c948f4d605d) (ScriptedImporter) -> (artifact id: '90f1bab27621b39dded8eaed9c54553d') in 0.0073187 seconds
Number of updated asset objects reloaded before import = 0Number of asset objects unloaded after import = 0

========================================================================
Received Import Request.
  Time since last request: 0.000180 seconds.
  path: Packages/com.unity.timeline/Runtime/Control/ControlTrack.cs
  artifactKey: Guid(15e0374501f39d54eb30235764636e0e) Importer(2089858483,b0f066a214c2f5e87bad3c948f4d605d)
Start importing Packages/com.unity.timeline/Runtime/Control/ControlTrack.cs using Guid(15e0374501f39d54eb30235764636e0e) Importer(2089858483,b0f066a214c2f5e87bad3c948f4d605d) (ScriptedImporter) -> (artifact id: 'e736db5efb7990fe9cc641ed1f04d9e5') in 0.0083515 seconds
Number of updated asset objects reloaded before import = 0Number of asset objects unloaded after import = 0

========================================================================
Received Import Request.
  Time since last request: 0.000067 seconds.
  path: Packages/com.unity.timeline/Editor/StyleSheets/Images/Icons/TrackLockButtonEnabled.png
  artifactKey: Guid(cf575301f1e76c4478de0e77db15eba0) Importer(2089858483,b0f066a214c2f5e87bad3c948f4d605d)
Start importing Packages/com.unity.timeline/Editor/StyleSheets/Images/Icons/TrackLockButtonEnabled.png using Guid(cf575301f1e76c4478de0e77db15eba0) Importer(2089858483,b0f066a214c2f5e87bad3c948f4d605d) (ScriptedImporter) -> (artifact id: 'd4800fb7b99d2d6aee4081723c75a873') in 0.014399 seconds
Number of updated asset objects reloaded before import = 0Number of asset objects unloaded after import = 1

========================================================================
Received Import Request.
  Time since last request: 0.000106 seconds.
  path: Packages/com.unity.timeline/Editor/StyleSheets/Extensions/common.uss
  artifactKey: Guid(ada555936059fa149bb48537842ee230) Importer(2089858483,b0f066a214c2f5e87bad3c948f4d605d)
Start importing Packages/com.unity.timeline/Editor/StyleSheets/Extensions/common.uss using Guid(ada555936059fa149bb48537842ee230) Importer(2089858483,b0f066a214c2f5e87bad3c948f4d605d) (ScriptedImporter) -> (artifact id: '118c2876cc1512536f91c134b9afaf1e') in 0.0119921 seconds
Number of updated asset objects reloaded before import = 0Number of asset objects unloaded after import = 1

========================================================================
Received Import Request.
  Time since last request: 0.000073 seconds.
  path: Packages/com.unity.ide.rider/Rider/Editor/ProjectGeneration/IGUIDGenerator.cs
  artifactKey: Guid(8c7e8e301f8b4c30bbf9db502d637f0f) Importer(2089858483,b0f066a214c2f5e87bad3c948f4d605d)
Start importing Packages/com.unity.ide.rider/Rider/Editor/ProjectGeneration/IGUIDGenerator.cs using Guid(8c7e8e301f8b4c30bbf9db502d637f0f) Importer(2089858483,b0f066a214c2f5e87bad3c948f4d605d) (ScriptedImporter) -> (artifact id: '5f5367b3f8c90d5099d7216b24f04852') in 0.006474 seconds
Number of updated asset objects reloaded before import = 0Number of asset objects unloaded after import = 0

========================================================================
Received Import Request.
  Time since last request: 0.000099 seconds.
  path: Packages/com.unity.timeline/Editor/StyleSheets/Images/Icons/TrackRecordButtonDisabled.png
  artifactKey: Guid(495998c718a094540bbe57ae5ab07647) Importer(2089858483,b0f066a214c2f5e87bad3c948f4d605d)
Start importing Packages/com.unity.timeline/Editor/StyleSheets/Images/Icons/TrackRecordButtonDisabled.png using Guid(495998c718a094540bbe57ae5ab07647) Importer(2089858483,b0f066a214c2f5e87bad3c948f4d605d) (ScriptedImporter) -> (artifact id: 'c230fddf2a83a5eb1e8471e831c9d220') in 0.0177724 seconds
Number of updated asset objects reloaded before import = 0Number of asset objects unloaded after import = 1

========================================================================
Received Import Request.
  Time since last request: 0.000045 seconds.
  path: Packages/com.unity.ide.rider/Rider/Editor/ProjectGeneration/GUIDProvider.cs
  artifactKey: Guid(8cfde1a59fb35574189691a9de1df93b) Importer(2089858483,b0f066a214c2f5e87bad3c948f4d605d)
Start importing Packages/com.unity.ide.rider/Rider/Editor/ProjectGeneration/GUIDProvider.cs using Guid(8cfde1a59fb35574189691a9de1df93b) Importer(2089858483,b0f066a214c2f5e87bad3c948f4d605d) (ScriptedImporter) -> (artifact id: '07ae030fa61d5b1b4d65fe4cdf22abe1') in 0.0063713 seconds
Number of updated asset objects reloaded before import = 0Number of asset objects unloaded after import = 0

========================================================================
Received Import Request.
  Time since last request: 0.000071 seconds.
  path: Packages/com.unity.timeline/Runtime/Utilities/IPropertyPreview.cs
  artifactKey: Guid(b5f0881228e5827438f74e9b7b33c2dc) Importer(2089858483,b0f066a214c2f5e87bad3c948f4d605d)
Start importing Packages/com.unity.timeline/Runtime/Utilities/IPropertyPreview.cs using Guid(b5f0881228e5827438f74e9b7b33c2dc) Importer(2089858483,b0f066a214c2f5e87bad3c948f4d605d) (ScriptedImporter) -> (artifact id: '2c58760fe016a85d5cb4db1b0fb8d618') in 0.0062597 seconds
Number of updated asset objects reloaded before import = 0Number of asset objects unloaded after import = 0

========================================================================
Received Import Request.
  Time since last request: 0.000062 seconds.
  path: Packages/com.unity.timeline/Editor/treeview/Drawers/Layers/MarkersLayer.cs
  artifactKey: Guid(bea62e1faac8f9a48a4cb919ea05cb6a) Importer(2089858483,b0f066a214c2f5e87bad3c948f4d605d)
Start importing Packages/com.unity.timeline/Editor/treeview/Drawers/Layers/MarkersLayer.cs using Guid(bea62e1faac8f9a48a4cb919ea05cb6a) Importer(2089858483,b0f066a214c2f5e87bad3c948f4d605d) (ScriptedImporter) -> (artifact id: 'b0631357c57057c0634a7d0ea65c6896') in 0.005953 seconds
Number of updated asset objects reloaded before import = 0Number of asset objects unloaded after import = 0

========================================================================
Received Import Request.
  Time since last request: 0.000121 seconds.
  path: Packages/com.unity.ide.rider/Rider/Editor/PluginSettings.cs
  artifactKey: Guid(1bfe12aa306c0c74db4f4f1a1a0ae5ce) Importer(2089858483,b0f066a214c2f5e87bad3c948f4d605d)
Start importing Packages/com.unity.ide.rider/Rider/Editor/PluginSettings.cs using Guid(1bfe12aa306c0c74db4f4f1a1a0ae5ce) Importer(2089858483,b0f066a214c2f5e87bad3c948f4d605d) (ScriptedImporter) -> (artifact id: '7e49c08aef6b17918cfad570500879d9') in 0.0071285 seconds
Number of updated asset objects reloaded before import = 0Number of asset objects unloaded after import = 0

========================================================================
Received Import Request.
  Time since last request: 0.000076 seconds.
  path: Packages/com.unity.timeline/Runtime/Activation/ActivationTrack.cs
  artifactKey: Guid(21bf7f712d84d26478ebe6a299f21738) Importer(2089858483,b0f066a214c2f5e87bad3c948f4d605d)
Start importing Packages/com.unity.timeline/Runtime/Activation/ActivationTrack.cs using Guid(21bf7f712d84d26478ebe6a299f21738) Importer(2089858483,b0f066a214c2f5e87bad3c948f4d605d) (ScriptedImporter) -> (artifact id: 'c551c3c9ba4d47d631a425edde44f233') in 0.0067873 seconds
Number of updated asset objects reloaded before import = 0Number of asset objects unloaded after import = 0

========================================================================
Received Import Request.
  Time since last request: 0.000128 seconds.
  path: Packages/com.unity.timeline/Editor/Manipulators/Sequence/RectangleTool.cs
  artifactKey: Guid(24a7ce8b48db53747a4e8abbda77eac4) Importer(2089858483,b0f066a214c2f5e87bad3c948f4d605d)
Start importing Packages/com.unity.timeline/Editor/Manipulators/Sequence/RectangleTool.cs using Guid(24a7ce8b48db53747a4e8abbda77eac4) Importer(2089858483,b0f066a214c2f5e87bad3c948f4d605d) (ScriptedImporter) -> (artifact id: '27cbbc9c44b7d8ccd9e6e55ae7012012') in 0.0061664 seconds
Number of updated asset objects reloaded before import = 0Number of asset objects unloaded after import = 0

========================================================================
Received Import Request.
  Time since last request: 0.000123 seconds.
  path: Packages/com.unity.timeline/Editor/Utilities/TimelineKeyboardNavigation.cs
  artifactKey: Guid(9be6112c2b1c3ae44927680ba7b36e10) Importer(2089858483,b0f066a214c2f5e87bad3c948f4d605d)
Start importing Packages/com.unity.timeline/Editor/Utilities/TimelineKeyboardNavigation.cs using Guid(9be6112c2b1c3ae44927680ba7b36e10) Importer(2089858483,b0f066a214c2f5e87bad3c948f4d605d) (ScriptedImporter) -> (artifact id: '50fc0032304781c226b1a2561291b06e') in 0.0064514 seconds
Number of updated asset objects reloaded before import = 0Number of asset objects unloaded after import = 0

========================================================================
Received Import Request.
  Time since last request: 0.000096 seconds.
  path: Packages/com.unity.timeline/Editor/Manipulators/Move/MoveItemHandler.cs
  artifactKey: Guid(f6bd368ab00d75c459e2582e017191e6) Importer(2089858483,b0f066a214c2f5e87bad3c948f4d605d)
Start importing Packages/com.unity.timeline/Editor/Manipulators/Move/MoveItemHandler.cs using Guid(f6bd368ab00d75c459e2582e017191e6) Importer(2089858483,b0f066a214c2f5e87bad3c948f4d605d) (ScriptedImporter) -> (artifact id: '63f0aaa724416cd71d0c9d767723d8aa') in 0.0063906 seconds
Number of updated asset objects reloaded before import = 0Number of asset objects unloaded after import = 0

========================================================================
Received Import Request.
  Time since last request: 0.000072 seconds.
  path: Packages/com.unity.timeline/Editor/Utilities/Scopes/HorizontalScope.cs
  artifactKey: Guid(75e3737506434a75b1f7901d8883ad47) Importer(2089858483,b0f066a214c2f5e87bad3c948f4d605d)
Start importing Packages/com.unity.timeline/Editor/Utilities/Scopes/HorizontalScope.cs using Guid(75e3737506434a75b1f7901d8883ad47) Importer(2089858483,b0f066a214c2f5e87bad3c948f4d605d) (ScriptedImporter) -> (artifact id: 'd65895485b440bc47e19eb1e5163322d') in 0.006074 seconds
Number of updated asset objects reloaded before import = 0Number of asset objects unloaded after import = 0

========================================================================
Received Import Request.
  Time since last request: 0.000133 seconds.
  path: Packages/com.unity.timeline/Editor/StyleSheets/Images/Shared/TimelineSeqEnd.png
  artifactKey: Guid(5dfe66e61e0d270468ae75349ff3a3eb) Importer(2089858483,b0f066a214c2f5e87bad3c948f4d605d)
Start importing Packages/com.unity.timeline/Editor/StyleSheets/Images/Shared/TimelineSeqEnd.png using Guid(5dfe66e61e0d270468ae75349ff3a3eb) Importer(2089858483,b0f066a214c2f5e87bad3c948f4d605d) (ScriptedImporter) -> (artifact id: 'bea70a773f6aeaa99e4a4a8e52b62c8f') in 0.0131908 seconds
Number of updated asset objects reloaded before import = 0Number of asset objects unloaded after import = 1

========================================================================
Received Import Request.
  Time since last request: 0.000048 seconds.
  path: Packages/com.unity.timeline/Editor/treeview/Drawers/Layers/ItemsLayer.cs
  artifactKey: Guid(ef97f39912c138b4cabdccedfb24093b) Importer(2089858483,b0f066a214c2f5e87bad3c948f4d605d)
Start importing Packages/com.unity.timeline/Editor/treeview/Drawers/Layers/ItemsLayer.cs using Guid(ef97f39912c138b4cabdccedfb24093b) Importer(2089858483,b0f066a214c2f5e87bad3c948f4d605d) (ScriptedImporter) -> (artifact id: 'b66d84cd8c1f323e8260a3fb40eefa28') in 0.0060844 seconds
Number of updated asset objects reloaded before import = 0Number of asset objects unloaded after import = 0

========================================================================
Received Import Request.
  Time since last request: 0.000116 seconds.
  path: Packages/com.unity.timeline/Editor/inspectors/ClipInspector/ClipInspectorSelectionInfo.cs
  artifactKey: Guid(57a39be2178cca94ab21e15c082e3ab6) Importer(2089858483,b0f066a214c2f5e87bad3c948f4d605d)
Start importing Packages/com.unity.timeline/Editor/inspectors/ClipInspector/ClipInspectorSelectionInfo.cs using Guid(57a39be2178cca94ab21e15c082e3ab6) Importer(2089858483,b0f066a214c2f5e87bad3c948f4d605d) (ScriptedImporter) -> (artifact id: 'f0b5fb20d96f5ce42d5e54654cd6c646') in 0.0058683 seconds
Number of updated asset objects reloaded before import = 0Number of asset objects unloaded after import = 0

========================================================================
Received Import Request.
  Time since last request: 0.000097 seconds.
  path: Packages/com.unity.timeline/Editor/Signals/TreeView/SignalListFactory.cs
  artifactKey: Guid(01cd96d8687272f4898cfd1562079dd7) Importer(2089858483,b0f066a214c2f5e87bad3c948f4d605d)
Start importing Packages/com.unity.timeline/Editor/Signals/TreeView/SignalListFactory.cs using Guid(01cd96d8687272f4898cfd1562079dd7) Importer(2089858483,b0f066a214c2f5e87bad3c948f4d605d) (ScriptedImporter) -> (artifact id: 'e379afe146788c2ebbd97bcf1b0feab2') in 0.0063241 seconds
Number of updated asset objects reloaded before import = 0Number of asset objects unloaded after import = 0

========================================================================
Received Import Request.
  Time since last request: 0.000083 seconds.
  path: Packages/com.unity.timeline/Editor/Window/SequenceContext.cs
  artifactKey: Guid(1ad2b855cf8b7425483e36e6134f18f9) Importer(2089858483,b0f066a214c2f5e87bad3c948f4d605d)
Start importing Packages/com.unity.timeline/Editor/Window/SequenceContext.cs using Guid(1ad2b855cf8b7425483e36e6134f18f9) Importer(2089858483,b0f066a214c2f5e87bad3c948f4d605d) (ScriptedImporter) -> (artifact id: '2b5c2da3b965272c5fb5f169b84402c5') in 0.0059258 seconds
Number of updated asset objects reloaded before import = 0Number of asset objects unloaded after import = 0

========================================================================
Received Import Request.
  Time since last request: 0.000065 seconds.
  path: Packages/com.unity.timeline/Editor/treeview/TrackGui/TimelineGroupGUI.cs
  artifactKey: Guid(7072e9e47288bac4d8c6bdfb2cf785a4) Importer(2089858483,b0f066a214c2f5e87bad3c948f4d605d)
Start importing Packages/com.unity.timeline/Editor/treeview/TrackGui/TimelineGroupGUI.cs using Guid(7072e9e47288bac4d8c6bdfb2cf785a4) Importer(2089858483,b0f066a214c2f5e87bad3c948f4d605d) (ScriptedImporter) -> (artifact id: '1493b2deca0811af2e84f38c886489e8') in 0.0058056 seconds
Number of updated asset objects reloaded before import = 0Number of asset objects unloaded after import = 0

========================================================================
Received Import Request.
  Time since last request: 0.000121 seconds.
  path: Packages/com.unity.timeline/Runtime/Utilities/WeightUtility.cs
  artifactKey: Guid(e7a505b341283e14696e86433a5b1ae9) Importer(2089858483,b0f066a214c2f5e87bad3c948f4d605d)
Start importing Packages/com.unity.timeline/Runtime/Utilities/WeightUtility.cs using Guid(e7a505b341283e14696e86433a5b1ae9) Importer(2089858483,b0f066a214c2f5e87bad3c948f4d605d) (ScriptedImporter) -> (artifact id: 'dc24bf28fa49a6bb882e9a7a607a8ef0') in 0.0063588 seconds
Number of updated asset objects reloaded before import = 0Number of asset objects unloaded after import = 0

========================================================================
Received Import Request.
  Time since last request: 0.000118 seconds.
  path: Packages/com.unity.timeline/Editor/Utilities/TrackResourceCache.cs
  artifactKey: Guid(63f2caa33e79582448112b2e286d576d) Importer(2089858483,b0f066a214c2f5e87bad3c948f4d605d)
Start importing Packages/com.unity.timeline/Editor/Utilities/TrackResourceCache.cs using Guid(63f2caa33e79582448112b2e286d576d) Importer(2089858483,b0f066a214c2f5e87bad3c948f4d605d) (ScriptedImporter) -> (artifact id: 'a921679433296e48b9735c42069e3a25') in 0.0052655 seconds
Number of updated asset objects reloaded before import = 0Number of asset objects unloaded after import = 0

========================================================================
Received Import Request.
  Time since last request: 0.000092 seconds.
  path: Packages/com.unity.timeline/Editor/StyleSheets/Images/DarkSkin/TimelineSignalCollapsed.png
  artifactKey: Guid(d91793cd853a258448e4d5545bb38e45) Importer(2089858483,b0f066a214c2f5e87bad3c948f4d605d)
Start importing Packages/com.unity.timeline/Editor/StyleSheets/Images/DarkSkin/TimelineSignalCollapsed.png using Guid(d91793cd853a258448e4d5545bb38e45) Importer(2089858483,b0f066a214c2f5e87bad3c948f4d605d) (ScriptedImporter) -> (artifact id: '73bb03473206e0468639c745974a9d25') in 0.0120196 seconds
Number of updated asset objects reloaded before import = 0Number of asset objects unloaded after import = 1

========================================================================
Received Import Request.
  Time since last request: 0.000018 seconds.
  path: Packages/com.unity.timeline/Editor/StyleSheets/Images/DarkSkin/TimelineMarkerItem.png
  artifactKey: Guid(c133595e3c100774496e03e66fa69259) Importer(2089858483,b0f066a214c2f5e87bad3c948f4d605d)
Start importing Packages/com.unity.timeline/Editor/StyleSheets/Images/DarkSkin/TimelineMarkerItem.png using Guid(c133595e3c100774496e03e66fa69259) Importer(2089858483,b0f066a214c2f5e87bad3c948f4d605d) (ScriptedImporter) -> (artifact id: '9cc37e38f703471e00fb808143e1189f') in 0.0158215 seconds
Number of updated asset objects reloaded before import = 0Number of asset objects unloaded after import = 1

========================================================================
Received Import Request.
  Time since last request: 0.000115 seconds.
  path: Packages/com.unity.timeline/Editor/Signals/TreeView/SignalReceiverItem.cs
  artifactKey: Guid(9bc2b69915879416f8df18971dc98e2e) Importer(2089858483,b0f066a214c2f5e87bad3c948f4d605d)
Start importing Packages/com.unity.timeline/Editor/Signals/TreeView/SignalReceiverItem.cs using Guid(9bc2b69915879416f8df18971dc98e2e) Importer(2089858483,b0f066a214c2f5e87bad3c948f4d605d) (ScriptedImporter) -> (artifact id: '9755f1143c58f7465e5fbe33481750b3') in 0.0061282 seconds
Number of updated asset objects reloaded before import = 0Number of asset objects unloaded after import = 0

========================================================================
Received Import Request.
  Time since last request: 0.000099 seconds.
  path: Packages/com.unity.ide.rider/Rider/Editor/ProjectGeneration/ProjectGenerationFlag.cs
  artifactKey: Guid(78af99d0156944f293b020b49a6830c2) Importer(2089858483,b0f066a214c2f5e87bad3c948f4d605d)
Start importing Packages/com.unity.ide.rider/Rider/Editor/ProjectGeneration/ProjectGenerationFlag.cs using Guid(78af99d0156944f293b020b49a6830c2) Importer(2089858483,b0f066a214c2f5e87bad3c948f4d605d) (ScriptedImporter) -> (artifact id: '8d771d7582e7dc4b43360cb7eae7afed') in 0.0051133 seconds
Number of updated asset objects reloaded before import = 0Number of asset objects unloaded after import = 0

========================================================================
Received Import Request.
  Time since last request: 0.000092 seconds.
  path: Packages/com.unity.timeline/Editor/treeview/Manipulator.cs
  artifactKey: Guid(2bf68308f6cdff141ab98cd34174e4f1) Importer(2089858483,b0f066a214c2f5e87bad3c948f4d605d)
Start importing Packages/com.unity.timeline/Editor/treeview/Manipulator.cs using Guid(2bf68308f6cdff141ab98cd34174e4f1) Importer(2089858483,b0f066a214c2f5e87bad3c948f4d605d) (ScriptedImporter) -> (artifact id: '68b6ee802ac77491c61ddc8310abb28d') in 0.0070771 seconds
Number of updated asset objects reloaded before import = 0Number of asset objects unloaded after import = 0

========================================================================
Received Import Request.
  Time since last request: 0.000129 seconds.
  path: Packages/com.unity.timeline/Runtime/AssetUpgrade/TimelineUpgrade.cs
  artifactKey: Guid(95c91abdcc1ea03458c2ea4e9626a5d8) Importer(2089858483,b0f066a214c2f5e87bad3c948f4d605d)
Start importing Packages/com.unity.timeline/Runtime/AssetUpgrade/TimelineUpgrade.cs using Guid(95c91abdcc1ea03458c2ea4e9626a5d8) Importer(2089858483,b0f066a214c2f5e87bad3c948f4d605d) (ScriptedImporter) -> (artifact id: 'c2945da1f215ca5fc724bdfbb4ae9ebc') in 0.0053376 seconds
Number of updated asset objects reloaded before import = 0Number of asset objects unloaded after import = 0

========================================================================
Received Import Request.
  Time since last request: 0.000143 seconds.
  path: Packages/com.unity.modules.unitywebrequestassetbundle/package.ModuleCompilationTrigger
  artifactKey: Guid(7610600f5c83e01041a6fe849d39279f) Importer(2089858483,b0f066a214c2f5e87bad3c948f4d605d)
Start importing Packages/com.unity.modules.unitywebrequestassetbundle/package.ModuleCompilationTrigger using Guid(7610600f5c83e01041a6fe849d39279f) Importer(2089858483,b0f066a214c2f5e87bad3c948f4d605d) (ScriptedImporter) -> (artifact id: 'dcd27ae02c29c18984e406a0646f4a3d') in 0.0060562 seconds
Number of updated asset objects reloaded before import = 0Number of asset objects unloaded after import = 1

========================================================================
Received Import Request.
  Time since last request: 0.000107 seconds.
  path: Packages/com.unity.timeline/Runtime/Playables/ITimeControl.cs
  artifactKey: Guid(5415c904c4fbc3e498253bc2866b37cd) Importer(2089858483,b0f066a214c2f5e87bad3c948f4d605d)
Start importing Packages/com.unity.timeline/Runtime/Playables/ITimeControl.cs using Guid(5415c904c4fbc3e498253bc2866b37cd) Importer(2089858483,b0f066a214c2f5e87bad3c948f4d605d) (ScriptedImporter) -> (artifact id: '0888293287a002e4ce6754ebe7af069f') in 0.0058166 seconds
Number of updated asset objects reloaded before import = 0Number of asset objects unloaded after import = 0

========================================================================
Received Import Request.
  Time since last request: 0.000134 seconds.
  path: Packages/com.unity.timeline/Editor/StyleSheets/Images/Icons/TimelineEditModeMixON.png
  artifactKey: Guid(a82846d41464fcf4b962ebdc815963f5) Importer(2089858483,b0f066a214c2f5e87bad3c948f4d605d)
Start importing Packages/com.unity.timeline/Editor/StyleSheets/Images/Icons/TimelineEditModeMixON.png using Guid(a82846d41464fcf4b962ebdc815963f5) Importer(2089858483,b0f066a214c2f5e87bad3c948f4d605d) (ScriptedImporter) -> (artifact id: '469019b72ed8e06d9e16b250b5049b68') in 0.0135476 seconds
Number of updated asset objects reloaded before import = 0Number of asset objects unloaded after import = 1

========================================================================
Received Import Request.
  Time since last request: 0.000050 seconds.
  path: Packages/com.unity.modules.vectorgraphics/package.json
  artifactKey: Guid(78e5667e52329c3ceef41288763404ae) Importer(2089858483,b0f066a214c2f5e87bad3c948f4d605d)
Start importing Packages/com.unity.modules.vectorgraphics/package.json using Guid(78e5667e52329c3ceef41288763404ae) Importer(2089858483,b0f066a214c2f5e87bad3c948f4d605d) (ScriptedImporter) -> (artifact id: '01cb553354b3d3026463dd9f3ec53342') in 0.006531 seconds
Number of updated asset objects reloaded before import = 0Number of asset objects unloaded after import = 1

========================================================================
Received Import Request.
  Time since last request: 0.000022 seconds.
  path: Packages/com.unity.visualscripting/Runtime/VisualScripting.Core/Cloning/Cloners/FakeSerializationCloner.cs
  artifactKey: Guid(d112c25d2373f447a965ce5f734e2a67) Importer(2089858483,b0f066a214c2f5e87bad3c948f4d605d)
Start importing Packages/com.unity.visualscripting/Runtime/VisualScripting.Core/Cloning/Cloners/FakeSerializationCloner.cs using Guid(d112c25d2373f447a965ce5f734e2a67) Importer(2089858483,b0f066a214c2f5e87bad3c948f4d605d) (ScriptedImporter) -> (artifact id: '570112017bd8559401c96ee7f1a3e804') in 0.0064575 seconds
Number of updated asset objects reloaded before import = 0Number of asset objects unloaded after import = 0

========================================================================
Received Import Request.
  Time since last request: 0.000099 seconds.
  path: Packages/com.unity.visualscripting/Runtime/VisualScripting.Core/Unity/Singleton.cs
  artifactKey: Guid(f45eb13c750f34cc497852f2312d5937) Importer(2089858483,b0f066a214c2f5e87bad3c948f4d605d)
Start importing Packages/com.unity.visualscripting/Runtime/VisualScripting.Core/Unity/Singleton.cs using Guid(f45eb13c750f34cc497852f2312d5937) Importer(2089858483,b0f066a214c2f5e87bad3c948f4d605d) (ScriptedImporter) -> (artifact id: '4f8e2f6419bf4a79b1a682f4829f6dfd') in 0.0053294 seconds
Number of updated asset objects reloaded before import = 0Number of asset objects unloaded after import = 0

========================================================================
Received Import Request.
  Time since last request: 0.000099 seconds.
  path: Packages/com.unity.timeline/Editor/StyleSheets/Images/Icons/d_TimelineDigIn.png
  artifactKey: Guid(22c3c381bd3cd4a40a8541103023e1ef) Importer(2089858483,b0f066a214c2f5e87bad3c948f4d605d)
Start importing Packages/com.unity.timeline/Editor/StyleSheets/Images/Icons/d_TimelineDigIn.png using Guid(22c3c381bd3cd4a40a8541103023e1ef) Importer(2089858483,b0f066a214c2f5e87bad3c948f4d605d) (ScriptedImporter) -> (artifact id: '54b78aaca6caf7d8ea4e3b5ffeade635') in 0.0123358 seconds
Number of updated asset objects reloaded before import = 0Number of asset objects unloaded after import = 1

========================================================================
Received Import Request.
  Time since last request: 0.000024 seconds.
  path: Packages/com.unity.ide.rider/Rider/Editor/Util/StringUtils.cs
  artifactKey: Guid(b0221f76dde941d492827802c9b7c1f9) Importer(2089858483,b0f066a214c2f5e87bad3c948f4d605d)
Start importing Packages/com.unity.ide.rider/Rider/Editor/Util/StringUtils.cs using Guid(b0221f76dde941d492827802c9b7c1f9) Importer(2089858483,b0f066a214c2f5e87bad3c948f4d605d) (ScriptedImporter) -> (artifact id: '3107c21d989b5f8f6f3a61056b5f718e') in 0.0077867 seconds
Number of updated asset objects reloaded before import = 0Number of asset objects unloaded after import = 0

========================================================================
Received Import Request.
  Time since last request: 0.000077 seconds.
  path: Packages/com.unity.visualscripting/Runtime/VisualScripting.Core/Ensure/Extensions/XComparable.cs
  artifactKey: Guid(e7dbda2fa1cf4475bb59c8c2a8058ace) Importer(2089858483,b0f066a214c2f5e87bad3c948f4d605d)
Start importing Packages/com.unity.visualscripting/Runtime/VisualScripting.Core/Ensure/Extensions/XComparable.cs using Guid(e7dbda2fa1cf4475bb59c8c2a8058ace) Importer(2089858483,b0f066a214c2f5e87bad3c948f4d605d) (ScriptedImporter) -> (artifact id: 'fbcc79889baa934c31b59a57e100eb17') in 0.0069699 seconds
Number of updated asset objects reloaded before import = 0Number of asset objects unloaded after import = 0

========================================================================
Received Import Request.
  Time since last request: 0.000107 seconds.
  path: Packages/com.unity.timeline/Editor/StyleSheets/Images/DarkSkin/TimelineStartPlayback.png
  artifactKey: Guid(5060c9f9eb2f7ee4695b638a21d8fe01) Importer(2089858483,b0f066a214c2f5e87bad3c948f4d605d)
Start importing Packages/com.unity.timeline/Editor/StyleSheets/Images/DarkSkin/TimelineStartPlayback.png using Guid(5060c9f9eb2f7ee4695b638a21d8fe01) Importer(2089858483,b0f066a214c2f5e87bad3c948f4d605d) (ScriptedImporter) -> (artifact id: '1213cda966d41698d7e57279972a3b70') in 0.0149992 seconds
Number of updated asset objects reloaded before import = 0Number of asset objects unloaded after import = 1

========================================================================
Received Import Request.
  Time since last request: 0.000021 seconds.
  path: Packages/com.unity.visualscripting/Runtime/VisualScripting.Flow/Dependencies/NCalc/EvaluateParameterHandler.cs
  artifactKey: Guid(6180c9bbe40b44d45980f2b1a0325e58) Importer(2089858483,b0f066a214c2f5e87bad3c948f4d605d)
Start importing Packages/com.unity.visualscripting/Runtime/VisualScripting.Flow/Dependencies/NCalc/EvaluateParameterHandler.cs using Guid(6180c9bbe40b44d45980f2b1a0325e58) Importer(2089858483,b0f066a214c2f5e87bad3c948f4d605d) (ScriptedImporter) -> (artifact id: 'b34e9810cb366aa889da5ad48f716832') in 0.0077865 seconds
Number of updated asset objects reloaded before import = 0Number of asset objects unloaded after import = 0

========================================================================
Received Import Request.
  Time since last request: 0.000065 seconds.
  path: Packages/com.unity.visualscripting/Runtime/VisualScripting.Flow/Framework/Events/GUI/OnButtonClick.cs
  artifactKey: Guid(219c0a220106e41bb9cbcaaa43f28129) Importer(2089858483,b0f066a214c2f5e87bad3c948f4d605d)
Start importing Packages/com.unity.visualscripting/Runtime/VisualScripting.Flow/Framework/Events/GUI/OnButtonClick.cs using Guid(219c0a220106e41bb9cbcaaa43f28129) Importer(2089858483,b0f066a214c2f5e87bad3c948f4d605d) (ScriptedImporter) -> (artifact id: '2b867074dea9a67038a186dae2f2ab77') in 0.0071859 seconds
Number of updated asset objects reloaded before import = 0Number of asset objects unloaded after import = 0

========================================================================
Received Import Request.
  Time since last request: 0.000094 seconds.
  path: Packages/com.unity.visualscripting/Editor/VisualScripting.Core/Plugin/Changelogs/LegacyLudiqCore/Changelog_1_2_1.cs
  artifactKey: Guid(9bc1cb867059d4d77a24dc7f4f95f30a) Importer(2089858483,b0f066a214c2f5e87bad3c948f4d605d)
Start importing Packages/com.unity.visualscripting/Editor/VisualScripting.Core/Plugin/Changelogs/LegacyLudiqCore/Changelog_1_2_1.cs using Guid(9bc1cb867059d4d77a24dc7f4f95f30a) Importer(2089858483,b0f066a214c2f5e87bad3c948f4d605d) (ScriptedImporter) -> (artifact id: '50dfc50685aa5ad8a9b876413141b2dc') in 0.0067404 seconds
Number of updated asset objects reloaded before import = 0Number of asset objects unloaded after import = 0

========================================================================
Received Import Request.
  Time since last request: 0.000043 seconds.
  path: Packages/com.unity.timeline/Editor/Window/TimelineEditorWindow.cs
  artifactKey: Guid(dfe0d35963084dcc899e4d32cca85455) Importer(2089858483,b0f066a214c2f5e87bad3c948f4d605d)
Start importing Packages/com.unity.timeline/Editor/Window/TimelineEditorWindow.cs using Guid(dfe0d35963084dcc899e4d32cca85455) Importer(2089858483,b0f066a214c2f5e87bad3c948f4d605d) (ScriptedImporter) -> (artifact id: '4afcd86e067dd8618e1d13b6cb9d8156') in 0.0054949 seconds
Number of updated asset objects reloaded before import = 0Number of asset objects unloaded after import = 0

========================================================================
Received Import Request.
  Time since last request: 0.000050 seconds.
  path: Packages/com.unity.timeline/Runtime/Properties/AssemblyInfo.cs
  artifactKey: Guid(0bb74b1c097396c49b1691e6a938f814) Importer(2089858483,b0f066a214c2f5e87bad3c948f4d605d)
Start importing Packages/com.unity.timeline/Runtime/Properties/AssemblyInfo.cs using Guid(0bb74b1c097396c49b1691e6a938f814) Importer(2089858483,b0f066a214c2f5e87bad3c948f4d605d) (ScriptedImporter) -> (artifact id: '3fdec9380d96fd1f663becb74f916a22') in 0.0054029 seconds
Number of updated asset objects reloaded before import = 0Number of asset objects unloaded after import = 0

========================================================================
Received Import Request.
  Time since last request: 0.000065 seconds.
  path: Packages/com.unity.visualscripting/Runtime/VisualScripting.Core/Variables/InspectorVariableNameAttribute.cs
  artifactKey: Guid(b7ea96f808d5944a5994aab176a2809b) Importer(2089858483,b0f066a214c2f5e87bad3c948f4d605d)
Start importing Packages/com.unity.visualscripting/Runtime/VisualScripting.Core/Variables/InspectorVariableNameAttribute.cs using Guid(b7ea96f808d5944a5994aab176a2809b) Importer(2089858483,b0f066a214c2f5e87bad3c948f4d605d) (ScriptedImporter) -> (artifact id: '8582814cfe07f5c5f6abec3725bf9bc6') in 0.0061747 seconds
Number of updated asset objects reloaded before import = 0Number of asset objects unloaded after import = 0

========================================================================
Received Import Request.
  Time since last request: 0.000068 seconds.
  path: Packages/com.unity.timeline/Runtime/Events/MarkerList.cs
  artifactKey: Guid(4335a164bb763104c8805212c23d795f) Importer(2089858483,b0f066a214c2f5e87bad3c948f4d605d)
Start importing Packages/com.unity.timeline/Runtime/Events/MarkerList.cs using Guid(4335a164bb763104c8805212c23d795f) Importer(2089858483,b0f066a214c2f5e87bad3c948f4d605d) (ScriptedImporter) -> (artifact id: '67904ea4a5d519bd71443890882be145') in 0.0058296 seconds
Number of updated asset objects reloaded before import = 0Number of asset objects unloaded after import = 0

========================================================================
Received Import Request.
  Time since last request: 0.000081 seconds.
  path: Packages/com.unity.timeline/Editor/StyleSheets/Images/LightSkin/TimelineIconClipIn.png
  artifactKey: Guid(4171b549947246b4f9579419d5698a7e) Importer(2089858483,b0f066a214c2f5e87bad3c948f4d605d)
Start importing Packages/com.unity.timeline/Editor/StyleSheets/Images/LightSkin/TimelineIconClipIn.png using Guid(4171b549947246b4f9579419d5698a7e) Importer(2089858483,b0f066a214c2f5e87bad3c948f4d605d) (ScriptedImporter) -> (artifact id: '13e1ca0f91467d420b7af01dabe7eec7') in 0.0125947 seconds
Number of updated asset objects reloaded before import = 0Number of asset objects unloaded after import = 1

========================================================================
Received Import Request.
  Time since last request: 0.000075 seconds.
  path: Packages/com.unity.visualscripting/Editor/VisualScripting.Core/Plugin/Changelogs/LegacyLudiqCore/Changelog_1_3_1.cs
  artifactKey: Guid(de850a7cadc174ed2a9244eb1775f393) Importer(2089858483,b0f066a214c2f5e87bad3c948f4d605d)
Start importing Packages/com.unity.visualscripting/Editor/VisualScripting.Core/Plugin/Changelogs/LegacyLudiqCore/Changelog_1_3_1.cs using Guid(de850a7cadc174ed2a9244eb1775f393) Importer(2089858483,b0f066a214c2f5e87bad3c948f4d605d) (ScriptedImporter) -> (artifact id: '7637392f0cabdb8bc58e085107589751') in 0.0059738 seconds
Number of updated asset objects reloaded before import = 0Number of asset objects unloaded after import = 0

========================================================================
Received Import Request.
  Time since last request: 0.000110 seconds.
  path: Packages/com.unity.timeline/Editor/StyleSheets/Images/DarkSkin/TimelineAutokey@2x.png
  artifactKey: Guid(af24c542434a025448222d576f61a956) Importer(2089858483,b0f066a214c2f5e87bad3c948f4d605d)
Start importing Packages/com.unity.timeline/Editor/StyleSheets/Images/DarkSkin/TimelineAutokey@2x.png using Guid(af24c542434a025448222d576f61a956) Importer(2089858483,b0f066a214c2f5e87bad3c948f4d605d) (ScriptedImporter) -> (artifact id: 'c48bf3543cf593deb112c794c1ba2429') in 0.0140407 seconds
Number of updated asset objects reloaded before import = 0Number of asset objects unloaded after import = 1

========================================================================
Received Import Request.
  Time since last request: 0.000092 seconds.
  path: Packages/com.unity.visualscripting/Runtime/VisualScripting.Flow/Framework/Events/Physics2D/TriggerEvent2DUnit.cs
  artifactKey: Guid(0847ede07bfcf48febf0ee419108949e) Importer(2089858483,b0f066a214c2f5e87bad3c948f4d605d)
Start importing Packages/com.unity.visualscripting/Runtime/VisualScripting.Flow/Framework/Events/Physics2D/TriggerEvent2DUnit.cs using Guid(0847ede07bfcf48febf0ee419108949e) Importer(2089858483,b0f066a214c2f5e87bad3c948f4d605d) (ScriptedImporter) -> (artifact id: 'd159eb7a48b34322e459a18cbeefd885') in 0.0067713 seconds
Number of updated asset objects reloaded before import = 0Number of asset objects unloaded after import = 0

========================================================================
Received Import Request.
  Time since last request: 0.000078 seconds.
  path: Packages/com.unity.visualscripting/Runtime/VisualScripting.Flow/Framework/Math/Modulo.cs
  artifactKey: Guid(20232477594504d2ebc0ad8288de4d5d) Importer(2089858483,b0f066a214c2f5e87bad3c948f4d605d)
Start importing Packages/com.unity.visualscripting/Runtime/VisualScripting.Flow/Framework/Math/Modulo.cs using Guid(20232477594504d2ebc0ad8288de4d5d) Importer(2089858483,b0f066a214c2f5e87bad3c948f4d605d) (ScriptedImporter) -> (artifact id: '3f98d64d6bfc2954c505d9a10395ec68') in 0.0065887 seconds
Number of updated asset objects reloaded before import = 0Number of asset objects unloaded after import = 0

========================================================================
Received Import Request.
  Time since last request: 0.000079 seconds.
  path: Packages/com.unity.visualscripting/Runtime/VisualScripting.Core/Reflection/Operators/SubtractionHandler.cs
  artifactKey: Guid(c3dfdf79906724bf2bf0dcff5b0f4d04) Importer(2089858483,b0f066a214c2f5e87bad3c948f4d605d)
Start importing Packages/com.unity.visualscripting/Runtime/VisualScripting.Core/Reflection/Operators/SubtractionHandler.cs using Guid(c3dfdf79906724bf2bf0dcff5b0f4d04) Importer(2089858483,b0f066a214c2f5e87bad3c948f4d605d) (ScriptedImporter) -> (artifact id: '0ce2996ef6a28fc6957e45dcf3715aea') in 0.0095549 seconds
Number of updated asset objects reloaded before import = 0Number of asset objects unloaded after import = 0

========================================================================
Received Import Request.
  Time since last request: 0.000134 seconds.
  path: Packages/com.unity.visualscripting/Runtime/VisualScripting.Flow/Framework/Events/GUI/OnPointerClick.cs
  artifactKey: Guid(550d17a43b8bb4bb18679bd5446149ee) Importer(2089858483,b0f066a214c2f5e87bad3c948f4d605d)
Start importing Packages/com.unity.visualscripting/Runtime/VisualScripting.Flow/Framework/Events/GUI/OnPointerClick.cs using Guid(550d17a43b8bb4bb18679bd5446149ee) Importer(2089858483,b0f066a214c2f5e87bad3c948f4d605d) (ScriptedImporter) -> (artifact id: 'a1264c0deebbaf89069990872d51b348') in 0.0062832 seconds
Number of updated asset objects reloaded before import = 0Number of asset objects unloaded after import = 0

========================================================================
Received Import Request.
  Time since last request: 0.000138 seconds.
  path: Packages/com.unity.timeline/Editor/Animation/BindingTreeViewDataSource.cs
  artifactKey: Guid(9c2177aaf0fde92439246adc2dc0bfa2) Importer(2089858483,b0f066a214c2f5e87bad3c948f4d605d)
Start importing Packages/com.unity.timeline/Editor/Animation/BindingTreeViewDataSource.cs using Guid(9c2177aaf0fde92439246adc2dc0bfa2) Importer(2089858483,b0f066a214c2f5e87bad3c948f4d605d) (ScriptedImporter) -> (artifact id: '03e83601e24a31ef30301f42213da026') in 0.0066221 seconds
Number of updated asset objects reloaded before import = 0Number of asset objects unloaded after import = 0

========================================================================
Received Import Request.
  Time since last request: 0.000112 seconds.
  path: Packages/com.unity.timeline/Editor/treeview/TrackGui/TimelineTrackGUI.cs
  artifactKey: Guid(b3b27007577486c4d8dc088f989b288c) Importer(2089858483,b0f066a214c2f5e87bad3c948f4d605d)
Start importing Packages/com.unity.timeline/Editor/treeview/TrackGui/TimelineTrackGUI.cs using Guid(b3b27007577486c4d8dc088f989b288c) Importer(2089858483,b0f066a214c2f5e87bad3c948f4d605d) (ScriptedImporter) -> (artifact id: '9dd1d22b03a13002edf8ef174dc13e02') in 0.0055675 seconds
Number of updated asset objects reloaded before import = 0Number of asset objects unloaded after import = 0

========================================================================
Received Import Request.
  Time since last request: 0.000139 seconds.
  path: Packages/com.unity.visualscripting/Runtime/VisualScripting.Core/Variables/VariableDeclarationCollection.cs
  artifactKey: Guid(37555ce9c5e6b4629a515670c9f64bef) Importer(2089858483,b0f066a214c2f5e87bad3c948f4d605d)
Start importing Packages/com.unity.visualscripting/Runtime/VisualScripting.Core/Variables/VariableDeclarationCollection.cs using Guid(37555ce9c5e6b4629a515670c9f64bef) Importer(2089858483,b0f066a214c2f5e87bad3c948f4d605d) (ScriptedImporter) -> (artifact id: '58f1ac7d7daf18a6e741093ca97831af') in 0.005905 seconds
Number of updated asset objects reloaded before import = 0Number of asset objects unloaded after import = 0

========================================================================
Received Import Request.
  Time since last request: 0.000124 seconds.
  path: Packages/com.unity.visualscripting/Runtime/VisualScripting.Flow/Connections/UnitRelation.cs
  artifactKey: Guid(f3617e416d65b4e44842280c042df8a5) Importer(2089858483,b0f066a214c2f5e87bad3c948f4d605d)
Start importing Packages/com.unity.visualscripting/Runtime/VisualScripting.Flow/Connections/UnitRelation.cs using Guid(f3617e416d65b4e44842280c042df8a5) Importer(2089858483,b0f066a214c2f5e87bad3c948f4d605d) (ScriptedImporter) -> (artifact id: '8cb3a16267e9c23c8586161158804ed6') in 0.0062457 seconds
Number of updated asset objects reloaded before import = 0Number of asset objects unloaded after import = 0

========================================================================
Received Import Request.
  Time since last request: 0.000111 seconds.
  path: Packages/com.unity.timeline/Editor/StyleSheets/Images/Shared/TimelineWarning.png
  artifactKey: Guid(1732e542f535d374bbfa7565fc78414e) Importer(2089858483,b0f066a214c2f5e87bad3c948f4d605d)
Start importing Packages/com.unity.timeline/Editor/StyleSheets/Images/Shared/TimelineWarning.png using Guid(1732e542f535d374bbfa7565fc78414e) Importer(2089858483,b0f066a214c2f5e87bad3c948f4d605d) (ScriptedImporter) -> (artifact id: 'b4dd71c268b99ecdfbf344d8b5c2fd07') in 0.0136148 seconds
Number of updated asset objects reloaded before import = 0Number of asset objects unloaded after import = 1

========================================================================
Received Import Request.
  Time since last request: 0.000034 seconds.
  path: Packages/com.unity.visualscripting/Runtime/VisualScripting.Flow/EditorBinding/UnitTitleAttribute.cs
  artifactKey: Guid(37d3ce74ab2f0451db3e7823e0305c2a) Importer(2089858483,b0f066a214c2f5e87bad3c948f4d605d)
Start importing Packages/com.unity.visualscripting/Runtime/VisualScripting.Flow/EditorBinding/UnitTitleAttribute.cs using Guid(37d3ce74ab2f0451db3e7823e0305c2a) Importer(2089858483,b0f066a214c2f5e87bad3c948f4d605d) (ScriptedImporter) -> (artifact id: '734c3c1b7100c38f3cd1c79f586478e9') in 0.0055778 seconds
Number of updated asset objects reloaded before import = 0Number of asset objects unloaded after import = 0

========================================================================
Received Import Request.
  Time since last request: 0.000053 seconds.
  path: Packages/com.unity.visualscripting/Editor/VisualScripting.Core/Plugin/Changelogs/LegacyLudiqCore/Changelog_1_3_0.cs
  artifactKey: Guid(4f0fcc32437ff48c09d21d42c3255fc7) Importer(2089858483,b0f066a214c2f5e87bad3c948f4d605d)
Start importing Packages/com.unity.visualscripting/Editor/VisualScripting.Core/Plugin/Changelogs/LegacyLudiqCore/Changelog_1_3_0.cs using Guid(4f0fcc32437ff48c09d21d42c3255fc7) Importer(2089858483,b0f066a214c2f5e87bad3c948f4d605d) (ScriptedImporter) -> (artifact id: 'e86b93835e956237717b6e007e8313ed') in 0.0060621 seconds
Number of updated asset objects reloaded before import = 0Number of asset objects unloaded after import = 0

========================================================================
Received Import Request.
  Time since last request: 0.000104 seconds.
  path: Packages/com.unity.timeline/Editor/StyleSheets/Images/Icons/TrackMuteButtonEnabled.png
  artifactKey: Guid(81e8b4a4bcbf7a14898e2658fd827642) Importer(2089858483,b0f066a214c2f5e87bad3c948f4d605d)
Start importing Packages/com.unity.timeline/Editor/StyleSheets/Images/Icons/TrackMuteButtonEnabled.png using Guid(81e8b4a4bcbf7a14898e2658fd827642) Importer(2089858483,b0f066a214c2f5e87bad3c948f4d605d) (ScriptedImporter) -> (artifact id: '8fd893f44e3b1841bff5f933df4acde3') in 0.0128255 seconds
Number of updated asset objects reloaded before import = 0Number of asset objects unloaded after import = 1

========================================================================
Received Import Request.
  Time since last request: 0.000048 seconds.
  path: Packages/com.unity.visualscripting/Runtime/VisualScripting.Flow/Ports/IUnitPort.cs
  artifactKey: Guid(6e0dbaf00deee4148b904e8ed0da959e) Importer(2089858483,b0f066a214c2f5e87bad3c948f4d605d)
Start importing Packages/com.unity.visualscripting/Runtime/VisualScripting.Flow/Ports/IUnitPort.cs using Guid(6e0dbaf00deee4148b904e8ed0da959e) Importer(2089858483,b0f066a214c2f5e87bad3c948f4d605d) (ScriptedImporter) -> (artifact id: '7988d85e057d071c2f24a8313e842ba4') in 0.0065598 seconds
Number of updated asset objects reloaded before import = 0Number of asset objects unloaded after import = 0

========================================================================
Received Import Request.
  Time since last request: 0.000144 seconds.
  path: Packages/com.unity.visualscripting/Runtime/VisualScripting.Flow/Framework/Events/Time/OnTimerElapsed.cs
  artifactKey: Guid(383636a6e24034076b7445729e8f5c39) Importer(2089858483,b0f066a214c2f5e87bad3c948f4d605d)
Start importing Packages/com.unity.visualscripting/Runtime/VisualScripting.Flow/Framework/Events/Time/OnTimerElapsed.cs using Guid(383636a6e24034076b7445729e8f5c39) Importer(2089858483,b0f066a214c2f5e87bad3c948f4d605d) (ScriptedImporter) -> (artifact id: '31a5758fded6313cc9897a954470160e') in 0.0058988 seconds
Number of updated asset objects reloaded before import = 0Number of asset objects unloaded after import = 0

========================================================================
Received Import Request.
  Time since last request: 0.000102 seconds.
  path: Packages/com.unity.visualscripting/Runtime/VisualScripting.Flow/Dependencies/NCalc/LogicalExpression.cs
  artifactKey: Guid(2d630dc61d2194bf28114c04393228bb) Importer(2089858483,b0f066a214c2f5e87bad3c948f4d605d)
Start importing Packages/com.unity.visualscripting/Runtime/VisualScripting.Flow/Dependencies/NCalc/LogicalExpression.cs using Guid(2d630dc61d2194bf28114c04393228bb) Importer(2089858483,b0f066a214c2f5e87bad3c948f4d605d) (ScriptedImporter) -> (artifact id: '4e24b2413935b67b96eb82a0a09b67b9') in 0.0058467 seconds
Number of updated asset objects reloaded before import = 0Number of asset objects unloaded after import = 0

========================================================================
Received Import Request.
  Time since last request: 0.000104 seconds.
  path: Packages/com.unity.visualscripting/Runtime/VisualScripting.Flow/Ports/IUnitPortCollection.cs
  artifactKey: Guid(5f18108287c734fc3a7fa414dc6ca3fa) Importer(2089858483,b0f066a214c2f5e87bad3c948f4d605d)
Start importing Packages/com.unity.visualscripting/Runtime/VisualScripting.Flow/Ports/IUnitPortCollection.cs using Guid(5f18108287c734fc3a7fa414dc6ca3fa) Importer(2089858483,b0f066a214c2f5e87bad3c948f4d605d) (ScriptedImporter) -> (artifact id: '4ddf9cfa5a68ce55255931c36d7929af') in 0.0077097 seconds
Number of updated asset objects reloaded before import = 0Number of asset objects unloaded after import = 0

========================================================================
Received Import Request.
  Time since last request: 0.000109 seconds.
  path: Packages/com.unity.visualscripting/Runtime/VisualScripting.Flow/Framework/Events/Application/OnApplicationLostFocus.cs
  artifactKey: Guid(0c820b13261c044f2b847e5f8f454400) Importer(2089858483,b0f066a214c2f5e87bad3c948f4d605d)
Start importing Packages/com.unity.visualscripting/Runtime/VisualScripting.Flow/Framework/Events/Application/OnApplicationLostFocus.cs using Guid(0c820b13261c044f2b847e5f8f454400) Importer(2089858483,b0f066a214c2f5e87bad3c948f4d605d) (ScriptedImporter) -> (artifact id: 'a04c58bdf9a4a62ba33a37c0b9ddb301') in 0.0062172 seconds
Number of updated asset objects reloaded before import = 0Number of asset objects unloaded after import = 0

========================================================================
Received Import Request.
  Time since last request: 0.000083 seconds.
  path: Packages/com.unity.visualscripting/Editor/VisualScripting.Core/Inspection/Unity/QuaternionInspector.cs
  artifactKey: Guid(880a7ce0f5a11478aa7d0601a21a77de) Importer(2089858483,b0f066a214c2f5e87bad3c948f4d605d)
Start importing Packages/com.unity.visualscripting/Editor/VisualScripting.Core/Inspection/Unity/QuaternionInspector.cs using Guid(880a7ce0f5a11478aa7d0601a21a77de) Importer(2089858483,b0f066a214c2f5e87bad3c948f4d605d) (ScriptedImporter) -> (artifact id: '95af45283faf46464306cecb545d8e38') in 0.0066362 seconds
Number of updated asset objects reloaded before import = 0Number of asset objects unloaded after import = 0

========================================================================
Received Import Request.
  Time since last request: 0.000072 seconds.
  path: Packages/com.unity.timeline/Editor/CustomEditors/MarkerTrackEditor.cs
  artifactKey: Guid(844873d1afe1c3142ab922324950e1dd) Importer(2089858483,b0f066a214c2f5e87bad3c948f4d605d)
Start importing Packages/com.unity.timeline/Editor/CustomEditors/MarkerTrackEditor.cs using Guid(844873d1afe1c3142ab922324950e1dd) Importer(2089858483,b0f066a214c2f5e87bad3c948f4d605d) (ScriptedImporter) -> (artifact id: 'efc5a818a8f5bd664d2a233c8698b5a4') in 0.0059098 seconds
Number of updated asset objects reloaded before import = 0Number of asset objects unloaded after import = 0

========================================================================
Received Import Request.
  Time since last request: 0.000076 seconds.
  path: Packages/com.unity.visualscripting/Editor/VisualScripting.Core/Inspection/Primitives/BoolInspector.cs
  artifactKey: Guid(e380bf94909cd4a31bf16f045cb2b50e) Importer(2089858483,b0f066a214c2f5e87bad3c948f4d605d)
Start importing Packages/com.unity.visualscripting/Editor/VisualScripting.Core/Inspection/Primitives/BoolInspector.cs using Guid(e380bf94909cd4a31bf16f045cb2b50e) Importer(2089858483,b0f066a214c2f5e87bad3c948f4d605d) (ScriptedImporter) -> (artifact id: 'ec3a6954d20fa3262adfcc551bd812ff') in 0.0056355 seconds
Number of updated asset objects reloaded before import = 0Number of asset objects unloaded after import = 0

========================================================================
Received Import Request.
  Time since last request: 0.000069 seconds.
  path: Packages/com.unity.visualscripting/Editor/VisualScripting.Core/Interface/Fonts/FontVariant.cs
  artifactKey: Guid(9fe0ffd0ac2564608915d1f24790b053) Importer(2089858483,b0f066a214c2f5e87bad3c948f4d605d)
Start importing Packages/com.unity.visualscripting/Editor/VisualScripting.Core/Interface/Fonts/FontVariant.cs using Guid(9fe0ffd0ac2564608915d1f24790b053) Importer(2089858483,b0f066a214c2f5e87bad3c948f4d605d) (ScriptedImporter) -> (artifact id: '49f2901178d3444d3c0dc2228360ccb5') in 0.0059085 seconds
Number of updated asset objects reloaded before import = 0Number of asset objects unloaded after import = 0

========================================================================
Received Import Request.
  Time since last request: 0.000069 seconds.
  path: Packages/com.unity.timeline/Runtime/AssetUpgrade/ClipUpgrade.cs
  artifactKey: Guid(6a4f0c91a28ece04198b200dd55145d0) Importer(2089858483,b0f066a214c2f5e87bad3c948f4d605d)
Start importing Packages/com.unity.timeline/Runtime/AssetUpgrade/ClipUpgrade.cs using Guid(6a4f0c91a28ece04198b200dd55145d0) Importer(2089858483,b0f066a214c2f5e87bad3c948f4d605d) (ScriptedImporter) -> (artifact id: 'aada8ce877c5f6a7794eca90a109f6c0') in 0.0067402 seconds
Number of updated asset objects reloaded before import = 0Number of asset objects unloaded after import = 0

========================================================================
Received Import Request.
  Time since last request: 0.000065 seconds.
  path: Packages/com.unity.ide.rider/ValidationExceptions.json
  artifactKey: Guid(b6029123aa4ab4e0481a4b3ad8a15af9) Importer(2089858483,b0f066a214c2f5e87bad3c948f4d605d)
Start importing Packages/com.unity.ide.rider/ValidationExceptions.json using Guid(b6029123aa4ab4e0481a4b3ad8a15af9) Importer(2089858483,b0f066a214c2f5e87bad3c948f4d605d) (ScriptedImporter) -> (artifact id: '2f407baa1cd5065f2581f9a01aa30a51') in 0.008581 seconds
Number of updated asset objects reloaded before import = 0Number of asset objects unloaded after import = 1

========================================================================
Received Import Request.
  Time since last request: 0.000112 seconds.
  path: Packages/com.unity.visualscripting/Runtime/VisualScripting.Flow/Framework/Events/Animation/BoltAnimationEvent.cs
  artifactKey: Guid(c7f8ec277ae294bb78e0034461acc14f) Importer(2089858483,b0f066a214c2f5e87bad3c948f4d605d)
Start importing Packages/com.unity.visualscripting/Runtime/VisualScripting.Flow/Framework/Events/Animation/BoltAnimationEvent.cs using Guid(c7f8ec277ae294bb78e0034461acc14f) Importer(2089858483,b0f066a214c2f5e87bad3c948f4d605d) (ScriptedImporter) -> (artifact id: '03fa66612fe64761d29a2a444871dd08') in 0.0072676 seconds
Number of updated asset objects reloaded before import = 0Number of asset objects unloaded after import = 0

========================================================================
Received Import Request.
  Time since last request: 0.000042 seconds.
  path: Packages/com.unity.visualscripting/Editor/VisualScripting.Core/Plugin/Acknowledgements/Acknowledgement_FatcowIcons.cs
  artifactKey: Guid(d9f59511dd131424499537df9e65325f) Importer(2089858483,b0f066a214c2f5e87bad3c948f4d605d)
Start importing Packages/com.unity.visualscripting/Editor/VisualScripting.Core/Plugin/Acknowledgements/Acknowledgement_FatcowIcons.cs using Guid(d9f59511dd131424499537df9e65325f) Importer(2089858483,b0f066a214c2f5e87bad3c948f4d605d) (ScriptedImporter) -> (artifact id: '2527d3d0a1a97a21947bcb900883db0a') in 0.0067171 seconds
Number of updated asset objects reloaded before import = 0Number of asset objects unloaded after import = 0

========================================================================
Received Import Request.
  Time since last request: 0.000082 seconds.
  path: Packages/com.unity.visualscripting/Runtime/VisualScripting.Flow/Connections/UnitConnection.cs
  artifactKey: Guid(1a8cc9b6e18b84c82a16ca1d5ae11643) Importer(2089858483,b0f066a214c2f5e87bad3c948f4d605d)
Start importing Packages/com.unity.visualscripting/Runtime/VisualScripting.Flow/Connections/UnitConnection.cs using Guid(1a8cc9b6e18b84c82a16ca1d5ae11643) Importer(2089858483,b0f066a214c2f5e87bad3c948f4d605d) (ScriptedImporter) -> (artifact id: '5902fb8742de3da315d94ff0a59ead11') in 0.0059001 seconds
Number of updated asset objects reloaded before import = 0Number of asset objects unloaded after import = 0

========================================================================
Received Import Request.
  Time since last request: 0.000078 seconds.
  path: Packages/com.unity.visualscripting/Runtime/VisualScripting.Flow/Framework/Control/ForEach.cs
  artifactKey: Guid(d0be416aee80140f1b4dc427896bc8c5) Importer(2089858483,b0f066a214c2f5e87bad3c948f4d605d)
Start importing Packages/com.unity.visualscripting/Runtime/VisualScripting.Flow/Framework/Control/ForEach.cs using Guid(d0be416aee80140f1b4dc427896bc8c5) Importer(2089858483,b0f066a214c2f5e87bad3c948f4d605d) (ScriptedImporter) -> (artifact id: '57625586110190e6b8aae9221685508d') in 0.007399 seconds
Number of updated asset objects reloaded before import = 0Number of asset objects unloaded after import = 0

========================================================================
Received Import Request.
  Time since last request: 0.000094 seconds.
  path: Packages/com.unity.timeline/Runtime/Playables/ActivationControlPlayable.cs
  artifactKey: Guid(d20e4e177b86a2843805dd3894f41b42) Importer(2089858483,b0f066a214c2f5e87bad3c948f4d605d)
Start importing Packages/com.unity.timeline/Runtime/Playables/ActivationControlPlayable.cs using Guid(d20e4e177b86a2843805dd3894f41b42) Importer(2089858483,b0f066a214c2f5e87bad3c948f4d605d) (ScriptedImporter) -> (artifact id: '7b60de35a76f09c1bc957b17c2c50b76') in 0.0064434 seconds
Number of updated asset objects reloaded before import = 0Number of asset objects unloaded after import = 0

========================================================================
Received Import Request.
  Time since last request: 0.000095 seconds.
  path: Packages/com.unity.timeline/Editor/StyleSheets/Images/DarkSkin/TimelinePingPong.png
  artifactKey: Guid(d3b5c4f7d6b94f64085b3713bffa680e) Importer(2089858483,b0f066a214c2f5e87bad3c948f4d605d)
Start importing Packages/com.unity.timeline/Editor/StyleSheets/Images/DarkSkin/TimelinePingPong.png using Guid(d3b5c4f7d6b94f64085b3713bffa680e) Importer(2089858483,b0f066a214c2f5e87bad3c948f4d605d) (ScriptedImporter) -> (artifact id: 'e00361811cd6f05e57b9d842fa6643ec') in 0.0129387 seconds
Number of updated asset objects reloaded before import = 0Number of asset objects unloaded after import = 1

========================================================================
Received Import Request.
  Time since last request: 0.000048 seconds.
  path: Packages/com.unity.visualscripting/Runtime/VisualScripting.Core/EditorBinding/Inspector/InspectorTextAreaAttribute.cs
  artifactKey: Guid(d728d1e1b7c1948a3a8493399aa1e900) Importer(2089858483,b0f066a214c2f5e87bad3c948f4d605d)
Start importing Packages/com.unity.visualscripting/Runtime/VisualScripting.Core/EditorBinding/Inspector/InspectorTextAreaAttribute.cs using Guid(d728d1e1b7c1948a3a8493399aa1e900) Importer(2089858483,b0f066a214c2f5e87bad3c948f4d605d) (ScriptedImporter) -> (artifact id: '03c59a8d3d49c28b98e4598a2e43b881') in 0.0064345 seconds
Number of updated asset objects reloaded before import = 0Number of asset objects unloaded after import = 0

========================================================================
Received Import Request.
  Time since last request: 0.000145 seconds.
  path: Packages/com.unity.visualscripting/Runtime/VisualScripting.Core/Dependencies/FullSerializer/fsPropertyAttribute.cs
  artifactKey: Guid(cc16d5867d48040258daa8a42ba36190) Importer(2089858483,b0f066a214c2f5e87bad3c948f4d605d)
Start importing Packages/com.unity.visualscripting/Runtime/VisualScripting.Core/Dependencies/FullSerializer/fsPropertyAttribute.cs using Guid(cc16d5867d48040258daa8a42ba36190) Importer(2089858483,b0f066a214c2f5e87bad3c948f4d605d) (ScriptedImporter) -> (artifact id: 'e0098204755b40f310250e030ca73479') in 0.0066362 seconds
Number of updated asset objects reloaded before import = 0Number of asset objects unloaded after import = 0

========================================================================
Received Import Request.
  Time since last request: 0.000084 seconds.
  path: Packages/com.unity.visualscripting/Editor/VisualScripting.Flow/Framework/Variables/Obsolete/VariableUnitDescriptor.cs
  artifactKey: Guid(6eda8a1d0c5d040ac8120fd38acc4191) Importer(2089858483,b0f066a214c2f5e87bad3c948f4d605d)
Start importing Packages/com.unity.visualscripting/Editor/VisualScripting.Flow/Framework/Variables/Obsolete/VariableUnitDescriptor.cs using Guid(6eda8a1d0c5d040ac8120fd38acc4191) Importer(2089858483,b0f066a214c2f5e87bad3c948f4d605d) (ScriptedImporter) -> (artifact id: '730081d180a54863a383b1cc7b34a578') in 0.0092143 seconds
Number of updated asset objects reloaded before import = 0Number of asset objects unloaded after import = 0

========================================================================
Received Import Request.
  Time since last request: 0.000115 seconds.
  path: Packages/com.unity.visualscripting/Runtime/VisualScripting.Core/Variables/VariablesSaver.cs
  artifactKey: Guid(559342c7f4b384dca87c44931ae7a8d4) Importer(2089858483,b0f066a214c2f5e87bad3c948f4d605d)
Start importing Packages/com.unity.visualscripting/Runtime/VisualScripting.Core/Variables/VariablesSaver.cs using Guid(559342c7f4b384dca87c44931ae7a8d4) Importer(2089858483,b0f066a214c2f5e87bad3c948f4d605d) (ScriptedImporter) -> (artifact id: '3b3fb4b9f4df2521c3e9d70a15abc8a8') in 0.0105864 seconds
Number of updated asset objects reloaded before import = 0Number of asset objects unloaded after import = 1

========================================================================
Received Import Request.
  Time since last request: 0.000019 seconds.
  path: Packages/com.unity.visualscripting/Runtime/VisualScripting.Core/Reflection/Optimization/StaticActionInvoker_1.cs
  artifactKey: Guid(066e7650f540d49cba91aaa2975fb430) Importer(2089858483,b0f066a214c2f5e87bad3c948f4d605d)
Start importing Packages/com.unity.visualscripting/Runtime/VisualScripting.Core/Reflection/Optimization/StaticActionInvoker_1.cs using Guid(066e7650f540d49cba91aaa2975fb430) Importer(2089858483,b0f066a214c2f5e87bad3c948f4d605d) (ScriptedImporter) -> (artifact id: '767fc63d583a7c3c67389af28b04feb6') in 0.0064182 seconds
Number of updated asset objects reloaded before import = 0Number of asset objects unloaded after import = 0

========================================================================
Received Import Request.
  Time since last request: 0.000101 seconds.
  path: Packages/com.unity.visualscripting/Runtime/VisualScripting.Flow/Framework/Events/Lifecycle/OnEnable.cs
  artifactKey: Guid(20201b41647ec4033b5afa3b7d6d8619) Importer(2089858483,b0f066a214c2f5e87bad3c948f4d605d)
Start importing Packages/com.unity.visualscripting/Runtime/VisualScripting.Flow/Framework/Events/Lifecycle/OnEnable.cs using Guid(20201b41647ec4033b5afa3b7d6d8619) Importer(2089858483,b0f066a214c2f5e87bad3c948f4d605d) (ScriptedImporter) -> (artifact id: 'f3e7bc988bf946fc061d2938ab04e452') in 0.0076641 seconds
Number of updated asset objects reloaded before import = 0Number of asset objects unloaded after import = 0

========================================================================
Received Import Request.
  Time since last request: 0.000078 seconds.
  path: Packages/com.unity.visualscripting/Runtime/VisualScripting.Core/Dependencies/FullSerializer/Converters/Unity/Bounds_DirectConverter.cs
  artifactKey: Guid(6c8baf67a14784077be24b77996cc717) Importer(2089858483,b0f066a214c2f5e87bad3c948f4d605d)
Start importing Packages/com.unity.visualscripting/Runtime/VisualScripting.Core/Dependencies/FullSerializer/Converters/Unity/Bounds_DirectConverter.cs using Guid(6c8baf67a14784077be24b77996cc717) Importer(2089858483,b0f066a214c2f5e87bad3c948f4d605d) (ScriptedImporter) -> (artifact id: 'adb6802d84da12017f7d6744a57c36ab') in 0.006993 seconds
Number of updated asset objects reloaded before import = 0Number of asset objects unloaded after import = 0

========================================================================
Received Import Request.
  Time since last request: 0.000074 seconds.
  path: Packages/com.unity.visualscripting/Runtime/VisualScripting.Core/Listeners/MonoBehaviour/UnityOnTransformChildrenChangedMListener.cs
  artifactKey: Guid(90b15a896e1b468b9e634bb9b49bcb9e) Importer(2089858483,b0f066a214c2f5e87bad3c948f4d605d)
Start importing Packages/com.unity.visualscripting/Runtime/VisualScripting.Core/Listeners/MonoBehaviour/UnityOnTransformChildrenChangedMListener.cs using Guid(90b15a896e1b468b9e634bb9b49bcb9e) Importer(2089858483,b0f066a214c2f5e87bad3c948f4d605d) (ScriptedImporter) -> (artifact id: 'c2a74c2419c787946a9707c049f403d9') in 0.0093213 seconds
Number of updated asset objects reloaded before import = 0Number of asset objects unloaded after import = 0

========================================================================
Received Import Request.
  Time since last request: 0.000128 seconds.
  path: Packages/com.unity.visualscripting/Runtime/VisualScripting.Flow/Framework/Math/Vector3/Vector3PerSecond.cs
  artifactKey: Guid(0949a6b19cebf4a8aad4cd2bb80207e0) Importer(2089858483,b0f066a214c2f5e87bad3c948f4d605d)
Start importing Packages/com.unity.visualscripting/Runtime/VisualScripting.Flow/Framework/Math/Vector3/Vector3PerSecond.cs using Guid(0949a6b19cebf4a8aad4cd2bb80207e0) Importer(2089858483,b0f066a214c2f5e87bad3c948f4d605d) (ScriptedImporter) -> (artifact id: '07f4f4b5c3ec65cb29948ecf5110c5bc') in 0.0067582 seconds
Number of updated asset objects reloaded before import = 0Number of asset objects unloaded after import = 0

========================================================================
Received Import Request.
  Time since last request: 0.000171 seconds.
  path: Packages/com.unity.visualscripting/Runtime/VisualScripting.Core/Variables/VariableDeclarations.cs
  artifactKey: Guid(836aceb6bf15047ffb768a3f1b73f56a) Importer(2089858483,b0f066a214c2f5e87bad3c948f4d605d)
Start importing Packages/com.unity.visualscripting/Runtime/VisualScripting.Core/Variables/VariableDeclarations.cs using Guid(836aceb6bf15047ffb768a3f1b73f56a) Importer(2089858483,b0f066a214c2f5e87bad3c948f4d605d) (ScriptedImporter) -> (artifact id: '7157c2bc02acc460b3d64687d430f7e8') in 0.0075151 seconds
Number of updated asset objects reloaded before import = 0Number of asset objects unloaded after import = 0

========================================================================
Received Import Request.
  Time since last request: 0.000091 seconds.
  path: Packages/com.unity.timeline/Editor/StyleSheets/Images/LightSkin/TimelinePlayRange.png
  artifactKey: Guid(70e3f118652b9094885689730ad3a47b) Importer(2089858483,b0f066a214c2f5e87bad3c948f4d605d)
Start importing Packages/com.unity.timeline/Editor/StyleSheets/Images/LightSkin/TimelinePlayRange.png using Guid(70e3f118652b9094885689730ad3a47b) Importer(2089858483,b0f066a214c2f5e87bad3c948f4d605d) (ScriptedImporter) -> (artifact id: '0845eae1c887e69b003ea8639001dc70') in 0.0148714 seconds
Number of updated asset objects reloaded before import = 0Number of asset objects unloaded after import = 1

========================================================================
Received Import Request.
  Time since last request: 0.000022 seconds.
  path: Packages/com.unity.visualscripting/Editor/VisualScripting.Core/Dependencies/ReorderableList/ElementAdderMenu/IElementAdderMenu.cs
  artifactKey: Guid(c6db431be018c40a6b21af88b6d9438f) Importer(2089858483,b0f066a214c2f5e87bad3c948f4d605d)
Start importing Packages/com.unity.visualscripting/Editor/VisualScripting.Core/Dependencies/ReorderableList/ElementAdderMenu/IElementAdderMenu.cs using Guid(c6db431be018c40a6b21af88b6d9438f) Importer(2089858483,b0f066a214c2f5e87bad3c948f4d605d) (ScriptedImporter) -> (artifact id: '0ae8cff9862ed2ef3813f7db56d16e6d') in 0.0070206 seconds
Number of updated asset objects reloaded before import = 0Number of asset objects unloaded after import = 0

========================================================================
Received Import Request.
  Time since last request: 0.000117 seconds.
  path: Packages/com.unity.timeline/Editor/Manipulators/Sequence/RectangleSelect.cs
  artifactKey: Guid(edd4f4b395430604d935bcf0b14c7d42) Importer(2089858483,b0f066a214c2f5e87bad3c948f4d605d)
Start importing Packages/com.unity.timeline/Editor/Manipulators/Sequence/RectangleSelect.cs using Guid(edd4f4b395430604d935bcf0b14c7d42) Importer(2089858483,b0f066a214c2f5e87bad3c948f4d605d) (ScriptedImporter) -> (artifact id: '609b6630dabe709ae5b9836d7e88e416') in 0.0084695 seconds
Number of updated asset objects reloaded before import = 0Number of asset objects unloaded after import = 0

========================================================================
Received Import Request.
  Time since last request: 0.000113 seconds.
  path: Packages/com.unity.visualscripting/Runtime/VisualScripting.Core/Reflection/Optimization/ReflectionInvoker.cs
  artifactKey: Guid(2c2871eb7ba4a40e8b067d1ea0cc7fb9) Importer(2089858483,b0f066a214c2f5e87bad3c948f4d605d)
Start importing Packages/com.unity.visualscripting/Runtime/VisualScripting.Core/Reflection/Optimization/ReflectionInvoker.cs using Guid(2c2871eb7ba4a40e8b067d1ea0cc7fb9) Importer(2089858483,b0f066a214c2f5e87bad3c948f4d605d) (ScriptedImporter) -> (artifact id: '5ae8cdbdb94792a64679b3e58228dd2f') in 0.0091133 seconds
Number of updated asset objects reloaded before import = 0Number of asset objects unloaded after import = 0

========================================================================
Received Import Request.
  Time since last request: 0.000075 seconds.
  path: Packages/com.unity.visualscripting/Runtime/VisualScripting.Flow/Framework/Control/TryCatch.cs
  artifactKey: Guid(76b0b46319dee4014a91956b9c12c7c3) Importer(2089858483,b0f066a214c2f5e87bad3c948f4d605d)
Start importing Packages/com.unity.visualscripting/Runtime/VisualScripting.Flow/Framework/Control/TryCatch.cs using Guid(76b0b46319dee4014a91956b9c12c7c3) Importer(2089858483,b0f066a214c2f5e87bad3c948f4d605d) (ScriptedImporter) -> (artifact id: 'f53521de385af8df2c1566716bb154c6') in 0.0080617 seconds
Number of updated asset objects reloaded before import = 0Number of asset objects unloaded after import = 0

========================================================================
Received Import Request.
  Time since last request: 0.000066 seconds.
  path: Packages/com.unity.visualscripting/Runtime/VisualScripting.Core/Listeners/MonoBehaviour/UnityOnTriggerExitMListener.cs
  artifactKey: Guid(9af27143956b4fc69a21afea18eb1a30) Importer(2089858483,b0f066a214c2f5e87bad3c948f4d605d)
Start importing Packages/com.unity.visualscripting/Runtime/VisualScripting.Core/Listeners/MonoBehaviour/UnityOnTriggerExitMListener.cs using Guid(9af27143956b4fc69a21afea18eb1a30) Importer(2089858483,b0f066a214c2f5e87bad3c948f4d605d) (ScriptedImporter) -> (artifact id: '7473317df6462af48e4cf84654c534b1') in 0.0082804 seconds
Number of updated asset objects reloaded before import = 0Number of asset objects unloaded after import = 0

========================================================================
Received Import Request.
  Time since last request: 0.000142 seconds.
  path: Packages/com.unity.visualscripting/Runtime/VisualScripting.Flow/Framework/Math/Vector3/Vector3Normalize.cs
  artifactKey: Guid(69b3064e843284997ad557b3308b2fbc) Importer(2089858483,b0f066a214c2f5e87bad3c948f4d605d)
Start importing Packages/com.unity.visualscripting/Runtime/VisualScripting.Flow/Framework/Math/Vector3/Vector3Normalize.cs using Guid(69b3064e843284997ad557b3308b2fbc) Importer(2089858483,b0f066a214c2f5e87bad3c948f4d605d) (ScriptedImporter) -> (artifact id: '869b4b7d9d5c34cac56bfa3d108b15b7') in 0.0076886 seconds
Number of updated asset objects reloaded before import = 0Number of asset objects unloaded after import = 0

========================================================================
Received Import Request.
  Time since last request: 0.000101 seconds.
  path: Packages/com.unity.visualscripting/Runtime/VisualScripting.Flow/Framework/Math/Scalar/ScalarSum.cs
  artifactKey: Guid(09aa72850f12b4933886240b826b65a2) Importer(2089858483,b0f066a214c2f5e87bad3c948f4d605d)
Start importing Packages/com.unity.visualscripting/Runtime/VisualScripting.Flow/Framework/Math/Scalar/ScalarSum.cs using Guid(09aa72850f12b4933886240b826b65a2) Importer(2089858483,b0f066a214c2f5e87bad3c948f4d605d) (ScriptedImporter) -> (artifact id: '028924fdd7a5abf550fed876463aa3df') in 0.006672 seconds
Number of updated asset objects reloaded before import = 0Number of asset objects unloaded after import = 0

========================================================================
Received Import Request.
  Time since last request: 0.000077 seconds.
  path: Packages/com.unity.timeline/Runtime/Utilities/IPropertyCollector.cs
  artifactKey: Guid(66b2b8fd1d9b4bc4c96b07335ad822f3) Importer(2089858483,b0f066a214c2f5e87bad3c948f4d605d)
Start importing Packages/com.unity.timeline/Runtime/Utilities/IPropertyCollector.cs using Guid(66b2b8fd1d9b4bc4c96b07335ad822f3) Importer(2089858483,b0f066a214c2f5e87bad3c948f4d605d) (ScriptedImporter) -> (artifact id: '524f4012d460ab3ecc37e45502aa5396') in 0.007722 seconds
Number of updated asset objects reloaded before import = 0Number of asset objects unloaded after import = 0

========================================================================
Received Import Request.
  Time since last request: 0.000096 seconds.
  path: Packages/com.unity.visualscripting/Runtime/VisualScripting.Core/Reflection/Operators/AmbiguousOperatorException.cs
  artifactKey: Guid(440712d4b1f8a4163805ea5af7bca155) Importer(2089858483,b0f066a214c2f5e87bad3c948f4d605d)
Start importing Packages/com.unity.visualscripting/Runtime/VisualScripting.Core/Reflection/Operators/AmbiguousOperatorException.cs using Guid(440712d4b1f8a4163805ea5af7bca155) Importer(2089858483,b0f066a214c2f5e87bad3c948f4d605d) (ScriptedImporter) -> (artifact id: 'c9494a1c9f260ec0c79e1c0a3d0a5c85') in 0.0070085 seconds
Number of updated asset objects reloaded before import = 0Number of asset objects unloaded after import = 0

========================================================================
Received Import Request.
  Time since last request: 0.000064 seconds.
  path: Packages/com.unity.visualscripting/Runtime/VisualScripting.Core/Reflection/Operators/GreaterThanHandler.cs
  artifactKey: Guid(0257df31bc561468aa180247d70ae0fe) Importer(2089858483,b0f066a214c2f5e87bad3c948f4d605d)
Start importing Packages/com.unity.visualscripting/Runtime/VisualScripting.Core/Reflection/Operators/GreaterThanHandler.cs using Guid(0257df31bc561468aa180247d70ae0fe) Importer(2089858483,b0f066a214c2f5e87bad3c948f4d605d) (ScriptedImporter) -> (artifact id: 'a536ac35450b36b87664ebbc87b88289') in 0.007053 seconds
Number of updated asset objects reloaded before import = 0Number of asset objects unloaded after import = 0

Editor requested this worker to shutdown with reason: Scaling down because of idle timeout
AssetImportWorker is now disconnected from the server
Process exiting
Exiting without the bug reporter. Application will terminate with return code 0